m0,m1,m10,m2,m3,m4,m5,m6,m7,m8,m9,m11,m12,m13
1.049640447728799,0.8427657732636783,0.6948922844347616,75.68253197517532,45.76240317977297,7.771837283533825,88.92592541155189,39.73579789024352,3.7296206468040047,53.21505269512778,10.287281250662893,0.7174814057585692,4.009389095777549,66.6363856667772
0.9276339083432206,0.874188449676615,0.7174566100142533,79.84398255530458,45.46585891616146,8.73813833252442,76.111595188149,35.97079791699523,3.8220238107231337,56.94500536946347,16.731401610079896,0.41210190552461723,4.421950921487998,66.8374792201813
0.8607596385360815,0.8875918339973506,0.6359479175340242,80.09008436022224,32.04356827369985,8.11587963285151,88.57372824944473,38.621000340370706,3.6496069736406636,54.02618938954857,19.443012689658566,0.5672204944122536,2.7111977856918656,103.53141152135441
0.824801871856806,0.9566306297202057,0.6754043150002975,82.36315172921702,46.69909808298563,8.904008362517725,83.83137971074137,45.7178538201416,2.917250692711469,61.1041804694612,18.020739895215772,0.5958339976618665,3.264081463643077,82.13966355896952
0.8860012270641716,0.9166965937360128,0.5321388400706644,73.16570818359587,57.328290818217454,9.571699378577623,88.5372885543219,50.22285324024411,3.453373270241672,71.97178531461913,19.337910099429152,0.6015908658399631,3.881457173201417,107.20976376268214
0.840291851257328,0.8599355529270033,0.7314023335516259,82.96283636923665,37.25767880923205,11.674308972662768,88.88465846177414,44.56389864690859,3.1532877275249254,52.28957842858795,14.15244187520703,0.6180496056078081,3.2906679722525003,62.54555300619248
1.060616008244751,0.9145810886825292,0.7652745495974101,66.47804184198613,60.484826510505926,9.357681922588595,93.03957530559579,40.813785667774155,3.439218268124578,70.00820497768414,13.133524127297418,0.6610439819809493,3.34752658302468,68.72550104667779
0.9566705485845282,0.8535808803318491,0.657458774039313,76.85057723818095,54.87774821084338,6.828748586460815,91.76726823810601,51.98409416243542,3.7940012708401682,52.183279276531124,12.052394591072805,0.5964592560954649,3.72010986953885,50.01811352085029
0.9198749564231041,0.9324807316166123,0.7958933059490166,77.55863078774227,42.657666780289624,12.28013569299032,91.73285831305148,37.49730821558782,3.5915452507624916,51.523727875031156,14.776414133545618,0.5631941717856319,4.519665065316938,57.85649796865641
0.763119521752792,0.8858662604454637,0.7845368942008538,83.16663413035619,48.584703626621526,8.32581973276992,92.2183515958312,48.247354706935255,3.8444272599192297,68.18594618343214,14.685636816124722,0.5592410655340304,3.7258257784974846,98.5286972299375
0.960535694420152,0.8971909143378249,0.5793779371681405,80.11315426338435,65.98321807641034,9.882559145790742,86.45689492407973,37.69549761318977,3.6025261762140617,69.21936378007616,15.826710514156465,0.5388484197961645,4.862740955578357,62.16948565237365
0.7923815604182394,0.9397738994262658,0.6218229122479385,72.97218473071857,57.33547813505866,10.893073013881423,85.1609254351842,43.448183664087146,3.110502218099329,68.51409936762654,14.482810171857968,0.6787543324326866,3.201793773872516,98.78921950216689
1.1306461126190726,0.8613850929424726,0.7057472931760383,75.07503437091492,50.08783654898148,10.399220836805565,89.36408541589168,39.09149948167639,2.7437458980281795,46.84202591781859,14.465489081092915,0.5353471520523485,2.998462191621238,51.34956608980164
0.5435594077139411,0.8580864544466102,0.5418995418175988,80.99340004773704,47.623166830390154,12.188359095042951,88.66040475716511,39.55318253877751,3.544642628503877,55.340490219279495,11.893223788111424,0.6846771109008244,5.541076324576907,54.19796448890085
0.9224011438737447,0.8824920202096199,0.8135477701616111,79.60466329067722,50.76609070451659,10.958006286785517,83.4546688163087,36.980907860302324,3.4358220600946505,68.22988592003321,18.766476054205963,0.601899908225987,3.473633497867591,64.88153168464868
0.7847036151801194,0.9311513655305795,0.6767932899177496,77.10437945182127,44.88236442057696,8.277380840605783,87.02411704404135,50.758832249445554,3.2069162781854352,60.415418405638945,15.306072248974845,0.547874519314387,2.951270394342272,69.04375117481233
0.6212608098310789,0.8544196177356947,0.6288637183267087,77.5958310524401,28.952504942809853,14.357124347983323,84.82451766607703,34.13659169513172,2.989811825104587,49.26307153802536,14.302224262858871,0.6618407215744134,2.6063568465825355,83.84630938675194
0.7525569114994738,0.815035332056683,0.48775299143419315,83.48083998579645,70.42177910534731,10.388666926676466,80.73033545769972,34.078141979610336,3.2795770359581873,64.58317939125442,12.010282987003182,0.5272546075276882,4.860082763047151,76.76155625779398
0.6793059777291552,0.88646523424773,0.7333682974532114,77.41153713565393,51.553249991994015,9.705319546756987,91.45230370688175,56.96794852676088,3.441652554540567,52.851927410085295,9.672347558435657,0.6638184040728212,3.7269563882719527,63.755271139839586
0.7506405958534641,0.9165522239973276,0.5637343094780187,79.55954377985464,53.981472651225374,11.927850846111141,85.27599621265044,47.82278051723465,3.699763347111917,77.94524848392211,20.231856770197375,0.6212726121191785,3.797032211946881,68.0002629022284
0.9956772247190493,0.9360078524921649,0.7549125692063952,90.84968294040272,49.42092250123091,10.498901891860145,95.24354128849426,20.91909041045571,3.556589324470394,75.44841462418259,17.21855483252723,0.5403675310908079,3.8726386307306884,65.2140562032295
0.6958828953702904,0.886105159137438,0.7017084176383918,72.88158681558039,42.64883199275412,10.798456385878655,76.87253864900083,35.477930086316775,3.9824201741518186,66.04097426355567,8.504328629720131,0.6528634815334559,4.810354307735825,56.280193970114055
0.8017490675358865,0.88765720178652,0.8365031264678366,70.74078634212671,48.140755190512294,14.984367997201375,82.21610613578316,25.504085299503565,3.1893187831863816,73.61006704769774,18.052569202838626,0.6546589725688639,3.8563761328192636,56.68055595097567
1.007360698894703,0.9346170220276724,0.6209581348117645,83.91794832399303,34.006052378056886,9.449757143489906,85.16319418345435,32.39447445267796,3.76431766761723,60.64791350123381,18.689924680932435,0.7157519605809958,5.875243023066101,85.41825837150114
1.015580857553092,0.8439077490091375,0.45194399880619046,76.60678469352948,72.77086498053305,9.364478211965208,90.68690548814457,14.891882670127682,3.5141896229386185,67.65437494375016,15.497504489203719,0.6966147012409296,4.107008459243383,42.5775260810929
0.8743223576278942,0.8883443767445097,0.736965543882343,78.4088123612869,37.654880015776044,10.233157024024928,86.99734686301093,38.90408337844846,3.7084007372355754,74.77720295302075,21.392443583007037,0.6491274020726283,4.849427813566657,94.26038046167582
0.7136210355314458,0.9057127166977518,0.8584563770339468,76.09421810934442,39.68033716152821,12.143031871162076,86.55236377090375,30.86446544670951,3.369045541020337,62.45498681794313,15.866878568491533,0.48724090487912364,4.644191886323526,64.85508661596651
0.8480605404753929,0.9134765616385511,0.8359097704127919,78.70099929616244,45.597407956135996,6.986931939619202,79.36368103722927,40.479242054371504,3.821504112167177,57.44812828485716,9.33270588820324,0.8448586988174057,3.9708421437935697,58.412370904117594
0.8439766007160582,0.8847057992042735,0.7319600917064771,87.9926905604817,62.88075724852378,6.0688882170469896,79.21529301385264,26.9990299289398,3.588567427503573,42.953780418228845,16.460676004193285,0.45963837889281894,3.5304232111836296,81.09638936045904
0.623245615236777,0.9010332303511752,0.6066477852459895,84.0106422930906,50.14508999262654,8.825769458759705,86.61252330144953,40.66329482537632,3.2961665045246753,59.16866474278506,15.979589206850918,0.6949263174282309,4.265571142853243,92.27824876220676
0.7132569904081465,0.8253501793976104,0.7590265072657677,84.31111755943489,37.63864203969538,6.732154081881426,78.1794700309082,36.68066977503738,3.4963927913260435,68.23423184562311,12.586812604887381,0.6431283816886298,4.408078984965819,86.76448662405936
0.6978946436790767,0.8802525476299846,0.5771190409493223,72.91886472103677,62.543383607573396,9.150337304948723,82.34061124855336,52.01562372150877,3.42813324231887,69.4563342756763,17.2942353475097,0.4825857627518885,3.5419311614987783,77.52778074039836
0.8588036904117572,0.913605261376634,0.7623366995385612,74.24423131723566,57.31000626785482,11.004999392258581,87.50458664542928,51.290854893965,3.646753505191338,65.0436506571841,8.329338935236553,0.5875699061121501,4.133071092760525,86.30295234582753
0.8124625166389392,0.8705311789723597,0.7536626450763975,65.80460670257287,55.384349572164524,8.218502272895472,80.08837863861612,46.282764824082264,3.1460669751876473,54.5870090503776,18.962267309771157,0.5921247113755359,4.988963982607677,44.252536342842006
0.793325623623349,0.901769526647688,0.8043523966557252,75.95309589458623,57.157342411708406,7.146346846437315,93.02677981180904,37.3870897547103,3.4911944893652915,40.23178431052409,11.48751318557819,0.7305582715810524,5.655958191255743,62.17254187767777
0.9384305224958231,0.913406175024081,1.0105736345150635,84.78351593192829,73.9436190058245,10.138674323430696,91.11968172118945,55.883043162082345,3.618592175794799,55.04784901995265,11.060215499531871,0.5286689099719788,4.6834954562795374,56.33244909962733
0.6328442381500293,0.8897235239742671,0.6974526562553841,82.58473257874185,71.85094895036113,11.72508696923034,77.1429000083085,27.575717777281433,3.50990699215791,56.956551289460485,14.544700910770093,0.5738054993575645,5.490207749104226,88.36958096822762
0.423570158058145,0.9051139131298972,0.5549961769437863,78.89243368523938,43.13284656996704,6.610053122966775,80.33814378409006,28.771530963490697,3.9040823733166987,56.87071032809986,16.73189171217454,0.36639303949787366,3.496500631034835,64.2478297161417
0.7274128888721214,0.8711180230414617,0.6792957909988309,79.88849858140973,66.23884992811152,11.640464796611969,73.57111377752526,39.329735200887484,3.7322068322213156,66.18556356977925,15.65569625437372,0.7734762793123577,4.561505801647435,82.68109835173084
0.9728136442613531,0.8938016616091187,0.5662958205764265,76.55557228712297,53.831681897589,11.634612407476652,81.08704318725934,58.03230487136895,3.497755760977776,79.85676411014839,12.029363336910487,0.49295317569799285,5.070815606865018,78.03785413732957
1.1116664801183131,0.9183064850876766,0.7084453069206724,81.02379441200893,54.99095816137749,11.908170204313256,88.831942382862,38.3812887450393,3.5650067292493017,61.23529201841093,12.975642835232446,0.6326910864239175,3.2829333336224034,57.06539595754478
0.7448768230648567,0.904709188829053,0.6452909619549038,83.82939139740307,33.07729168356671,12.436960429743372,82.93052528862572,38.53403805432575,3.5886996654446,57.832682108435385,10.467830610490152,0.5898592170278136,3.611527910363993,61.19562685035574
0.9525502624236352,0.882404061913082,0.6857287258124496,71.92056606294764,48.29614234611804,14.404027849319231,87.30398621807984,28.464717151105525,3.6209898812500474,57.407781869959074,14.10128039348052,0.5901999033216659,5.3903238094682004,89.40726536222088
0.7701354339277509,0.9067264921287238,0.7077693456853099,81.49823843918674,41.87176409663435,9.28781590276189,77.38832840859128,47.56743668216303,2.9523026013006177,61.24384766907714,19.30008485804364,0.6809861984870875,3.219920915370448,58.3677602697338
0.6558241457794829,0.9214382937190986,0.5817140432066505,84.66217435477334,58.28058814893309,10.219143160155717,88.98987627290953,47.62541003463483,3.4095421112691957,51.71706239651601,14.982948249424496,0.7671262460303634,2.9270959738754314,71.87301415293219
0.8749614539514242,0.8385017616426756,0.8308434302203033,77.92449855518315,60.710805004028046,9.16712313350395,82.22445386035825,46.31260161119928,3.054668279541972,61.20198558746055,18.43765701903781,0.6251493669941992,5.2223852589116095,58.26188070510332
0.86099733008523,0.9347722219486769,0.7152700390131272,83.50350306060292,29.255136489836886,10.003953689511622,85.06084841141453,34.966234617221104,3.883484284237846,64.50812336331799,20.82160535090477,0.6655078017630526,4.957410579984351,65.2907171962621
0.6481109545498759,0.8899123578395679,0.6610977065236076,94.07327222236276,49.7796513599573,13.065746711272624,84.53562749303474,34.346345853015954,3.4817451439991216,62.09686063574488,12.647925923852132,0.632889153672704,4.345696195187015,69.30757084045042
1.0489705156243614,0.9127646979972069,0.7294531572547986,79.47828603506554,61.21861504794252,7.309971032138662,78.64225739553858,29.655021996760237,3.441997715096113,64.57541934004782,14.253706987778541,0.7017531423930626,3.963431396283338,58.25700234553763
0.8659704906930991,0.9359174077093568,0.7320116910591726,81.96653525002662,48.13321037686555,8.27790065566885,79.23457834130109,40.67098001408747,3.7690391996099706,64.33747609348535,23.684771444249982,0.5537083620513673,3.6491803955160145,55.593295690241774
0.7320923123251543,0.8588497890830861,0.7655329045480521,76.30971458169304,57.29063645002364,12.754361873009122,89.83897234501713,31.35674136577199,3.6266974392349622,42.28103317753556,20.77737364791978,0.7075390554416414,4.225559099047241,74.29410005166163
0.828563947582306,0.8787167699271736,0.6204279653244864,80.90625581301025,53.511654676270844,12.040073013804179,86.99496078750848,30.58066795800569,3.1614096456862377,66.36870158395404,8.31038189675059,0.7110499865647384,5.26384556592124,57.328938868132354
0.8199507679179342,0.8913435391237289,0.6391760430719579,82.30135812491152,53.41660231952626,9.273736706365844,90.25024520776714,36.61047426471459,3.4787283912417895,53.28985154337546,16.548593264243625,0.708253700868291,4.190852900913661,57.84013666451991
0.8880351679808556,0.8764873943662672,0.6916361891175473,80.9742117013507,47.286850219317024,11.70880400224144,86.6232911775126,36.08675059852627,3.3994499080320844,49.04160836996042,15.002239969358781,0.5339852132663524,5.733567413797573,55.91420284447044
0.7999341887228631,0.9520480972751043,0.5653964548333943,74.90152340145572,37.834191958642904,10.682431684984067,85.71495317404609,35.69617176942436,2.976640133418184,48.95548172145004,18.305812443435048,0.5831662365762809,3.2816464114878157,68.83137930503023
0.7737589043385882,0.8742968371851962,0.6115139401124972,81.03180885662725,38.784698525749725,13.000549218001975,76.36994690666617,43.731556774722094,3.2929171300288385,64.3354161047253,12.02008493005978,0.6239466988780434,3.9842553965373844,84.15552451599761
0.7290294874934722,0.883333596615394,0.634635284518902,87.31097969358818,57.09352514455317,10.149019187653545,83.64816651619415,40.63238241720224,3.4449379033950605,57.77425072775147,11.641566511837311,0.4629157955170994,3.7015530658688673,92.597929544684
0.9511723628208075,0.9061316709480893,0.8252320087764747,82.24317882257263,50.19458255518883,12.051264227745165,84.86307839798128,37.69475175591106,3.4655147205524472,43.18031216014589,12.295717138825562,0.7594920208086015,3.1318867654701337,59.11122871009332
0.90804109770145,0.8639355142177174,0.7532664073255549,84.8099359453592,48.614877553927755,15.28402382098524,94.76553599136287,41.46410342649185,3.0553305728968074,64.78037815192283,12.712285815206268,0.5987723466497824,3.8775330135922754,102.25466189996817
0.8224514603568729,0.8881295786473121,0.7249718562259726,78.81494014993686,45.76109957677647,11.196198310094932,88.43478316049338,32.06778367116294,3.8454996749142425,45.603918692011725,18.261296667236056,0.6283927887604721,4.333863441328352,54.92942708939806
0.8774208675696286,0.9095235978375052,0.8044450131092044,83.74950119711855,46.94811154519248,10.098656331589687,92.68030590854764,40.84222899127742,3.4693690823325682,61.398213585182106,10.27519530740448,0.5422995560272796,4.419384143961624,86.25322784991805
0.35786588877238334,0.8900141878685247,0.5757292933531561,81.39633919108263,60.46911794488139,11.444893970441958,87.98768852947364,41.20481994275707,3.511265922998169,62.38498925673054,12.509544400162724,0.4673122440632977,5.736361743155645,59.17455318976836
0.8838080571353333,0.8971983942330016,0.7599984992767223,75.24544635156384,46.647559181319735,9.26943828359223,81.4434838652526,27.975625125140155,3.620192491501951,68.85577081695045,7.843950437994235,0.5395970114525229,4.371573975778848,56.93615095194984
0.4433464032568315,0.8841200366265489,0.6005144255209582,81.59260502399437,36.58935286698431,14.775935411049463,85.58562108074926,47.965550034962895,3.263577123828899,77.81684786466852,19.028471293649492,0.6219204187633588,4.9201094429436925,58.82865764823417
0.8106359245810661,0.854565890724577,0.7291952160852294,75.04151668279845,57.43651775540173,10.360142075391963,86.18111823132116,32.94853035818404,3.636906791939809,46.35323674099458,20.08412039772456,0.6673428812753693,4.05287539703918,69.21328450526322
0.7405487180917444,0.9096477963401772,0.6268613137617779,76.83559862557604,47.95123336135283,9.454133359548974,80.30422215114659,40.72247839365148,3.389877606194545,59.475261439369504,13.691706276544855,0.616179154060272,5.342444480362076,78.69958256550416
0.6000369689154375,0.9526479921494173,0.4061275264012164,80.94664153646187,50.31395865532777,8.328621989959927,83.0780631170354,49.31529392428216,3.2310243378058425,57.236647049557824,13.808202540747107,0.634672401624195,5.918759428470455,80.04802056857233
1.05440664993814,0.9005520489235032,0.7501737462659046,81.48622136690062,66.0757830639951,12.194440383212877,83.97116503161413,47.40541406171096,3.6720342480066197,64.33749685960962,16.81288760913159,0.5662973625318624,4.42486810478076,55.84022476978168
0.7587757018070271,0.9067579235174265,0.8319687390617508,74.05383767461436,49.794394426494925,11.734374825655477,93.02809916282558,40.27466710855068,3.9475021576405425,62.15668770933618,20.89792802951302,0.6496248566245428,3.205872787638735,55.155110687330975
0.8003660018911976,0.9207816826535058,0.7927130406969587,85.26992885591439,52.891836731187254,9.005291257171814,74.5962973730451,37.10000797694345,3.7174488120457494,56.4745375726338,16.634442990255668,0.7482832866385907,3.5609559817782652,56.250419599546795
0.8218735616087955,0.8619200851035991,0.802008138861316,82.86003139150236,38.210765087016746,11.152902690244845,91.02909210358021,47.58009526860454,3.7768932695421293,55.590978113891445,12.209832230099542,0.6704789442438986,4.22554744256413,68.32968396421734
0.9945990494007458,0.9510754397438882,0.8722628345308082,76.47635782194558,47.8033054764904,6.982888063574287,80.31602382520309,45.397559822468956,3.34381081803131,48.83549144815952,8.52470971205424,0.680954188825294,4.365198428200516,66.84766593713688
0.8086572005302423,0.9060698638926841,0.7110300592287043,72.31207601775412,56.09526045208601,10.369941150146312,78.13960406365193,35.05307983964696,3.020714081249463,69.8786158240651,10.53949494934605,0.6294016399306631,4.558740107507497,55.74736806895308
0.7327226588368351,0.9489557069726733,0.7029122354497683,79.27547710459284,34.446262661587575,10.90551270415339,90.89971065019232,33.640850823986476,3.9470412566299524,64.59204181599529,15.29287780124986,0.44968449304003977,4.368158144984033,74.04405541094866
0.7398604145898915,0.8780090101342803,0.6231999141040379,77.7702814306942,52.00845093115709,13.414659619118446,88.6594903461719,23.421158546432014,4.116354466821428,69.17768197795138,12.378689907196822,0.4955333469368757,4.005587933004751,103.93853212502978
0.7916887128758211,0.9545418576767347,0.6663148926162503,80.56570228526512,51.00791072644806,8.458362394542622,91.27259351190595,41.2322547334687,3.9628420321309044,56.896038635244864,15.779870823963034,0.6454875800663843,3.491041247038297,62.42926807247273
0.5734764806600912,0.9232546648210436,0.704946235142137,78.18441669422216,50.412874555874396,7.443294742395351,89.00350973772788,39.33841803985281,3.399264218306075,53.4316453130557,12.788303935055064,0.5989060948039914,4.320910609011383,63.497322681947
0.7118621378178438,0.9165912025755708,0.7983539781713426,69.96271569627496,60.37158898658243,8.209144078149917,95.29922500868702,49.089530997140336,3.153609698381347,49.21684933370772,10.767414274822354,0.6439842886472827,5.483989885984525,78.39492355486553
1.0324548307179868,0.9070207336305944,0.7441690801113967,78.05826530849421,53.344385148485216,7.32686299937016,87.79361918472243,42.87244074784293,3.18029519065413,63.58917583740659,10.291873474187716,0.7676423417844074,4.815942884342204,61.61775562394808
0.7685277481489525,0.8925441414577665,0.6471130105520969,78.47190444465843,64.78071898356444,12.673314715517966,84.21761311938421,50.67383355338153,2.9948802297157853,49.60206775471765,21.24941803749292,0.6726035999229334,4.427763159708959,80.03446722577273
0.7301284288118202,0.9360159497542162,0.6825849030886149,83.1683051238703,40.06410484405964,13.097278590048074,86.71463188660671,34.421086176670634,3.4677864144769863,78.4866306896655,18.555950996734573,0.7258886205742822,4.823653539058201,59.22185939831439
0.7761803500731754,0.9042107960954414,0.7541657624112054,76.50900162694475,51.35924567218348,10.640433155897657,91.21734564172982,49.105202647740946,3.9817033874247363,46.9235741890656,21.922071807311834,0.609468138947073,3.703148776879318,97.48179411365952
0.869986265896714,0.8409879088923855,0.5731110848608243,88.39337336686283,50.844667863899474,12.442589891370297,81.10312337369942,35.76866896716276,3.457501210438327,62.73660119212502,17.15980360302041,0.519278432251556,3.5933878831333437,75.17162458888441
1.0700505800722344,0.86648440614879,0.5378945497043348,70.44179724674122,39.3074550624492,10.267916761160471,81.74055708734309,46.220768494338174,3.5906968701044826,75.66854707213787,13.280034365540644,0.5942133840785658,3.401771916507214,60.69965576384933
0.7926108296032781,0.8944246274342176,0.6430990224516613,86.55583748901313,59.56295002091346,9.809776704598468,83.45519992701047,28.32993285975445,3.9126790892912626,65.99089759263809,20.29336368995975,0.5195248186280862,3.89977070178445,61.16962450796089
0.8243656835918977,0.9092999694949667,0.5840201783065585,78.87840514560948,73.24673305852818,9.333924761892476,74.47708600617334,41.88108239492951,3.37877140645028,61.75673712491779,14.86772799455293,0.7558294956772448,3.662395282632736,62.29300370937948
1.0277746875209424,0.8983023453330031,0.7061296521155045,84.29792436171778,49.82993925516169,9.379218017244868,85.69039204208774,24.122496468432722,4.110659437015879,50.31516353038104,15.88336708116141,0.6790391076535469,4.966619792521712,90.5912449937331
0.8621184626267518,0.93656912369381,0.7007515837749407,80.39900742029367,55.05021088273767,6.904396887381937,75.56935648024486,37.862900112465965,4.097628322249236,46.182308114322964,14.828702483697924,0.6520512496628279,3.6197412658542487,50.96873488598075
0.7187628618255314,0.8414669440788413,0.6343658745540814,85.69777768012734,50.84518475815327,10.528509527214679,85.26529656466309,43.522831951023306,3.4606665983958553,67.70050108917586,3.212383122863942,0.7235943202228103,3.3578226270200666,59.98087494310743
0.8116089172863218,0.9043076380951548,0.848148982768655,78.06319017723594,42.864153300928244,9.919332179571912,89.32644878067624,35.83225159015123,3.326739720794236,75.06147240774946,21.41894004917941,0.3979943585476774,5.554061743064505,61.57509164611861
0.7970260150357337,0.8454606232383853,0.7319309802191655,74.50689787411093,31.792397221979837,11.490721448155751,82.61561769678082,31.59649896995226,3.709171413917094,55.61150009521828,16.964015783831012,0.658813795134266,3.638899815134925,69.76468049864593
0.8719082637661549,0.9227913688645251,0.7480245019026216,87.10252143635532,42.94226516904635,10.18704699287722,93.38557935093435,46.76894775436747,3.3957425172443427,48.60938492383649,16.31929224347404,0.4689354215695627,4.122822765800281,65.93335461029808
0.8529801840353588,0.8971662385667399,0.7754657604131799,79.4325967705893,36.08041619048269,9.674592596861816,77.69749550290756,39.17229768122461,3.153033434879799,35.41830569450981,14.752895750917757,0.5992744301534338,4.36105825979473,47.63158252914306
0.7815789111432735,0.9125882991607236,0.5815114160077415,81.10779236812105,67.04102078059118,8.257613939984738,90.95630340815916,36.08343482375463,3.8843715960568943,50.19235156337462,15.653711281544524,0.5688292407532786,3.090645504863348,64.00265974606799
0.8785273593317643,0.8740835111823071,0.8235430185749679,86.17375957022398,48.84890306076761,10.144306473643523,88.37568528203461,40.33516736923421,3.864934216183124,58.8634315750096,12.610884256615009,0.6661736612096948,4.988387015602456,68.50673975222547
0.6708113171331431,0.9383839479497326,0.6601264006297398,74.84022378952783,46.54080670952829,11.476474461632325,76.41983375844656,61.09335313556471,3.546653481129068,75.99123240836734,17.466317409229084,0.6228187288960956,4.509695232328982,60.57853247380325
0.8354849007125797,0.9312517399217656,0.7759192869022662,82.97745448819629,58.89153824787806,7.7133220178322786,98.55397149520266,49.228022798252354,3.1211405738815468,66.73133692232969,9.771606622403471,0.7345117173611788,5.246707209504626,80.30163233571497
0.521154319094575,0.9175063290903567,0.5231028564696282,77.05052621768554,38.78248897144112,10.174947507361479,84.68127357248017,49.30058934550272,3.1311421246347844,63.05085404706753,15.744273729882188,0.5398102839067386,3.45662245022552,83.7911264313047
0.9378582277367691,0.8961144825940968,0.5790886803325859,79.33915322177815,42.331359619954476,10.466085903058968,80.61257988922185,43.48437055193891,3.532168786525746,55.99880338698869,17.24629388228442,0.6709114389633284,4.079300633980928,68.82419950405911
0.8332063007146872,0.9173957185588539,0.7900905409811746,80.36139482692144,50.68072269248621,8.563870432763471,77.96456402607991,41.33188218061718,3.3500386896484904,54.16834282744044,14.205323464708387,0.6162223216898832,4.031484603995357,73.45812380276094
0.8364718571149147,0.8787932229603795,0.7467589168884803,72.49889069276531,60.287689914234804,8.824287390183999,83.89990986170163,20.83134169335667,3.3976721203575178,74.05647597507964,16.483471169884098,0.4364709729928447,4.2111107954800175,37.58416003976094
0.33191006744971796,0.9256666697706214,0.49277236142667846,76.10581478589782,55.01685045168788,10.461221697532428,84.3629656380502,34.56815722829494,3.806588946518001,62.0073854075839,11.034662431063,0.5081383541476967,2.836308201138271,63.683458417572524
1.0858390443949677,0.9494844268297177,0.6844934529712725,86.7553644620657,52.48325142515882,7.7331579634147545,85.51322764269833,36.1554046943802,3.7199537952267674,38.97399308078978,11.136692916416143,0.5850121966477831,4.088669102953778,85.0723253763687
0.7148793742389945,0.9321183167993756,0.7912633220012255,84.43095594292397,50.78117735236016,10.699847430498785,83.5110192188802,25.000863487619736,3.913442804149284,53.264603521027574,15.946868484105572,0.7112292449891727,2.8588288708610037,63.648451252310835
0.9533245655773468,0.8781119259057777,0.619389952107604,79.68680211336383,54.002358555267755,8.2092912526816,88.16612655057547,30.74067367827653,3.202813032986823,51.417839682283734,17.714198618484208,0.6463723057557115,4.2866672569575375,58.941074854120586
0.6763381794763336,0.9108425195181931,0.8333518401946798,81.21561729256446,52.016529051292544,12.125707386066432,83.06185083668377,24.153308232618926,3.3970425293939863,54.537359908225355,7.500537377993156,0.48324991761192854,2.297080700385184,104.16533389046396
1.042810957856228,0.8612057536872406,0.6706406659992701,78.52878747181771,39.70027725223064,14.675655490776599,75.32517941379764,39.69340931442102,3.727694508638034,65.62910660285085,17.088082540443068,0.585968377195284,2.5187305325675307,97.28615785293708
0.6559538905504987,0.9171717093352703,0.7278276651984629,86.78291692913992,50.46079221633151,8.27848639659636,84.2531925217518,46.55012776679053,3.6344235023038673,58.925551182057504,12.827193998494652,0.801780644879303,4.654838973151999,77.01362368723235
0.7270386871534504,0.9135181023858762,0.6488978242134642,78.99823711102918,39.26311341082247,11.06841572474935,73.16261173313362,48.85419614899463,3.9597141147762867,59.23134592996338,14.22877565077035,0.6111223334840857,3.562529235844174,87.08365917220071
1.0811490298187245,0.8439055098140351,0.8306060005629153,81.15921046067425,50.81082542900824,8.54651619023596,86.76885315445695,43.31827569663393,3.6261610117712206,73.13473161325237,9.641928305739851,0.5672674424927604,3.2097135410942075,36.610968730628834
0.6178959426615747,0.8651464846826291,0.6000625854539744,85.73015072071033,45.19352058511758,12.08190834759558,80.10349884858682,32.292829270411445,4.054432731231666,53.03538910213312,11.593531039253168,0.649173964075622,5.0166764968604385,58.1867283905694
0.8304938209410211,0.891505833097687,0.6913441646280258,76.11314257577047,75.39381622782861,7.46948318182957,85.816801774579,24.543478731840324,3.6620053405169424,78.6419952588735,18.864501302121244,0.676339307958197,4.262100973862732,62.950631902402726
0.9353285763985953,0.8909742075857753,0.737924061639221,87.79394592248447,49.601056162482884,10.961173516855425,91.57037490762302,25.945050404787985,3.818650234276598,53.28692408628914,15.131453495920853,0.554383165251994,4.697672156427027,66.4602985169958
1.0714116521947137,0.8637156919374359,0.6676341674705312,72.34769295128312,35.95760433738411,8.254022066221294,80.25625652366,29.84813938196401,3.402945515964663,60.89198196612571,13.468886393161766,0.6502574774371437,3.867006342143336,62.650839685390565
0.8071739585890467,0.9116693618805656,0.7758759241892743,88.14821065556399,48.658197893230756,9.586030821803263,90.30628129256058,32.8891224157146,3.5042861635651965,57.18796404597233,14.53404658947586,0.5671110503329191,6.143702955120002,31.7496056272548
0.8788679377566229,0.9075442082682154,0.6683956277919972,78.13662208024013,55.19358745637888,7.9379494497053855,82.83305216656923,38.72201201606731,3.7732833211518426,61.23419133500961,16.956847298657205,0.6719327601829438,3.516388911552164,75.7903692806284
1.1577353962093218,0.8941719260406444,0.7665738575183286,78.7865062608736,66.73363946152523,11.644700941791507,93.76597401032792,31.886686254984255,3.9838934511779165,64.4459199507313,16.761977984653353,0.6169693157971283,5.39559643948791,78.1548119242091
0.6978629374353997,0.8773262549952492,0.5750307968979987,70.54994914408529,44.10547600061282,8.326039291120827,83.17423693400893,42.71180714934609,3.718771084793226,64.33835240088877,14.699891998412797,0.6481967827052892,3.95090716792007,94.02848187384973
0.9215906821684469,0.9314612137924969,0.47416430466258064,77.72602641311154,34.1757202597636,11.103928518663656,80.79753507246654,38.14181197760422,3.4750484684196143,52.4688266937942,19.371836443586673,0.5240816453832495,2.676391684069803,58.17536102837555
1.0177528020160838,0.9496622133926489,0.735335424244004,74.80096734486558,58.16837011430981,9.311803943475335,88.43619225197644,40.084365693928206,3.9132005088585027,48.77085322552429,18.881850547626666,0.5178713615927141,4.386278996598487,56.94755263330147
1.0291114457071413,0.8854931554846039,0.9985394035880769,76.96176827313263,36.19401294100349,9.771055256402274,82.82105135188182,49.12200442136964,2.8424064031160357,85.03171790905711,16.653488116521583,0.6945497304659395,4.251810049164131,29.800232710532967
0.905303549450478,0.8816349924853554,0.8047863161524219,79.3134451710556,45.63844558492515,10.295511814800257,80.79275242935496,30.55814612639704,3.073329649547938,55.160156603994466,15.218447131640282,0.5920603618614506,3.158942548608616,65.59649745113671
1.0080330781792657,0.9147362299623599,0.750082231571377,84.78895807236452,47.42379514489006,8.476350656682303,82.61080074648105,43.34963662633895,3.7044902671005167,66.99212438671987,17.629284380478158,0.6285034742099361,3.262224578292228,83.51667671593258
0.516401178067045,0.8892591186075904,0.6028112115959344,81.03801675700313,49.30366546699892,10.420734227081773,84.77696733908499,39.88821417219141,3.5042325068759372,43.923586894768036,16.257069687204734,0.569360457291348,3.9802418855320063,60.82348206710921
1.091963297349186,0.895818083980103,0.7752374136185012,81.53838326700557,56.89164457074335,13.060669128708822,91.71090065622427,37.33210975224244,3.6816540953372496,57.203872800953235,19.24320028722379,0.6898726774013644,4.279798252198385,102.15167227815472
0.8032846411119952,0.9221895945517402,0.7555330717955198,74.52240305577219,43.16365717713612,8.443810428334572,75.32956127270211,47.082050566927684,3.5193222567295828,58.72800616017557,18.59824550695323,0.5392190019970342,2.0234693736964795,66.15107746315715
0.7661524137754,0.8427193173747812,0.5734568219129655,75.59622955198635,47.262707478332395,12.34362028654769,85.1154032947521,47.032113236456055,3.6712837083811616,64.72815069927833,10.926984394329086,0.5864398760099117,4.8424971620190425,72.20488426432833
0.6415548041288747,0.9395490697455801,0.7718208704991059,88.99362509175656,49.857296470506114,12.996195266975569,88.12451797327022,32.42807363209258,3.255679153702043,32.77545859008061,10.656147317033174,0.6785992812703132,3.604401620948018,49.5534537912761
0.7983513572180625,0.9021804157298803,0.77112597084864,76.32399482618376,51.49597957518788,8.367690021943911,85.96724287495898,38.542715329136605,3.671145825823907,61.661406130783305,12.195001822383695,0.7172967699164265,2.934602012481459,74.3083051776292
0.8090363092162262,0.8876552056631346,0.7740776498748501,88.28104126028649,50.978271747079226,7.089890789818896,91.54932584716767,42.249693460672525,3.7983243584622755,48.50258544632107,18.904554760267686,0.5476240708973317,4.752853241161545,40.31020307720957
0.7241505078322504,0.8973229753733566,0.7248852008390353,78.78469400559567,54.3600577522258,10.60392180034353,84.62827335120738,37.81594601581932,3.86616518117937,63.24345711194924,8.694764012915018,0.7959683981955883,3.9811056164652348,80.40546932519717
0.8687731511197749,0.8988728806506155,0.7191549535493427,80.01143968071752,58.43839509641737,8.905184954466254,84.07724278907027,44.68017065830239,4.10406628839461,49.63670803161837,16.579029556431973,0.6313241693693616,4.972932621425803,80.86642264353118
0.9570723932607087,0.8480639608966523,0.8065542219118591,85.35182580114964,53.92634115650968,13.737206438326005,87.96164773506672,42.24953614328221,3.573229533050716,51.44517304074419,16.450172364371845,0.4957071738191262,4.350361810383804,90.38937136504765
0.9059175396779116,0.9448481468235971,0.7856607982936158,86.35946210969328,54.535855235092185,10.069615080999665,85.49656907475675,54.6604899228481,3.5821733260541535,57.26372389606732,19.65059223474477,0.6369052048589968,3.998788397641563,54.70046921848467
0.6898225659676984,0.9012397689681185,0.6370515703978222,79.44593719860457,34.17776833253522,8.395601183929642,83.04795630859765,27.7577669125617,3.0430482607478457,49.476705303968046,15.72135476265555,0.5617000785516542,3.877816044015875,72.40843177446129
1.0686078276446567,0.9132900639134213,0.7097917796214741,78.05878473239231,50.50227699165681,7.705680977976577,87.5807201979319,39.02051208202082,3.3405765796584723,55.24465553264645,9.627162437664397,0.6434068487183177,4.38617020844491,78.45724839079756
0.9157603099517971,0.9285464931172213,0.7391257070141479,79.72039775738894,54.79507548001609,12.179809918181661,81.73735853391678,32.73197990790247,3.4420753777980164,48.06624231456685,11.162580157407508,0.5957143752339662,3.6691749929525357,76.63422457495464
0.5900939064329972,0.8693651262731911,0.802425491757768,81.68978764116059,57.2894119457045,8.857632051831628,81.94411423990337,44.83285964351235,3.8150958656829066,41.66829548301273,10.272017912408701,0.6074273690190145,3.3179419290028003,57.02051087297723
0.9546913878670523,0.9142041569710568,0.6147621394013729,84.45651843434878,43.07649225766206,10.087657598920856,82.36002989117193,27.062624879635642,3.3166996627731113,70.1795705242936,12.848224134667438,0.5088406623413854,4.487927298123715,34.1202716566579
0.8067067660319184,0.8919707672730363,0.5549241649327357,80.02114929497075,43.40960725111355,11.91160549022496,91.76534580083204,42.77050168179909,3.7389020059246496,47.039513071760716,14.268393730304293,0.699006123071636,3.8844097268444564,75.20440445326722
0.7735622692643316,0.9254031232564949,0.7098666514397346,83.09443149011577,44.258993247164014,9.03148329613834,68.89491822007143,34.95961254921327,3.499513484910986,58.21319112392016,10.338233895115772,0.4843872632848968,4.026854118455205,67.7125048253512
1.1109274423393372,0.8361831773894551,0.7828206307704361,88.19179866135471,55.36413899891343,9.908142342519678,86.97799417381471,34.126705071031886,3.4468495654655715,67.52891081493784,20.882647962609155,0.4891235104595005,4.8715038689236865,61.499941105578394
0.6488930031802229,0.897027170992762,0.6795574172320965,81.90654806132392,60.33881054924208,9.96686318035496,85.1713590710011,28.4280143716745,3.574668190739977,53.85055897483957,9.698874512190237,0.6367360349147486,3.908898713811407,81.459180455732
0.8336071767033157,0.8819153803264812,0.732797113966679,81.55826428002389,45.92539892708398,11.366649023032183,76.59564770380939,36.27939243039195,3.3826530883241475,51.74834100254462,20.384413695449922,0.7602844247177969,4.012027140433433,69.3262069276835
0.7948298498972935,0.9129678885190247,0.6763872370108428,72.40544587454966,59.07962313627049,11.181488671020652,86.54863389568001,48.67600424232741,3.3712888255722,62.262380886674215,19.74065212575736,0.5647406902935592,3.5202803908392544,50.21207420848301
0.864882686879405,0.9141013256210461,0.8652070155800595,66.84634931585468,51.23479809164594,9.559772537490343,87.37875995915766,39.798490531764166,2.9885642282629656,71.17933822727151,18.59321019875614,0.6700972322703965,4.344591947185481,41.02821566355668
0.5366026800954732,0.8787712231553393,0.4740602721762167,81.94187864615084,48.757142228375635,10.127298122993036,87.948196156787,45.021443342995795,3.425613737801633,48.30684734913531,12.224933570012999,0.7073340176863545,4.279862330144071,53.06555102300252
0.4783558385641138,0.8786347840747187,0.5367392571630039,79.52587884359563,47.88615770182031,9.256441976953024,71.74085968477526,53.3171345757302,3.356009556155382,58.49852167982561,16.369803516707606,0.681468443729407,4.720620105432446,105.8951844215018
1.0809310847330975,0.8966800389432802,0.7599072951683696,77.4260866254263,57.46611364602157,7.044775186161111,91.8319470592722,42.11004467858061,3.345205703195276,42.67505405032672,9.890515465797527,0.5688791710826319,3.5366969303944993,80.8416516089916
0.6967145716109058,0.8731007331805438,0.5098597617873097,81.21765102093173,53.2557781678707,10.515201714796259,81.3113164765758,35.52960342350127,3.6250619187770123,56.0679899631781,18.643628140134997,0.4908953282805925,3.6337464243278514,72.82918512962517
0.671330575609224,0.9252595108635638,0.6502472034590989,79.69798135401545,72.75825427647638,13.784383521666136,88.43283873376588,43.73801772146232,3.697589585837153,60.34204684538076,14.704060873854925,0.3792452434328645,4.6337099193163755,67.27508609221293
0.5047073397192009,0.8889237839865767,0.7923238515026021,85.6389012531695,41.477753570026756,8.232561718617875,88.70536890341143,35.64563082948567,3.5696583513926985,51.453753582449345,13.362719141653258,0.5737159500537606,4.201770402690291,66.28910590078847
0.6497537601202954,0.8127903534203508,0.6645270888596699,80.4305543412949,55.181017020299755,8.453940580794594,80.61651457190354,35.96461853362264,3.7986245571348425,55.430081661747685,10.105020613374922,0.7178087368562175,3.275025499045844,87.50793975038643
0.6201168267617555,0.8887553383013458,0.6780992972623072,76.26538357464916,44.70798990188487,8.258544456712517,88.30229976175775,27.84085760304812,3.6726685777491097,45.917732316925495,5.089975525483933,0.4875834015238066,5.045243254187601,62.64106387144852
1.0697480718843497,0.8688436853746808,0.6414205414538294,84.95083119479645,41.30713013011356,11.449183557446245,83.0725337954382,47.41005992867514,3.4114831430583075,60.770786113814935,10.845836571856976,0.6700209847518765,2.641239545279799,78.6538061602644
0.8943244499592857,0.8510617255361717,0.6619449716858737,78.91434462526898,49.89132862965028,10.89697090839288,74.64311410330922,36.91197939480448,3.361143114285686,70.5569424888315,19.451192782451628,0.5049847469948128,4.627427802611002,64.77358074562609
0.8460394091149219,0.8628772008533229,0.6739902142463368,82.63268341836154,51.37352479407036,9.682924615167087,90.83870962763889,41.456785966526894,3.593846671030054,49.028561302295365,13.388666286100785,0.6106072576386838,2.9878303712014427,99.10234947752593
1.1757720044745894,0.9032822541549891,0.762171491443024,77.612946469036,79.18173555060093,8.16396187672207,81.1247751849188,31.712304571146884,3.6721301329705702,53.77328233447617,14.32268457153981,0.6707791614155018,5.508630813188422,81.13432761367456
0.8519605432725272,0.939859224847447,0.8411545153185087,76.75086557251282,48.15854184316798,10.184753583279848,80.72753268630973,43.48758103772378,3.9193532921094496,65.02546246454182,17.62221743315381,0.5340504563161572,2.7643202184755014,88.68335222025439
0.8037995811644131,0.9093955342159494,0.7567190013636158,80.42084115092848,38.69821270515317,6.870755745328392,82.98467065981639,33.90447009491933,3.8573519134820287,72.12090719322737,22.22267551246506,0.6170484680696914,4.921800521498199,61.23385337967642
0.34711460915077835,0.8818048983535278,0.47563285659399135,80.06414321771842,52.73010717494385,10.286853133714986,86.36118362663694,38.86633022638541,3.3375580980478494,45.068101877910685,20.300018619782556,0.5584908663274671,3.934692511991005,85.87204168851133
1.2066081541880074,0.9136771258551211,0.8263025163902024,82.39913517683416,29.253599624536317,11.743048772175868,84.71364794588949,47.022608249913006,3.4693981159618215,58.312152625840504,11.110659984735248,0.6705148658938176,3.7067179441290046,65.31133861907963
0.6842517763060529,0.8862272906934303,0.7208851189261918,78.65677123345128,49.08043217395734,7.497601726732644,87.74033462353586,46.32607449786023,3.701305341475331,62.83130822319525,7.229717714250374,0.6235317168484638,4.148317325174209,71.65052235899275
0.48753560248832944,0.8791619889251057,0.735898804474209,70.81820108114802,50.160252822951605,6.934963446340673,78.3025531673567,39.82375941986447,3.820399333417692,58.97943609371152,24.438457036400415,0.6056507674429267,4.50552027132625,94.52571505929188
1.0304556551409918,0.8653691199530105,0.9156679824420854,77.83613058205806,57.94600382945212,13.15887578338972,81.28806814784633,25.85495173834625,3.7816908406114376,35.23207933122913,24.075966446637814,0.7558349960141978,3.276479598135304,54.35837414865371
1.1989853351058108,0.8474451357974484,0.6982369145936659,83.96909233571908,59.736222494278465,8.77648072099083,84.42001463839233,63.94248456048513,3.480836650150596,65.01090009308771,15.753814385717131,0.6662306142368302,3.347369819865142,73.04871596958101
1.0734057355761368,0.8883022888032167,0.6872656827730004,78.51311960378447,44.96430381092283,12.271895691887643,94.48943646329353,53.966871762185086,3.123793204271445,75.19336351090644,9.918047017672713,0.5309648133873711,4.519683892090309,76.5700788777809
1.0363298066201698,0.904741604697604,0.6333246657635809,78.76808298742726,48.49385985370067,9.692004669604337,84.43093730793122,45.78139859910639,3.2003190871263225,61.16661751169504,18.852906135575758,0.5914136099202238,2.63412563708032,77.80006571201216
0.8695821019695633,0.8971012898995533,0.6939935395816927,84.93188252952969,42.33879169389329,9.676090366117345,90.42611131830816,33.974369747272235,3.581790054295824,49.68893946705737,14.56806525594956,0.5924101214920339,3.5326167254463314,63.23823260359802
0.867713440668447,0.8875209921615793,0.7635641976117451,76.44013386370538,38.71937445192306,10.87682539899329,85.1927758439216,39.091262706384285,3.6026676738273036,54.86872753635717,14.548075507573557,0.6080319572625211,6.432549563327553,101.29396151212123
0.8426781340979729,0.8716276181790966,0.8094029851834035,72.2859839087855,53.098947793806346,8.232002286507118,82.58170681281216,35.652636561787865,3.1703961879696845,77.69913067655594,18.577835372420516,0.8524509276607495,3.225589628328575,50.5760217198961
0.7769138907981713,0.9182473857505491,0.6866333703352905,79.19684440237253,37.26414451403401,10.264994286991291,83.7663778794278,50.11084751277111,3.5133708832667816,69.09962540860559,16.337498987493195,0.6370851892710997,4.918242233407803,91.88328082948703
0.8094620288396531,0.8604860424016024,0.6703807548844289,77.57913024375631,45.85373099428137,9.237021170351815,84.15790143985559,42.10002312681467,3.689367307091535,66.40026618384329,10.25674035594022,0.39640974298952236,3.5312393850289503,88.22598408387458
0.8179031888004031,0.9232808374153043,0.7196515964249748,75.16876840123373,40.048260401007624,7.359013113189937,88.0182286948037,33.72668913312134,3.154632002747857,63.56412583534376,13.701032259672104,0.5457201028283034,4.407236115837716,98.51333184405527
0.7090405756164001,0.8699334894321983,0.5937458537410978,79.12310772050655,55.496831862902596,10.674964149452798,91.87305633788277,36.233959207001746,3.8314991605413242,53.38862887809027,17.644611714645386,0.40676279125041914,4.523484552476974,46.17659351938269
0.8240733983928658,0.8774269428794089,0.9149722217676938,82.45752823623391,68.01430099266489,9.473384386244168,86.7984042384316,48.969505140559235,3.3867406554320523,57.994288193442316,17.041008889620073,0.567020174295416,4.903165388146358,56.967527681654346
0.5470966292209248,0.8559964442815298,0.4760080545934253,79.95355719216091,36.98412017196669,9.685950343110584,90.93538839370878,52.80078277456383,3.877283933772995,59.22077264321484,16.048066297433902,0.4012689770273571,3.8397969385497794,92.37914588742461
0.9015317821533729,0.8849579355934309,0.7438570034279157,81.53490536343119,31.469815171024308,7.579678113171685,80.17605131185157,52.226652507889966,3.3399642662672298,65.49574316064444,18.733691817903456,0.5128409528931572,5.5911077110038825,41.84441268054537
0.630538787268326,0.9292593737543394,0.8599953187400455,89.06703849257711,48.751131146499326,13.182800735525609,82.92684745592985,46.056256520431816,3.192012355134746,75.08918894266904,13.55313204873094,0.44792784703658794,3.5285307483318555,45.90311648439379
0.852075135744804,0.9154688426533187,0.7136987683922008,78.28560569221219,50.15697795957758,11.753428372772232,81.37848732896167,37.979001049578905,3.3625589030474843,71.18338136793128,15.714679100876289,0.6384160177967477,4.187376330879648,62.67538319932763
0.8770375104942223,0.9293526633608411,0.7002554741234062,81.39174317322335,52.18659306757298,11.928311768343956,86.57222295437427,14.067889397367036,3.471455563076804,45.806156442039594,1.4976835992895996,0.6000539362628878,4.196221545774086,72.87990682933402
0.9402277384383874,0.9156642763780181,0.6993123923285541,77.45393318700432,45.53679484765655,9.389110595116636,83.20520807410293,42.377280190465775,3.3834560279685557,62.23994968901049,13.201399224628744,0.6302962307498731,3.102425504040468,93.88337610473162
0.8520760910554579,0.8668899051440889,0.6949798545876237,75.76820140056513,47.99360701174568,6.54163422099316,88.64886468517098,39.9853699292472,3.435199573528066,67.36763345167897,18.05561163430258,0.5895448611431473,3.7713021960167037,67.22101127604463
0.6030227026759782,0.8900763232701733,0.7880405231366475,77.07546173291115,53.67510410540602,13.905834764979021,80.34499144183779,41.11985677057083,3.600189544902857,66.18860330144635,13.43842213153143,0.4605702249795582,4.129210799390726,60.87641277903191
0.6336787566883814,0.8765940261264762,0.4372334980391447,77.60620714239155,60.40430892644839,9.877804983988264,85.21515486660641,40.431178776265654,3.4486461890610802,53.7076623661258,13.135090433131552,0.6513521369254736,3.654303165496464,74.6708490654464
0.9982357177255997,0.9399172471211712,0.9029022995610325,81.79737898773563,30.449512296817172,8.502400407959893,88.43428955506128,29.389902704406744,3.4801662818143977,89.14109215768362,10.834188192900726,0.7922224560269453,5.952739172365228,77.04394724941601
0.6904859009351372,0.8640963406072106,0.5302257599887698,91.74537893350379,46.310605609685375,10.833603148966228,74.67348612479695,44.45926845480948,2.987232080239221,47.22915437668881,19.01346357091658,0.6409212578606547,3.3291010611203755,76.61859733255407
0.7604787144878966,0.9268109306816733,0.6634544456985326,76.4197828186208,52.13808793941063,12.334241576006594,95.60815653665102,45.0577305122548,3.6175094048031418,49.1681155333395,17.193853094162282,0.5574075400682433,4.943539574512342,67.33020688072982
0.8147643174082104,0.9267886161032631,0.6607666373221863,77.91687347192268,40.82023895389264,9.953898887829068,83.58424057560062,45.458710256477275,3.4732390106924997,62.33595081261576,18.30165839129234,0.45719328238945545,4.685167850519029,40.673708291227754
0.5335605537955856,0.9548886060514826,0.6922454654259684,79.68438493444376,67.311696317673,12.557150335878749,74.87480043161914,47.57261602858709,3.983087894144861,81.16803054963853,8.09514415216844,0.5091933029240034,3.988910292396583,56.23576016340502
0.7800851297565323,0.887709402221115,0.5352088472507583,81.97899424354874,43.64590119771263,12.165999877033737,85.79046949288393,44.83241315937298,3.2181304498238124,51.63805149295829,14.358199826937465,0.6453039656572059,3.307832756918202,91.30406627901193
0.6684080793081472,0.9213696647874049,0.713319286435231,81.31775405977392,49.58707312992717,7.847237625195883,85.16721733986576,36.71976470768871,2.957511401450146,57.34171634353008,13.879555968999975,0.7073118026799374,3.385395743686584,72.806034069649
0.7269223529377343,0.9684495550961653,0.8841615505631188,86.42047896974059,55.56022096842291,8.652419788681048,84.59052810213754,39.43330521667128,3.6854205481790125,70.77293673015693,13.87771317360579,0.6260866174721975,3.5856261606267923,65.16216821339415
0.7483081878244215,0.8814707496919891,0.5507596464968243,67.86803964732395,44.087152111981055,11.915074326559536,89.95595556463333,40.72899893802702,3.6039581054939003,59.82137845112266,12.535889825128177,0.6799887289705984,2.5714069744429895,86.77252822560962
0.5749054140383443,0.8539487925740292,0.6626969702706257,68.06535064902164,31.534269521955828,4.574774872379124,88.73722485713527,40.86159559285295,3.197470093840656,56.65396145469704,13.615582912879939,0.6707678244027243,3.1972276593605677,53.04825051446578
0.8968966010723668,0.8435996989827671,0.6580259324884308,77.52060913994926,45.71345473083467,9.701088613670022,86.48938095511923,47.98574124777384,3.0410753134987725,65.6563290188672,18.398579130826608,0.6506534391385917,2.814018787709086,66.61977799430488
0.7263457352649073,0.92138136086584,0.7241751544355304,85.48650093771855,60.2944055592704,7.138337596750656,87.25077816973324,45.149350024179924,3.961219019205287,62.725179902295935,7.348594586608683,0.5341526404738743,5.076700002542173,72.06637607761056
0.8951715016382145,0.8435054937582425,0.7257076531511288,72.17175984197202,46.631048732148614,9.04689239713295,84.47820775280957,56.61874751655962,3.9242331171820344,70.30438785636791,22.109179072121815,0.6173923511975152,4.494769913910575,63.379337450580564
0.8382438175853792,0.8888304284118623,0.6454122634919138,64.96183830153122,41.53565698541021,9.402359821941591,93.87745424620024,57.65175183907738,2.753762972388161,72.91468889065364,16.935364500105845,0.5151622196117862,4.6287792790923685,71.51144234352398
0.9131834406696269,0.9131193956111688,0.7770830886545141,82.85589703109605,59.256722095027214,9.283511244184984,77.60401990821117,40.6371966609114,3.3625330912230496,63.07003060005362,14.83067241735915,0.6017428952958102,4.471065561233559,67.18459102867352
0.8474066642250487,0.9055552661048974,0.8922864770349365,81.21828611851357,46.692251039769474,8.895477495774783,85.69825837107949,9.306755612325045,3.9992576164351696,62.91732725378309,18.627336585491705,0.6330863531066911,4.133574098667331,49.00985428321188
0.7804519309406708,0.9127633459255252,0.6760226035624378,74.54895796600285,44.89839186349783,7.805712700742372,85.3251231559439,49.89465972901813,3.35718123266664,62.14110982286134,9.192661019326259,0.7678783807386855,5.16854426570331,72.72216822818584
0.9049887249088648,0.9066686956740256,0.7982229754420344,75.07230199639535,51.4945608966331,14.583822533637372,89.06640203032296,35.67698928810356,3.352816329792004,64.89130556649287,12.341196379395944,0.46902680256323676,3.51138987541461,50.07472312730699
0.9657988685182504,0.9383659743994018,0.6121224213424463,75.15128140182662,57.70750209618787,13.734924008322702,80.7807306128755,33.58812862535194,3.4151722017111896,60.55170637871464,14.515698270437785,0.6481507630991306,4.085335724293636,72.48422687645083
0.6971154611122884,0.8714305085778361,0.5786352275962713,80.5526765873697,73.81713531732547,7.675868359487434,76.28163698801733,36.812437800085064,3.163730907869552,59.99391517677711,20.46224148172871,0.7481236591623595,4.597647062259298,90.61203736225164
0.7310627504873726,0.879690145846244,0.7300063154098808,76.86842361908496,58.27236107657423,13.164233502607134,85.78411508049096,36.42685562548315,2.9885672767315867,71.96627120827242,14.814013675493769,0.6758847765838796,2.9430326145150967,65.78465204085919
0.7359040682056794,0.8768202166418753,0.8323876199050164,82.4703195948776,61.59839966388344,9.201069019054295,86.40615246109301,44.89815848084314,3.8157641932204247,75.16116180355043,16.800218684740585,0.6832945442825041,6.477271116914039,52.42775305043521
0.7416677384403345,0.9249057543558783,0.7209782694886495,65.72686668547804,44.940338010121444,10.258374946663421,92.44799704723825,27.524513766990196,2.9471189281256973,44.92447055366579,12.641684016255489,0.6587694901867812,4.022852610222069,68.09518280192529
0.6308130241345299,0.927011957651852,0.626397452981317,75.715740674361,39.741318940305234,9.873452080206167,78.64818976837456,31.378234033667187,3.5741814356326267,60.10021151740569,16.947368275869962,0.7298334489775417,4.113591560460474,57.520433378822034
1.3706550307304186,0.9135367595795553,0.84259289822494,74.36973019544475,50.62331349619123,8.680502717492068,90.7734688335836,42.745268433579334,3.765973847827295,53.113055665547655,21.70895837189783,0.4912521831887632,5.005502425339937,78.91763503947205
0.6590917555467607,0.9355048100066978,0.5397321654897185,78.71829660813754,51.07169915259596,11.967704687212294,96.8370718201356,44.98355224330646,3.0646321103296525,56.890285335139275,18.982106766696457,0.46140733340297535,4.731964266408179,67.7801687871572
0.786909471545062,0.8646587739787086,0.7571789005218023,77.30976120754931,39.214872586354026,10.251773061153315,83.11117556238761,45.1323331594881,3.2227194792214786,64.02516209735322,14.674176048888482,0.5993665859534744,4.030462415517167,95.6464487749686
0.7685590512440766,0.9500167233465341,0.7803730690433601,83.98921889947883,48.24705470095987,9.046897153561517,78.54528890253388,33.70370976853361,3.863953756517477,66.69438371542468,17.70196338906188,0.383883789642829,4.104103550478434,87.44484393516007
0.9863499566461301,0.9456971586513677,0.7013784558782244,70.70331614169972,53.99317601719131,7.390821112399054,82.96512816813315,32.17387480587008,3.659867516068112,58.87873556388655,17.31006781842885,0.7230645804178011,2.7966811752416167,67.70379243277895
0.7305360086849683,0.9220686599173724,0.6356297873952919,80.22745738165376,53.6039339501808,8.21280997256176,85.0700248368569,35.94692132969664,3.314814287936334,40.866596652771975,17.0263506867891,0.7220715195495442,3.554827377720019,80.73413601959636
1.0478788485405215,0.9534539672631318,0.7885575351003352,82.79168211605852,55.042878533842725,6.717239768795807,87.81893937503457,41.9189820182778,3.8606747010083513,50.349544194238206,19.447813443441635,0.5566649444915474,4.413768172927168,64.10145386255732
0.637150389200414,0.8503013037696668,0.615615623696044,89.28323718280977,52.90964730137443,10.02444709683034,82.04302635080977,51.8838189541804,3.8619607170362906,68.96499670200166,19.417910815349867,0.562922940333949,4.355114271234309,70.50935327747753
0.8229036357943695,0.8842665559121204,0.6991126474860101,77.59117014453263,44.929913407299445,7.606668815431208,92.77599267073671,23.620502513833998,3.580715807904712,32.59573577965069,14.491365612500463,0.5927652524849328,4.97693260000327,64.57848705474531
0.6358688581847081,0.8779408961795414,0.8689393934628286,81.62229302176259,44.86099373351157,9.468878974962918,79.42733842495969,38.23416994433307,3.2299519316379013,71.87427151682,17.567516245911076,0.6052020650439619,3.9035991534213403,81.49683939774563
1.128322300316914,0.9216443797127203,0.7573780050046289,70.98068603718818,38.010486020061236,12.740203707220742,76.303974239136,29.338572471798372,3.3759653889584613,65.21229990644541,13.467620315360826,0.6127173919194285,2.890170789255307,91.49482415064367
0.8070329224794538,0.8684957778119357,0.6659242154177412,68.04021897843488,67.84775039185095,12.398599145843171,90.53355212143659,26.78205858117208,3.585916023186617,73.16176081530023,11.30771041473769,0.6558232106878303,4.845384344620543,81.97972310786716
0.6970918911267143,0.9227248544801245,0.6095187922181626,84.2238718789085,50.13450364619293,9.935446211794764,73.626894843969,47.73565316275853,3.4434215512557533,58.0143081311904,13.922024977184055,0.5827373646991522,5.1488714769456125,83.82904901928033
0.9499673473697758,0.9411160843199015,0.8119110339924376,79.97219853175964,47.75146944205148,9.8258305477137,83.97935115563642,44.35699659599471,3.7816871534704553,39.38594575977095,14.69488739304167,0.6943193303477794,4.7185956582849835,83.84550155853594
0.7330525949225526,0.92085608700252,0.6651407314088279,85.89256344899212,40.71207918547541,13.759749098842017,100.58840564604024,43.5954681275781,3.041067775967199,64.30362641506498,8.353676043288033,0.6445947777125303,3.869093063314007,78.26883883502065
0.7344523019051891,0.9085125307098451,0.6186757716441547,73.13298555515125,79.35657902327779,11.041512240717422,84.93978223520034,47.36820671784795,3.0517209412801285,72.7465312403834,18.441330237666882,0.5393036554127364,4.835508841501263,52.91070761184598
0.8676429427973754,0.8703637997729775,0.849041138926645,82.59951069764377,39.26671967777104,9.344387080246953,79.39616174651876,36.16224882587091,3.55426133344473,69.24721805513421,3.930698309590408,0.7335112667804098,6.743128382406571,95.5145727912475
0.8117141223245035,0.8745944710162391,0.8448888310324897,89.34408920271926,45.71152074393927,7.147963765759096,84.71301268106603,36.53889986933177,3.3525366758579285,53.37308516511965,25.859267757945286,0.4641743013877513,4.09212185155238,97.06616240047637
0.6917301175213824,0.9374885671589,0.6128901728064752,82.09852804178632,54.15836836286061,10.787746436329487,84.74599605690233,57.4858449337806,3.3118854155906776,60.86761075462647,21.007516535185275,0.5907834189178524,2.9506106462039003,66.49180595029948
0.887357570778439,0.92338047011716,0.5351853975585481,81.38290752795524,56.00212965744278,11.658647545165724,85.80324970176558,38.02743156592341,2.9695829842476806,54.67163731220076,13.955965103310746,0.6966917401075468,3.5309719603582783,64.43953127175728
1.1859462701534769,0.8988294144186737,0.8972379365220614,80.04278040412174,59.579320552156844,8.736696950972712,88.3113149107981,45.88105690443273,3.5058637534394546,51.80733535810628,15.037705442255094,0.5276926895087856,4.50038080024324,79.18617479373063
0.657946901711454,0.8874627136270233,0.5960237428518631,72.14559271437044,68.07608507769262,10.582405510276065,79.8044441581613,40.05105232770652,3.48417346759977,69.55388571179851,16.21188749434913,0.6309555646767151,2.71615655128155,78.26219252775257
0.6118462402296964,0.8392257638066587,0.732024119973701,86.77786467855174,55.06157655460712,9.272853410169942,93.43774027618397,25.213931759372677,3.6960436945855224,48.02467688734838,12.643358448044232,0.6543339596999048,4.135522459929655,66.97080896870472
0.7904034399396169,0.8678744274394669,0.5005904782137206,76.94571180097466,39.439692000333324,9.631935201601994,86.2255714218631,23.642967969589854,3.5206718399362917,51.06183569418387,15.770476590347746,0.5139476132018761,4.304269320252706,51.24961516618593
1.1348283728396824,0.9573425726141918,0.8729668270398515,82.52241628191508,47.430548748782186,5.024355884875337,88.63397023200902,35.36812624048076,3.460218776527851,48.95974366527614,14.424000089193356,0.5927522280405965,5.228097391850122,74.58551786124666
0.8509643419505665,0.861586332869926,0.5916238925595635,72.18482846714373,53.07832372513885,9.55643719256773,81.85925300122179,48.44881001335991,3.853100191037101,45.09752476700953,14.622909131076137,0.584349616979079,5.048155884843441,78.27154807263318
1.096581042602051,0.9056843946366324,0.8472216725571653,74.1027016774611,70.68226041505824,11.938738604816109,91.43191068497767,46.30633325308803,3.106259808965435,61.464142918426035,15.725844253922554,0.5448262148167707,4.691667833401417,80.88731722058196
0.8896437151788574,0.930223319195856,0.7238382355783578,87.17543699611117,36.02194521575703,8.737194888866883,83.71473795593468,47.312617313792266,3.6609167656542727,71.61503048481975,9.745888806584023,0.8301674852050774,2.269856791588376,75.23939158531311
0.731878108925355,0.8623523199599312,0.5875755852916742,78.26348855521078,62.025765052252275,10.105052736430633,86.38776256746766,32.10363056850948,2.9986558505613954,58.15123243754734,15.158278896534593,0.5236893646554523,4.73684250243834,65.93327277457136
0.8324045446963203,0.9055413142434325,0.667397504881402,87.26637738021272,51.79914369546417,8.48809858661616,80.33446961406446,52.92697992097851,3.2484914359997576,44.94252199435834,15.65379098646991,0.7004930294067884,4.564410708848197,84.91003059259417
1.1124541602529787,0.9281374661253197,0.8467453857589147,79.60884670470742,58.37830535229481,10.720883352585545,80.01534186798936,32.280853598508926,3.1362028602130056,68.39944539742028,15.515398485423658,0.5607198983118857,4.204755501662677,70.98772746348878
0.679729179777261,0.9003749796572176,0.6805217402558387,70.7905111352107,48.98005283364068,9.566953604927653,88.44102653226442,41.70259518935975,3.7345827606355755,76.85701754034972,14.136676978255382,0.4913363811114718,2.6158222990836117,63.02615478452919
0.7602840306672939,0.9860520916700031,0.7485123057140719,84.4603379986586,41.575673698736736,8.121516918635987,82.78196584896307,39.9171816807381,3.480376929921382,53.53757675853406,19.551431103877487,0.6102814243155069,3.3785808726503515,67.29019926931419
0.7531468452261401,0.8499420222336541,0.8859307697580835,77.05053841122196,57.50872779401332,12.665102935330255,80.73088456247811,38.60900943748331,3.495949026622107,55.21445733282282,13.585389780473795,0.6649093384387501,3.066541784372747,43.81046451287527
0.7170469059296798,0.9317618558965164,0.5228375653113148,83.49344406758522,56.54431027105621,11.85786402706443,81.78408328986485,50.70873710636485,3.1679801036811646,65.15660630083394,15.909303627292761,0.6920509575065679,2.387993248394327,67.26637263732192
0.6065846556756369,0.8948159478781061,0.8133674214157717,80.12605433770041,59.72056965739722,8.79018647214365,88.4947653585871,34.35911583867232,3.4100919512201333,76.21873747785051,20.189190135702184,0.7562265110655069,3.9976678788681643,80.32654779812003
0.5896488611183858,0.9231576046451003,0.6578478090319178,72.28440886028565,49.866953646213645,10.995576618835555,81.85481069398195,29.203157954304576,3.2709604090072664,54.80165854274774,14.682495439918752,0.89452462899351,3.3617423028457765,75.09674533208845
0.7671168953460075,0.9132392145509773,0.6019008190041891,80.82147382685285,44.001779766801505,11.074824005640762,84.41172534198918,40.15996388965135,3.6150365044562647,46.67550219001795,15.857853069870206,0.6250514203755597,6.1002444642151294,92.80996259471779
0.6322376767353068,0.8780053140867001,0.5250280566099277,90.981115710764,34.412130049761586,11.284602470022351,85.07513875143549,36.801386125707786,3.202672659400516,66.31418606272406,14.614461454740411,0.5336907826174612,3.8649824484496724,66.05537628976444
0.9763042259911,0.9068698917737802,0.7251640174200716,82.4649322925723,58.19373268139407,6.6114882080098445,75.4132555699485,67.01906335266116,3.898938309561523,67.990680731423,19.949479174254396,0.6452874326794891,5.035002524692768,77.30969744579974
0.5990141899463324,0.8442629564580514,0.741918558679029,79.71241123497269,54.23889482443986,12.013213082065256,77.6443679731324,45.412059811519796,2.9973258651127717,60.06131450435227,13.969101753654819,0.5733787049593508,2.7447207802454203,81.89110264458658
0.748761318485365,0.9180974250171419,0.6744354175835878,85.37671700978449,40.342173671360406,8.860602074148538,86.68138944623782,36.72527539825101,3.2580440502630315,54.418667403425495,20.133418309152823,0.692596612985223,3.575928331196104,105.14285512431113
0.9984583000057209,0.9089447539797157,0.900730068026165,81.05334232601555,44.614263267033756,9.284344133117466,81.31485319423652,31.55110744650331,4.003160152989829,69.94378730992047,14.585648421411742,0.4702835703634278,4.077518300827451,72.17148236676461
0.6707121493752924,0.9191598050592931,0.5225604683386672,81.04767115131398,45.332411880485594,15.2757635045204,90.28362455640209,24.957692715449724,3.36945837561139,65.28036004547964,11.562161106207933,0.8368334542400437,3.2734768411138635,54.33719231703965
0.9387057063212276,0.9317435497526145,0.7334675317957015,74.54187413920448,35.17015568017582,10.603746761442023,89.83403552125272,31.798247314100536,3.1055364006786763,52.31564483096507,17.717492682296484,0.6856048094775513,3.6622394521562045,82.71893130032923
0.8626007515946728,0.9110285952062913,0.5904108434573563,81.16924012894799,41.82317603394866,9.227355049105649,88.59584333177719,40.91953417407306,3.565721468761301,60.490947313056715,13.781328664977377,0.4315995982203835,3.825639275005169,97.98591033952685
0.5798151213670191,0.9044426825939483,0.6813169686042515,85.17721708208472,38.66169643193646,5.589411254488188,94.09885893656299,51.418629212758155,3.357382327335637,46.48292467975354,17.482003596396652,0.5290971097685028,3.8128736116440844,65.16176934660068
1.1522387499605853,0.8735679499001613,0.8767484264998764,75.81968923949988,45.87520988112063,12.779528267892712,84.58455336128408,48.97351313910335,3.2492389233145085,66.8589045643792,4.082382460305064,0.6816081044113939,5.484094858428277,82.61622307909624
0.8062392941554044,0.8786333770905285,0.6594836441707458,87.12247910623474,42.61302501670437,7.309580658382795,88.2444096295192,41.832758653171034,3.171238756760385,57.37766430617144,15.020821047579785,0.7176344056171454,4.302581028345208,88.4309208284338
0.729753775887937,0.93560203860532,0.42201705830927083,79.54146987927437,33.72995079133251,7.993122193000993,82.07799511701984,37.41465867438012,4.3305120816877825,55.64289167615263,13.161578804970079,0.4727762372768036,4.383608450353043,85.2559831595523
0.8536053626256911,0.9430900621711794,0.7332961553360723,75.5611524423073,70.22590230569482,9.337295401824301,97.26184956434362,42.150498851297236,3.4245344299447593,59.67125514847566,10.746965253874887,0.6713025850432949,4.431723819476057,71.88337783710367
0.8095945991520117,0.8928566869106384,0.7460725049613539,84.98816038460123,62.52540731029231,12.832823583400586,94.9181682621801,35.85089602012339,2.922329791900137,60.40307699330248,12.787035992640803,0.40526601273380763,4.49010110186969,59.522893626802805
0.8066387802269178,0.9013800824175983,0.7420891705528991,78.56602882130865,42.209805784800146,11.546479973331518,85.05940217258896,53.74691196611101,3.9481129277016604,68.9493006156556,12.705187422829393,0.5910664134528953,3.933690412900108,68.78080677979621
0.6215120116614296,0.8728615687501871,0.7789562220975729,83.79757443743054,52.7242139665361,9.68432498031948,86.93293114952596,38.48647854979936,3.6833212715331713,65.91090531325221,14.808056820597676,0.7112046842103206,3.743402902816923,76.87900680816446
0.5799479497313519,0.9351827053580234,0.5378816194679331,78.54120683870731,54.17465089821295,10.616584127277642,91.79648799682403,39.30929713402619,3.270060070694064,58.435907212071974,9.530694154860177,0.5448484269897019,4.133452847614622,83.62333786137593
0.8051986714939589,0.9199625047107534,0.7693212784185347,79.70086928235048,61.91085854773477,8.799228614257789,84.26430247592947,22.273420599834655,3.2200642733941574,67.63668149718995,16.265095121038854,0.4493077700861986,4.925443159130778,75.00917571998559
0.48812017090706505,0.9582365230939125,0.7412807939745637,82.46780102167146,41.81394973339921,10.279307379130701,81.71687964600147,38.43652122781789,3.702041838847469,64.00737253691614,20.46485914082315,0.6146214796377559,4.900990550749107,64.30138050189134
0.9139089951122259,0.8736503076846078,0.5506184903774047,81.45448528795004,60.92106783982426,10.146673489556273,89.36994875503441,46.69187310371953,3.4259245017531637,55.73400363713963,16.123713987791305,0.5395281133364521,3.807681219449271,78.33069484224653
0.550002543543431,0.8886597630294535,0.6694658184777554,70.0223410977413,44.52094695793065,11.937539791362706,85.39219623041835,31.458219383691638,2.9222066544664695,58.75281841763514,18.235954436916035,0.6629558366065835,4.614274955734489,82.9012760161423
0.6544669496757765,0.9069433776757672,0.6131987543181769,74.39378129952804,36.641375958313866,11.934356244877899,85.9149722482263,33.994237324057494,4.0361719893814,58.51777111156879,19.37824981845518,0.511467356778194,3.8443322695682656,75.69415084621721
0.995873222464453,0.9193946861317731,0.7408160383059487,84.64704992395407,57.24136559314498,10.98795476441129,80.82864328466017,46.34168814186932,3.369802861335213,65.05261343174202,19.945958048736706,0.52273631103469,4.027096439548195,57.45719328192513
1.0789983812144297,0.893529970873571,0.804517243657441,79.33931705549226,62.907584241224285,9.275304884907795,76.41163925818302,28.186742211855574,3.948671520944728,56.32977385278358,22.48055477128522,0.3978997679123756,3.621181294756642,67.27890947924215
0.7765017460417214,0.873811167286389,0.6454025800990751,77.3813434861429,75.87908973530685,11.483644588780253,86.18071204939551,48.46240806033535,3.8835304873897147,56.09590813578367,13.00319200689628,0.6169944711051483,3.8546838888750132,84.217311646187
0.72920618547151,0.9264422258677072,0.6147307384517162,73.20712992371263,38.002747349097866,9.816063067593907,89.524810207471,35.742848878615185,3.1996971366551556,79.68757309433958,12.126064059355535,0.58390950617234,5.073064055639744,49.25473286883289
0.7533573774273467,0.9216340608763675,0.6917545861056391,74.60131839362076,56.989196850807886,7.836171262573734,83.87096625461979,36.89145423607037,3.8099569593089444,69.39735481747104,18.13386259329894,0.4811615329259929,4.073936917871389,38.60232966413261
0.9034439629130415,0.8725117769830882,0.6171363968419801,69.89100680019027,45.90198756206467,9.193424416178123,92.18214759779434,31.00897275899525,3.3045672350408957,52.393993355748606,17.8330648786296,0.6193798713767091,4.108226006841854,92.62124275216031
0.8582258149870474,0.9406632840331649,0.6059739408582434,79.49359640649233,57.83358710524031,10.169053967568649,81.48041837292227,43.024370083423065,2.9399898239588174,65.70940993942199,18.102701198462757,0.7027070300644139,2.842225776593633,77.6712288253282
1.1638242066431317,0.9351059612758982,0.8588933799564333,77.00781209709477,35.295104487687496,11.820431567329491,79.7264777251704,59.67897588023504,3.372620550193357,61.18350065655177,22.55712981700101,0.578443205658105,3.7526048738938163,79.1009500378016
0.8109803257364523,0.9040288949174338,0.5878656779182474,75.16706054507343,37.37230224301436,9.632943655685693,84.66384846401934,46.25197791568505,3.619291250532884,63.915511752600935,15.045479635193976,0.6268166949821974,3.806948077004217,53.84774539559416
0.8343915342727063,0.9023879358712811,0.7752291336590977,79.65938287416023,42.24125176833516,7.581602577520788,84.58703712324355,33.085717904475715,3.3611790056010986,61.373413245651044,16.70462623858474,0.6273311249585164,3.3366852116452757,81.06292095199807
0.7228074426206841,0.9166217331334773,0.7269609899405661,81.8198531542637,50.78964045668084,10.11348336659364,88.84984365667611,49.08496468393181,3.4078854977224697,71.89642645485236,11.0784469940661,0.47956701728210394,4.0173323293628505,74.12873031352547
0.8291125233374422,0.8741489078923123,0.5346974579553009,90.46598966104972,43.58918733461645,10.226912080113104,81.12518587968007,37.466563632526004,3.843069813478584,63.45620344651446,23.54128449590383,0.8056585820707596,3.6566541678178766,46.235086332274044
0.8300999785046023,0.9009009443749225,0.6397685293925851,72.44058290218393,56.590543439134194,10.371675257805506,91.84047118407449,50.995879851420476,3.5319481940870276,59.37911301785713,13.653820315163555,0.5529150169877716,4.063996684194866,91.36425121410787
1.033097646794917,0.8354284936617247,0.8776853520034664,85.79690521650261,60.26894618257914,11.83974303190886,94.83458481254127,46.4534112173149,3.2470105066145143,70.42190576983018,13.76713628735668,0.665611620186027,4.097202407855147,72.38024985428093
0.8444801076130397,0.9262936693650881,0.6130034737892918,84.86550780507537,55.995775412453554,12.037846480179796,84.80427986515829,16.454867476226134,3.710609097100198,62.33285041087872,13.61300043596703,0.6769215277229049,3.2353965137418843,64.05874050881097
0.852744250896309,0.8531552033267442,0.6667456364931384,76.1045363031165,66.18787639660869,8.811578255236666,91.24855210092159,31.96736293635978,3.5593026700862733,61.21478579329058,12.420416565422649,0.5860404872884248,3.6810385740134484,64.33015381022173
0.4441480330045332,0.94510259485287,0.6572430975763229,81.01617977293016,54.15826629455343,8.767713083902112,79.7175146468737,47.55508178268312,2.7435185595613873,63.14022602486114,12.082251804609403,0.6606795025059634,4.061899426208667,39.77167141851435
0.5124263864316589,0.8900963971810065,0.7064456475361742,77.71183375331192,37.83103289659833,7.919602578089053,90.37610770590958,41.21325817716014,3.6285058741314344,59.06390976633634,12.9051828684419,0.6245819221816389,4.9474395449253805,78.90004899447045
0.9232640755556477,0.8936499905420647,0.7056621302844623,80.92844290209369,63.6337651353834,11.397631340560952,90.23638204279732,31.809952418337197,3.6175486123148306,60.09226992995469,9.53681628779622,0.4582360242772594,4.205375338236593,73.92785810868588
0.6569743584927216,0.8811679828174649,0.6044925701540163,87.54565506702275,43.948437643940025,12.89764021667543,89.3171864009494,34.9312838760495,3.506036338874258,54.133054112381274,11.858728318947048,0.5667727298749912,3.4704518560660578,67.08879801500358
0.4272504494714801,0.8913588337823377,0.7490495985377208,83.02803116315657,59.1041849968557,9.369836144182154,84.92218455564853,24.750107039284956,3.7675101743208725,52.48832780376121,22.795852445790477,0.5387449097645938,4.319203807395082,89.17727811177508
0.8416370106510627,0.9425559403544411,0.8842992190425236,82.54304186616721,65.73734216555107,9.517138870550014,70.22875529378985,39.29301369978883,3.2982819247020494,50.014296135175606,17.942620574565474,0.5538254958653872,5.366039111457408,49.242114715062314
1.134509852842212,0.8253657403039476,0.8815132682887326,77.84845340022679,54.566880107303994,12.933565113797952,81.79136428173935,57.685517808126114,3.6009499366462703,46.08016713202924,18.70361670691087,0.4695996822163362,4.733365178071215,61.048412854485775
0.7519401827134791,0.9383089615826457,0.6965168599348722,72.57971667537832,35.038411868353506,11.011115706430015,81.87041991157699,46.439467125858606,3.029912188649794,51.202826386154435,19.70883514966766,0.712643371674603,4.438021224348496,57.249876178594214
0.9937417839294284,0.9101407044330513,0.6676088738182645,78.95765894729796,40.81787833490208,10.87247140960211,80.10872530969762,57.52333600950739,3.6221271150196497,58.25732965533074,22.33653825744956,0.7601992654613413,4.580472140385857,65.81807530342671
0.8408356426593385,0.8637893505642835,0.6271644700091781,86.03304077431957,63.227444668851355,7.618166988052547,85.61121502273534,47.05917671831984,4.085917908661969,61.03117582445637,7.914309794224624,0.6978002975998409,5.151963233142904,71.01205037885835
0.7297337844004763,0.8677406282085229,0.7346848566266949,72.36416071705176,48.308773143571834,11.357456138558838,82.90518277239383,48.21983474682153,3.201543094259738,57.28703436852359,10.080467538853839,0.7270529224147143,4.860501435214128,76.45020285717032
1.0098294624828252,0.9502917908162462,0.7942971877095747,74.72455315911652,50.79573534942166,8.141727318980484,80.87693995117489,55.79262950196019,3.2720593604036674,36.44296509872642,11.785105356421258,0.5655365162991843,4.453408304894126,64.79539820342325
0.7810427800418311,0.8716347936017181,0.8354205543051008,80.63133868117033,57.58824416163609,7.731959628130084,79.7059992587609,43.01810607473781,3.2869953671325343,75.74586357762342,13.121080814041608,0.5363743165013963,4.854913775672068,56.83966397267659
0.9051378166179023,0.8653994846821212,0.7913294634080894,75.07672607576369,56.963228620803235,9.306456846466576,81.42243507257386,38.50218142794496,3.538999467740479,70.86480122890381,13.797722437659004,0.5221412953188288,3.1346791229887514,95.29010424655667
0.8986249782832911,0.9341194362709418,0.574348214394841,76.03738276442394,52.78799812385461,8.82841455310262,90.60749605924964,48.2612601329761,3.1810891181438845,64.45759851217129,13.212089788775836,0.6644064922957222,2.798187798127775,106.17460287682853
0.633466831079777,0.9101565862885774,0.7635614695422361,77.88200709135911,47.91331628779534,9.55680061122992,81.69487472686252,51.630721896975075,3.626374213607294,79.07490672553268,15.877235652528217,0.622706305314415,4.125678920515064,72.14930007823038
0.9039918692147209,0.8718622327039081,0.6261919045722389,73.17191297904925,46.87331554267643,7.118036730950163,82.42530646783364,36.16028285830233,3.7540519836407498,50.22635882516289,15.141181562980863,0.5922778288401574,4.0549445677204305,58.64829449468699
0.8335395249055497,0.9064987492621386,0.6699877540311523,75.12939076891816,58.57898825291343,11.917632612935344,82.71651192488378,34.22744734127976,3.6603041640361353,78.87625120626005,12.108660819287001,0.7295148544195342,3.5648719571893936,92.13181196563441
0.7354678473107505,0.8692274194907917,0.708886982452857,83.51713958393654,55.53569531067793,12.255372589032858,86.6949675690471,41.11084825944704,2.9694753723085783,50.34785923249452,6.2978048920497205,0.6404941353815343,4.660682135862167,48.29864340507302
0.8788043490184287,0.9330246419526782,0.9192678362330037,73.46315108884518,47.4269999938221,6.105315051718371,87.28124744264267,46.6519909354533,3.798550299547582,62.38737925291357,11.028525178485207,0.5161342362479415,2.509709130839011,64.97840012942758
0.674615993396047,0.9318411289461941,0.9796458539495478,72.01063932752581,60.82112312993141,11.9569156113331,69.7767173037842,46.38472838929249,3.781210224276104,47.26162674865796,12.803045386749698,0.5319091170864305,3.572182195153757,59.558244229805474
0.9064403652684433,0.9159601859646583,0.7872823972307291,76.84987510233053,48.70965884870216,8.378942740356747,90.10817606913804,28.60665919849921,3.749048411703891,60.14694095544367,14.011682252769122,0.6681993299254145,3.612035564097908,52.606966743242666
0.7513064393965032,0.9108498318374105,0.669506947977087,83.65977751254923,41.48337825665607,11.713951073965571,92.18184017121877,55.292848536506575,3.6118526745967476,63.861664979983885,10.481330162757853,0.7041732852654596,2.690958571920432,65.79963650617346
1.0066521253683398,0.9528356437460213,0.8051135961901399,79.01539096001555,42.410293010966555,9.863107014667168,79.74906731319166,34.87068056482519,3.5660567942615398,58.453096688654455,13.036774134014319,0.655168023225597,5.195784805815443,57.03741881239053
0.8550293227372814,0.8999905898216468,0.802522873271704,77.67709460942191,40.21259163690234,10.057551128161997,80.13850877632582,37.879480024891365,3.809716819437919,67.13877444090137,10.476050446057656,0.7896888747872082,2.9126389850693415,70.18981696222981
0.7788314599300509,0.864543776237376,0.6626411024267935,80.22179398757804,47.27589983396313,9.629804701157562,82.74873306110864,32.77876512009744,4.077054046281036,60.990144494872574,14.496722593806668,0.7635007165731419,3.5293279541538514,70.40765751508695
1.0105670930390183,0.9134842173849692,0.9321629088509868,71.27146283570174,62.33724278336193,12.424258408466972,81.21997990271697,61.5866306874967,3.214087860990545,54.775852716224904,10.70763468654954,0.6441035834850762,4.726383806244107,60.680024147170315
1.0745644402716394,0.9625814114861134,0.79164818598705,82.47352826887516,41.94904818969491,7.520823974949943,86.11963436973303,41.93656536230374,3.8234376187384314,54.331866821976604,11.604381374518141,0.5161419340518497,4.516836274742985,64.44229965109196
0.9487523168328305,0.8695572152044244,0.7869623881173471,81.91717515701822,51.884757610181026,11.215680677470017,75.26737356820568,33.19219935454748,3.4741348705977644,68.10913772615696,9.765263476043444,0.4690012488268232,3.1134602428122027,66.53726548144434
0.9059911975488535,0.8891561169991804,0.7930902245926595,77.9534576295214,43.43310654372587,12.2026603297791,79.4103619598163,46.91138839969957,3.46109808439142,53.46257970193032,14.385997217720865,0.5612618254985284,4.545991367408509,82.1476909167914
0.6049048724780969,0.9124933811430436,0.6933848791809698,85.02962255898208,47.39690958728563,11.432680161080821,92.69598600087454,46.15308623448026,3.0390407928853884,69.15402970484936,11.534208920190407,0.6753213446416156,4.231827582926577,67.77355898403721
0.6947891882422912,0.8983828545298278,0.7575913471075341,74.3625195052348,34.89958788014748,14.649397828646835,80.3589001632599,38.49818381136093,3.4145631771453813,72.2271179283193,18.627137066701717,0.7826647079311938,5.866428449689174,82.37052611179146
0.7293949538193234,0.8705308925886805,0.6206234198001385,85.63954496626785,47.79461770843463,8.942106474550602,91.21714139051463,46.72485370226707,3.2008205126094755,43.3128613765387,16.623401066771596,0.6417447034410799,4.323152332854644,78.78719475331984
0.734506477875183,0.9336557356869142,0.6277964440741928,80.77246832797626,48.06294620195038,11.914609645187063,86.77669097795068,33.39766431335308,3.360843671148216,71.32926387301035,14.720592527265428,0.7168722794231237,3.8870065431451746,78.57296045351113
0.7615428602027684,0.9696012216605178,0.5803702917535226,78.31723705060914,55.402879440356955,9.78781872931716,75.9536614270587,36.05665380040598,3.170544084866555,80.604226984447,11.810058010624847,0.5754692513812197,3.314798434304462,90.8176895551896
0.8162571659339837,0.9058839437707172,0.7480144145455185,79.90063182315845,52.232809132553705,12.466812152705339,88.17664597608103,23.918266763471497,3.365327483806098,62.52003761201929,16.52208122126521,0.662276912522755,3.404605306435543,53.209136803811354
0.9270664751884627,0.87287795130792,0.8096602691483271,79.46367617094529,38.01607875047955,9.984622008557261,84.41166348903573,29.408391326243496,3.378166892892979,65.99084185294822,17.762803557394548,0.6823356829477172,3.3393847236254732,62.902253405393296
0.7239675286324585,0.8535311842483958,0.7267691687733032,86.10141448208859,60.84198244043543,9.224248436275062,82.7226647187513,54.46104644536548,3.5290264755316403,70.37005324369159,15.570753648806521,0.4020405724147471,5.096879051129537,96.44948200449355
1.0403662286287672,0.9077392794366355,0.9275408004919455,74.61660436264494,52.10303040221996,12.612144407743259,86.22478546586002,53.131429021778516,3.0155750413126006,57.24517684820978,21.41480742186772,0.558656119762349,4.014375932013176,66.140252491161
0.7291897717015419,0.9331163202994878,0.6817378410424808,76.187403804267,51.98393517177487,9.01687612196214,87.37316742783396,40.5263091891917,3.066344555676403,61.822802235378695,16.838549272299264,0.6949700384277869,4.452197699179784,27.773144651412252
0.40654492602390074,0.9142550323948615,0.6685103970652265,85.1815144603624,49.90817646614861,7.174548482198888,88.5379591098731,53.3034515775187,3.608574281219158,46.858004703768906,18.654428870272138,0.6274468335636565,5.2113980799847095,66.95547485278172
0.7517485608071923,0.8999278847724345,0.5787670525878666,77.0223253240807,44.8224255277778,8.966306233652343,90.89126423774002,38.71940410713356,3.2607685648789704,61.38635028530451,15.534261662143912,0.4803484951849067,2.113228686234028,72.02409295244874
0.8417198821587926,0.8823218504463208,0.6717200002922581,84.50266538665795,52.17802339748726,11.238065893177065,87.04067956389179,38.05271757945674,3.8223589370689792,64.98111995644541,17.702657813027905,0.3569877624272644,5.0230990117603,30.743303238531837
0.6684753739380063,0.8672350910184573,0.7366726192410793,88.49717991504355,54.75588435928582,12.784077503174183,78.12182955606819,40.45208518772445,3.567580916604514,65.16163022926469,11.8128750693233,0.5634219254697993,4.044317529426667,90.00903459831923
0.9402569502405731,0.9250425397897465,0.8199744486344577,77.99102486529183,32.53104308654445,10.222258750593024,82.63177271174405,39.00062723741148,3.6820286450619224,70.6542472359758,13.166406547148824,0.5928414307106121,4.348038697312355,59.29431304201597
1.0286328830238014,0.9274131486415675,0.7277615259895321,83.40681163287653,44.61239162653904,12.63639413446805,99.71524167634311,38.27842941151856,3.9232076961262683,52.25197821864471,16.397454213929517,0.5116077050171655,3.337277422601399,74.92844672781273
0.911033928035731,0.853628106399278,0.7205985568231261,74.23153859330071,47.45053029596411,7.2836501570448124,88.62245530190864,49.14718485719642,3.4070867564580283,54.67393243326504,16.368397926229527,0.6143084937027994,3.3959004812411853,66.61027681983907
0.7740479340159669,0.9476951693454205,0.5417246088359109,83.77366649033905,52.56170605694278,9.113473070364194,96.84643650405748,41.20108523164963,3.3276539883751175,78.95507345991355,17.03044729177299,0.6506386747232894,4.39107671185039,50.67472871193938
0.9694359836065239,0.9172221366268201,0.7066560758209701,80.99711992993383,61.93311005927126,9.422849765691797,91.97717041099592,45.69985411547044,3.761510775679644,58.4967162623629,19.401571569114918,0.6670687170726233,5.9076782402651755,53.942377980468706
0.9003096972537369,0.9419878393543738,0.8141157406654129,82.36519141080107,42.28259185403218,9.770881145054961,86.20901035777874,48.25104420221865,3.6528540691789058,62.00033787312328,9.300115312738352,0.3644081075067678,4.8026506502519215,55.9737574535868
0.7376725138121231,0.8597361675454466,0.7419386300636873,76.77213963982302,45.02038153182158,10.168188776500394,86.50703534890559,43.105486365237866,3.4438009070536095,59.32989958274779,11.102189809558816,0.468571490219188,5.012418337134832,86.28507863775457
0.6419498247254581,0.8590252753375368,0.7105540283194854,71.69458292216413,44.8746588935345,11.381821914784386,84.81709980061576,32.23782939273409,3.9174373900867825,51.783191736949775,15.918290564297013,0.5695377351645264,3.846398983790864,67.78692717849772
0.7289186796945413,0.8955309207069811,0.6872070386417313,82.51626032374753,41.98472409895459,9.11038632365902,76.3109769207675,29.17707288828769,3.436326707048021,76.23529210891806,12.102545472786158,0.6572173131037463,3.5198366203314975,62.1720172517238
0.7748079935608656,0.9150835328068558,0.6944083142530341,69.68298423760272,46.528135048877374,10.27805737390625,85.09023626234112,41.19024507845844,3.5098320912667345,54.72298588079394,28.511072965157446,0.6489234013550036,3.3753560387368053,55.98086631114653
0.7804644691320052,0.953890824687809,0.6290840033356566,78.41324753878733,57.708022199879714,9.909754219351896,91.05337276271098,38.62994956140052,3.5063667952502775,48.7271447629307,17.062878476680545,0.6471869947876676,3.6093810202426497,87.9422533228919
0.7583084655121652,0.9211823674144539,0.7594599583982948,84.70590933209985,39.461645046356544,8.1482201922177,82.00180002589398,40.699131431360975,3.2196218315304588,55.492597226972485,14.686676604279372,0.5616582058031068,2.3577740534635794,91.96301908785381
0.8199518799423652,0.892719561695639,0.7470852644245303,80.95948867936518,54.27814395152903,9.772666621837129,87.05976499530905,39.87156768601131,3.5232756168459174,39.98293998274467,12.938122907664564,0.5672366562690039,3.4200645256867186,87.7711584806002
0.8851380511506504,0.8692089237700232,0.7704863975869425,89.74171322394906,32.98097769981665,9.712680940205765,89.25795522946599,60.66858928133254,3.9190280532195474,53.487125350168185,13.079350867227822,0.527167073157826,3.5517174751521257,77.3865600873125
0.9380414871882609,0.9369000171815746,0.6819068875303071,85.12554576290887,44.38662003557794,9.669838869993908,80.45159780343762,29.358189954869296,3.6334904946128526,50.31871402147674,15.12056264526071,0.6768194128105848,3.859713460484127,74.34745062806067
0.9047500558667328,0.8710588372274786,0.5108532219795587,76.73050805837212,46.70510699782014,10.063518913162902,82.74348567828167,24.080429841431002,3.5093190279196795,66.17428630927324,15.44792773048503,0.5079511212260421,4.105400087797833,51.760932730361475
0.5958292997211254,0.9488540566431697,0.758672596105651,80.13656689925719,66.74859672914064,10.151347081226772,79.91044254761421,42.65901466815688,3.451469815650299,53.265857604401276,13.173203421225947,0.6850036395189569,4.289960694900488,66.31271309933413
0.30106508244492086,0.8914684605118047,0.5273825250103898,79.76314648727782,47.25197695247312,9.135409641785339,80.88917196655296,36.988619563294435,3.5992601085219054,68.87803935578849,13.907391013920392,0.6207853238137646,3.988059702045632,59.742096949803454
0.8275508847357667,0.9477174621785356,0.6206101447796296,72.08911618326937,27.987565265490815,12.54542946794253,78.56197358173469,42.52854295783961,3.7249299885467555,73.98483993069321,20.377138300938384,0.5954955521544846,3.5348455309257942,42.61731836522935
0.537492657537492,0.9203679387017784,0.7037210555757724,75.29800541757824,30.011110931387503,7.661038741593966,80.49775769310986,44.67106417827201,3.682771649266926,67.81175336287599,20.538019850604137,0.5343289600223533,2.4293130853875837,85.85565128748048
0.7492094175791497,0.8958901353167262,0.6481010904028744,77.1961954651007,50.34029586346681,8.558059783060207,92.0972784039892,50.27283756143118,3.4004405414534062,57.84611711139923,16.00813591973951,0.4644458138835873,3.5397531132785653,59.56255080411587
0.6493556513389365,0.8844181088452162,0.7683325512393964,69.81889748572031,56.13770855789909,15.559927248447112,80.42261485454854,27.94219343692849,3.5974344782330343,61.41114496705593,9.63496109105305,0.5352347243621954,3.222039489850396,87.93912861152961
0.6477314317189613,0.8897727636796177,0.7236334528874101,80.23746734125821,53.75455857627253,7.92401729002154,85.63229609530345,35.5462568171427,3.6439819223444836,44.7501505985594,17.154012626556174,0.5669993131375114,4.372853398622883,83.22619601140018
0.9498321790868799,0.9128495007712571,0.8058149770917677,78.7546407767348,51.675701058009906,7.292490650580483,82.48565623164522,43.43009007104611,3.1978415037419063,58.6622062747876,21.217129766444103,0.36309756884187483,4.727429917354955,78.35076964950129
0.9010781916483229,0.9023146948865315,0.5886739767920273,71.63553049344213,61.62259597505667,11.468953490002436,90.8943296851847,46.163708765497816,3.550469162355108,51.39561531933167,20.479124407849515,0.5802644844665336,4.750856853647951,79.19326107644775
0.712002143258777,0.8821856577579389,0.7991949343533342,82.02106432638666,44.60408779262868,5.845760292452252,91.55581148301809,57.547596402307086,2.8516088341092916,66.94326381149298,17.93770341123867,0.6924357368026005,4.605562188902256,60.77029176889438
0.3311413070072388,0.8950310576904711,0.6089103798751954,83.5793637234548,58.94910556026825,9.529452180055122,89.32034991069473,47.64563176891094,3.6447601129463556,85.72752389244474,20.689691821143285,0.6567217905433872,3.8931794116380094,97.86775226935997
0.7165822818827364,0.9023573108915746,0.6422178565460638,81.13517239432444,33.679851149735825,14.291649850152977,86.53067276551377,39.54569123290978,3.6981029163688044,64.9982163597381,15.213537089916088,0.5503794124258492,3.5824355476192826,70.64688146429573
0.8356779096967709,0.8361379771675557,0.7232583241584178,78.37965912395515,40.95052167061934,6.910128155693199,83.8447023157955,32.87651397645871,3.7242638377359376,40.08859851045334,17.51241187933482,0.6046936298415228,3.402317797066347,74.52897527678056
0.603980749510928,0.913745043443661,0.4733716640879,82.95721075875927,31.929586050681838,6.036071028522573,79.04062647904375,35.485681178247845,3.3814859443491296,56.387698070856274,12.27689773469928,0.5443835430578,2.7940008667185996,60.26385499650041
0.7613255124826875,0.8706083632584958,0.731196659268739,83.40110180238345,47.25154699330208,7.001637596084604,94.71764440561098,35.25837741634315,3.5927140505072104,61.22490925374455,16.169061824622847,0.6148760733335696,4.793482960406286,56.032521088345604
0.8392512437633446,0.8654000279038276,0.606875660122629,81.53701784859844,49.53738782733657,11.796719136693971,81.20163491123724,45.24186902811009,3.9271861536623502,60.87357425260264,20.318136975882098,0.7540107823744031,3.8602311696560205,77.15944013214136
1.0095128379803695,0.8493796695866788,0.6171111809107389,75.8769387478262,51.1410149222652,12.249553439971624,88.3182317351642,42.055979564686645,3.9241308944873774,52.691868743912465,12.642306354052437,0.6968498802624876,3.002927765103301,73.26270243908178
0.8092362433855744,0.8461832250639634,0.5500731422246045,81.38300382755591,50.61883352887135,8.974822406042982,90.29782786311699,29.41080343326257,3.4912481902320316,62.45291742636935,11.554226282142855,0.6520794305692752,3.338806899431812,58.15971451146134
0.686176596635682,0.8593365749066313,0.782812986657913,85.9774032541274,40.72446669188272,11.366424808002138,82.22359751547336,36.51278824727654,3.541795889218868,47.574991630806124,15.389955756094787,0.5507115087616281,3.3064212348539583,48.423599218368935
1.0346972445865628,0.8787293712710853,0.6957479717773619,77.01685470694134,48.097591555867844,12.78051065502398,90.19006263657981,47.020380427611364,3.83327334342033,50.55091277314933,14.093351185104002,0.6749938392944839,4.034419588012101,50.9511536900868
0.7441229262950876,0.958597774125797,0.8394035025654218,90.48969669566216,35.02553331394252,13.57469282885965,88.82106601669427,42.81329883979247,3.0497593954213476,66.45797641603711,17.59659088428168,0.4313123048626947,4.853974280856549,87.9420057563666
0.8138317176183436,0.884223609723144,0.6498777830993562,77.37184533007307,63.6322897513225,9.507329437640303,93.63981917690883,44.549156928102164,3.4030772771968927,49.84336769120174,13.18696189621183,0.574764651800911,3.7216083603235335,60.801192780248925
0.6610171982015642,0.9053325031880409,0.4945185037910964,80.16203506670068,46.96373927101999,5.397056564660026,82.65326766786644,43.063373680458106,3.900671136661027,65.38211605492258,21.873758462410855,0.658371141982395,2.197973188173081,64.91637181486249
0.7413217502051801,0.9120144415951899,0.573677993556429,76.63757201996832,45.11113880956309,8.358242155180626,78.57067991360142,53.01144587687087,3.79256016250543,46.30536225343942,9.841295608155777,0.6740421214047752,3.848655731872864,91.75510388138593
0.6054388101875277,0.9039319555864754,0.7749408645475758,81.1163541796013,65.88940328444083,9.146391610129484,82.47255122277744,41.88834451059496,3.6107791332949715,77.64825883791735,20.014939144878937,0.6669884490215741,3.8750448799222434,53.16774157770378
0.776018904952202,0.8976766961782202,0.6784149084443838,71.28889153682363,37.57753466450771,9.482122406843219,86.04426771267165,36.911817617034416,3.048250278400814,52.25730077595945,11.940603086767588,0.6294830689209694,3.8200638152515825,59.09507761424415
1.0965961353209874,0.8641411870920227,0.7193203041811868,77.26979100591639,38.74412885968031,9.624281197982562,85.29106363542529,32.67395967093152,3.4850269300876513,57.763334281965555,7.816069061663907,0.5804275020916116,3.4980310668194385,58.4684975715896
0.7103063171838999,0.9435278264483764,0.6935784018812536,74.53939399825717,39.037796751314346,12.237789195861339,83.03281051862724,41.99687566567769,3.32302538112502,63.30613261090406,15.95150062539547,0.6537975969826488,4.173951264580674,94.2710272174906
0.6347074564053055,0.9542158993091365,0.7088551377180808,80.67669173946146,49.32128618300518,12.548856853375163,75.45401270511378,20.474367881799328,3.599311670845164,54.34650047498906,13.981568055944466,0.50471389594137,4.052912892119202,99.9007525087362
1.192930145724966,0.8495202391763195,0.9099724180214875,84.97223687754453,54.31631629637597,9.656652692150434,87.35241498064553,38.5256879853383,3.257195994561536,61.43405961071304,10.561562528387878,0.515532273670675,3.9801357486986824,81.27344838103257
0.7072136433961762,0.8692791422734086,0.8216533338383367,83.23003093557276,57.39675468117834,12.196969752103637,94.861722395411,38.35328112062925,3.192282981507618,65.75356724520125,8.274492433138944,0.6061734676460296,4.330113089154373,81.7507708623136
0.7694247401386668,0.8916056897286898,0.6563793204557581,68.14170319570553,75.7199531749497,10.715322733262179,87.32125619061502,29.084233171061754,2.880540416694908,69.60613232503485,14.966556850914174,0.6173197642708748,3.656133741481717,61.29467495720903
0.9706530635684796,0.8710638661526943,0.6100584972839161,90.2103482646394,27.50567545799236,10.129011945725143,88.04567759526756,32.57387329075203,3.8665414054930105,67.91497435972957,18.90334756649527,0.4174384821435353,3.6107314642394774,99.20992730356424
0.8843419036968841,0.9151789666036759,0.6797389598118934,81.47639970310435,56.08735589124417,11.813088314219927,87.86222653077552,46.47726024118593,3.3800688465670827,58.28189536197326,17.339813972345777,0.6455146380949518,5.10409863166832,74.01544381537992
1.0092375942036285,0.8781518339278016,0.7783374492091957,76.11750429753499,44.42869427427769,10.144504096475831,86.985233349412,41.8456939925997,3.5471437351107604,58.533682259563975,15.226826595357062,0.6772728377919393,4.447484327772349,82.7966539667461
0.8345111333264282,0.9649516820341981,0.612251890710546,80.7856395949547,44.135848511112265,14.115622354195525,89.65832983434048,40.81430666965862,3.4993285650577457,83.49108558025033,16.91539029287094,0.5922714762533704,4.661556848754239,68.41712591843569
0.6788618771426229,0.9357164578303079,0.5740003777961514,80.88094911251346,43.80227871746122,7.123177666410882,86.97686840592833,42.45078027145618,3.1797698201118503,69.49889068249291,14.891143470488572,0.8374466283283992,4.980883668267255,65.97951119008584
0.953684574045041,0.9063772209189664,0.7727999316662487,76.66575641524219,40.91230329192027,8.969658201815964,83.43661415173362,40.74102070359139,3.1222805265655422,50.78176343679786,9.281103027878515,0.5317064893684813,4.42075534449984,94.94563389394176
0.6670823598150384,0.930809587899592,0.6619053547967145,80.98958333671038,66.84524834603451,9.7469622060921,81.02005544995623,49.942900502866515,3.1984054622008293,60.99988163765552,9.316424059106227,0.563891283661313,4.742710943308937,78.09585519607461
0.8505836928771002,0.9331770127307193,0.7159256227604337,76.96263856189846,58.422973270139025,10.878905380915981,83.75513172359662,40.98743345362919,3.283049468351182,56.64856861221808,14.187325884061284,0.560493309387279,2.7365238703437917,91.77063191605572
0.8569253899790704,0.8830815753582527,0.6383818140247606,77.97819003654989,50.23195978557375,12.535920974206178,86.57064748225334,28.334295089449995,3.6099818741041414,58.6466576607689,14.357386854535703,0.5923812388708982,4.163323097596821,73.82992257617566
1.0226016714719925,0.8755134826637411,0.7326103464474214,76.56860432122458,63.51015752487,9.951202865527687,83.41958519438514,53.04103971899528,3.2612847009438166,47.70504842291912,18.403930714027062,0.5671275187033709,3.853825230548538,57.27450195365364
1.1843203466462988,0.9023442918890895,0.7036567722347442,72.83664355130173,34.874710347011245,7.1555407009875855,86.57169341565715,42.96272213863077,4.0239471894783865,55.88076765614047,18.02921689509899,0.4593189455395128,5.342147272719847,61.24985600682268
0.880834529414749,0.9258490837349383,0.8092284734661659,80.72918235107691,36.69294868669074,11.68502779291001,87.19575066850209,35.28597015363946,3.8081453107679453,78.11555773193913,17.420532063035797,0.5453451703763524,4.7421164254426404,71.54447863696916
0.6408350269950803,0.9041718119596025,0.7637336902211453,82.92649718258168,28.220322678053122,11.509917532283929,89.16589715635091,29.972786253639853,3.7425078648997125,65.79076300875504,13.878869147691278,0.5902379304225923,3.4956438473654563,60.6024967593501
0.7971226477329989,0.8526901055342702,0.5146618757094403,82.57441798038187,43.00585459876712,6.116282681241188,91.4139748441949,43.16731376766436,3.464102329258055,35.0883859184854,9.477391319559441,0.7228572082061997,4.298235326823365,53.38807887058464
0.7376962282577045,0.8759152666814748,0.5914729710451851,84.09962626317618,51.61698526704753,9.992391732658401,85.3900370923943,39.062623960204995,3.9542842207161453,72.16723492497947,16.648284548264094,0.8202243273372913,4.134145066759392,88.02125547680538
0.9963894305673422,0.8977808140921687,0.5994444321328277,81.62170105007434,51.02858577932334,6.819716338639404,78.4611171742617,52.59317428825927,3.4345983106636626,70.8962952290916,17.100677253048673,0.7335473897850655,4.363465146521783,61.826948937647316
0.966997000930759,0.8977300318702252,0.676746856792,77.33637250891549,51.49341911059881,8.670697804995875,83.27447951590405,37.232741754665376,3.490621575753726,56.40714695693583,5.4458741500892565,0.5224620970327394,3.1849260245002786,72.0728912168698
0.8395569769608867,0.9591762653036943,0.7015454472611856,84.19831932215594,35.88943168933918,8.1943821460744,85.22031283703299,33.30095368254027,3.5509923619247807,67.17263543783216,11.662647253669348,0.5304190389373834,4.28801317219058,74.44200384828407
0.7901679937113599,0.85842036172803,0.5525774764579869,73.21241230079032,58.03154742614022,11.618529396483972,75.82115621911456,47.16636974588743,3.7105469121630033,51.406007891828,12.235782490424416,0.5840671422490649,3.8174789205694126,61.17770312019147
0.46088029424327537,0.9151676772550763,0.5230340922482876,75.4966430874376,52.39627518238998,10.233660348344367,91.94332260051242,47.40225514173465,3.691072423700896,55.297442837336426,15.473400804493744,0.7784558888853585,4.22595981124448,91.76199199463109
0.7625676841566353,0.9446733932498487,0.5902461838310089,75.17899964288378,57.330542814659985,7.428817998487945,85.71188956255233,41.34921094088156,3.357462416466619,74.98546360669854,11.786558268937224,0.5834575947818106,3.420491867902264,53.24287358193081
0.9708988985714544,0.9681434923626839,0.763451457582758,85.40028029569655,31.07237822409948,11.760131925914685,86.90676417290142,45.41085638139927,3.340101884172214,57.282699601302916,14.84746172470144,0.4672492509462569,3.5319494628827206,73.92437895371157
0.8004911631121676,0.8878680773044811,0.7070572244816669,84.71394257070038,53.1149085879779,7.132388352143171,91.82763231263132,39.6985030340621,3.6919708871456254,41.30268338045009,14.157860238588032,0.5498822863046965,4.939073616293362,73.69176559564876
0.5154091398941597,0.914742883581606,0.5566785296398147,82.43652618522498,38.12234760082473,10.660227580941887,81.84928584928826,41.870920808073976,3.7145709751673697,59.366967772186634,14.363402113849089,0.6757056001819417,3.158761953327871,69.18618095703778
0.8325479110427911,0.9170928107159594,0.7258190649746377,85.35964932605899,46.026767474486384,8.371978661416888,87.87020965442015,49.31992706051138,3.3819946625531383,59.214116070856434,12.134422825197015,0.6689940276896087,3.217796479166361,50.54631080092026
0.9782751191769041,0.9058644519465987,0.6899007713354994,75.60358608794006,55.34364898636383,9.26864583493896,84.45067938449033,45.00254667217202,3.023843579096464,71.9836856937346,12.44405978373329,0.5799783333508344,3.9587349942275374,83.06226327795196
0.9116014441009395,0.8970346439628208,0.7007348499926295,81.7429755993049,50.91093606255913,11.008541496076768,84.07956566492041,38.645804493339,3.437805171197527,60.1433642217576,10.67893176087723,0.6683414673560031,3.3824876998512363,81.15266005501894
0.913401915152533,0.9130792616850014,0.8956956878179869,79.37412785808418,41.48460020220681,11.042898798119058,81.13903806097811,50.818900367409206,3.6870577396477575,55.78417688559707,16.520269762295328,0.3726827797453168,3.291977094189761,59.86647207113175
0.7363087313023808,0.8240326174434095,0.81812328800463,84.23441051942457,50.06273156184418,12.67393814711192,93.32801606843263,21.081157017667902,4.041625053925934,70.45056145231206,17.284410514365472,0.6103829235032697,4.084060776966636,80.61230810808043
0.501318765638116,0.920462084701879,0.4953715677167692,79.42387883723902,34.68464684756357,9.835492600657094,83.12249979962215,56.41658649137548,3.1406126112978012,61.207902325011105,11.917528199498644,0.686068542136863,2.7959473144770364,75.62361529451164
1.0138096889916195,0.9037853371098591,0.8364256640358223,78.0752855579496,61.50267395898296,10.612901725926681,88.4973212344785,26.352327240874118,3.372028624150828,52.49977318434283,21.082560384068177,0.5167136724845465,3.1936302120690896,50.790817819583374
0.7612216747106316,0.8933257530966521,0.7714450741268172,82.70454259280496,47.94715980503749,9.12452535519135,75.62496306264032,34.98325740182163,3.3831789315423872,71.54997560541618,13.741594210231804,0.5163661463503711,5.643276466338914,57.19106628142964
0.8035301542564428,0.9614058658715867,0.5860562096888489,84.38084583595617,61.18549944255326,10.363979765245595,90.89994264844893,39.67265971843945,3.9067416018294505,61.93661764516799,21.120742495186242,0.4133551847236524,4.367580047175207,87.07422167334369
1.05615831152447,0.8797519794362835,0.8459173422566036,76.65827402576599,44.73468312903957,10.878972096017023,90.2610557797853,38.82815463417471,3.48951754986241,60.029259666794374,12.431491304673587,0.7589895594810694,3.402749318184071,74.64124277713076
0.7934631340630696,0.8879077203280491,0.8521589753570227,79.69462164323812,44.76424011593417,9.803380305091247,85.48717055148651,48.051288320212436,3.2278020321883205,61.77908391411654,6.893688893602258,0.5279846022978433,4.334572062612958,61.53545581284061
0.7456540321533914,0.959746599066142,0.5741590274139065,74.70779683179174,42.35813213362154,6.3924990318150074,83.86528766931038,31.537307051118127,3.667608584876546,49.29331628583403,16.608791299649404,0.6241043277862112,4.4538643815893035,57.12286163241037
1.2269644974870433,0.8750381608545044,0.7149908422703345,67.50969491253531,58.76173931693076,10.66294179266179,87.00000002806783,42.0861345398645,3.378608443987716,54.72346223821663,15.99418042047595,0.6603917041483375,4.795531536072191,62.269093028268685
0.7300573864013459,0.8834965415119038,0.7842804932846867,81.00229815706865,42.905688426715244,10.729122954710913,96.44395330440145,35.37430321424197,3.1326838179926138,60.03582601832783,15.137575181230332,0.7512067949141453,3.8982751764346157,63.33280705183443
0.8792970962876614,0.8955892372970745,0.7469738051544802,83.04452678127316,56.445954324151764,8.639653047304098,76.18381650548258,42.36112783469933,3.2321680078171546,58.0533630497532,12.431070086224043,0.5846102226014365,4.7811981622183115,57.310554510561225
0.9326441267763645,0.9252220344638865,0.7883086592180434,81.31033404543362,46.1754760233071,7.431225927854971,88.91013693787063,39.48182192161699,4.020212586326785,72.72428382816595,14.861711098056723,0.5460570206221581,2.369242780094262,43.87353831425047
0.8495428125729173,0.9062340752205994,0.746444624783279,70.25219141122817,30.240367001083804,12.951758301007931,80.44191348923049,40.74348522146382,3.6152627664948387,62.174058527270034,12.954962168521892,0.6173067648570554,3.1549534956193974,87.10019929601178
1.123614038686986,0.8612212395854322,0.819973101764561,78.24575284961763,44.29685932213534,10.982891021788804,84.90040801850134,35.60060134028524,3.5323280166357627,68.54903922636403,13.790601734672997,0.7284080276542286,4.131097121389165,84.55950508917165
0.8815768419562523,0.8840349431061844,0.5877469976579548,68.9082611997446,38.208917856371514,9.541837938156581,83.76059940460668,35.91948839923134,3.425031879256386,60.093953545758495,18.366529023060302,0.5829827468599216,4.263706826246233,50.90116822289711
1.045604245848004,0.8817793670036337,0.8661328321241459,86.84850553827093,50.33902723682338,7.725934233705026,82.85840871101122,42.29818011221941,3.58764465263564,70.56288483746123,15.736868918120374,0.5045130918415923,3.2705741698650863,72.04466943345501
1.1013033679919266,0.8976833686433087,0.8922848412407589,74.56972708940957,38.09592264325509,8.356370343157309,84.94767435473635,47.549724046048354,3.5840707838007484,63.97527756573154,17.439805549327907,0.4459242191684637,4.207535993010527,56.4664269592785
0.7253399586902414,0.9127753097588949,0.6583959152657576,86.27701804729948,59.259751007146164,12.605180793572464,79.32914427361105,35.21376532641722,3.5876506484621977,60.134204853884604,14.072525973496841,0.4778702615394774,3.5009278010501914,66.07649165160197
0.7518442259754975,0.9125461726766392,0.6836133615124882,84.72934821842072,49.08924139646973,10.275323881736092,90.14590218063984,33.049859643416724,3.534453527083326,59.867169110409804,13.631930616780899,0.6864391497406664,3.7784327246182676,64.82850130189516
0.6949086968636569,0.846719647378548,0.520616423960342,75.49704823731969,48.22404005241261,8.898825865998587,76.029282444007,44.907681325374696,3.760639501491665,50.45561373709037,10.386069876445426,0.5679375523693189,4.819819040532009,63.582486764231916
0.6145370361961877,0.9319182296268257,0.7050597346508304,74.33607524366127,56.558921377875826,11.019378462449312,87.69882256414171,39.739968855538486,3.5069313038002194,65.06915720136311,13.519853549727213,0.539247909007929,4.72714999751088,100.0442062611443
1.03123719264464,0.9075770653798987,0.8150150423325744,81.75185108193169,59.639069340758624,8.371203625107352,83.36732073732715,46.64398507188761,3.2066183493342084,59.59795265463621,1.7155417776434447,0.5284032776816058,3.20235173810939,63.39511472985714
0.6894028619416227,0.9415359614278173,0.6661316137854746,75.77837981408464,49.79901248230348,13.001686060560758,79.14537553096272,32.753622293030816,3.3162731327297394,54.98008039818795,12.639112134777461,0.6085045860200181,3.1541988303839172,57.87604262399613
0.8514859154101013,0.9133259498187202,0.8253068148395756,80.51242321079104,42.28799700450709,12.70560106979345,86.01191685299348,25.76448859661255,2.9062943919530864,71.06461770812072,14.672503291236644,0.5760544906234416,3.671061283557347,58.561278557544284
0.6177788461028129,0.9330396887320729,0.6210369884277093,77.58586204596541,32.260303838878706,9.066851857594447,77.2152445664676,35.73596734538933,4.108045134812718,47.49783974105199,17.254694617080624,0.5726867856280747,3.97860295906166,85.65665434602633
0.7514503236581032,0.9139963593435039,0.7443231735038858,71.09420792767183,43.1395024296482,8.74265950593828,85.19856910859818,33.869179125879874,3.758826377585806,55.775041045675664,13.925288489900172,0.7349323927810739,3.4736812091402074,45.218465024605976
0.7592220076600865,0.9403867726860825,0.5878390680458101,68.84765990437771,43.827877533520386,4.76373360261544,77.88561546094223,39.3696927993576,3.250978851461229,70.27718748779533,16.390694168979998,0.7538016281861634,4.832513954239735,58.5606562534672
0.9075184764983972,0.9156675190805333,0.7245244040371754,81.13342124247299,51.070574529922965,7.036838456897264,87.30636042158916,34.90523828583689,3.41544654518087,63.15522940920253,6.280845354439018,0.4389978327091003,4.277911873366844,91.70234260167301
0.7699417646783363,0.8970625426067129,0.6750500153793005,77.19221126834687,46.54853118861973,7.321060450084488,80.37821333184812,45.92813561069159,3.30893705773807,59.52141072347243,14.772652591172202,0.6327592731142957,4.324868087899543,73.65979281996471
0.8951203070997207,0.9681730416134064,0.7463108689790243,77.23455091542934,56.87932972051428,10.270380681974771,82.74502991485345,37.69479790061987,3.9627641634122353,62.510035431501464,8.281988828346385,0.5223137901378607,2.9867689368440224,72.8788300755417
0.848314575006827,0.9266711136683968,0.6751259508683709,83.47931919546893,43.87016728729311,9.34753259111728,86.4697469397158,41.20379599019121,3.0740368507187212,61.79414171048841,10.166785937362668,0.5751748886138907,4.933832573907024,101.98219690215552
0.8929855747181714,0.9172123326301325,0.710099134112376,85.86721138316223,49.42958833147058,7.309329025169517,81.13728944078882,41.26107646752755,3.534342817645634,44.833374537140784,14.251337808544557,0.6309278385126694,1.743864942207447,73.69521929422748
0.9306937197458076,0.86171086750385,0.8152781470806025,78.63727639319096,61.839874431968894,9.437671915070885,84.71018000165849,41.5596407392975,3.4674416472305456,56.50738114652039,20.10505595149422,0.5787280083069081,4.667244361479495,59.377207579606264
0.7373756475973253,0.8613507714760938,0.6406674881755096,78.29700646545069,53.418252139549665,11.010674295294697,77.43084749377573,39.80696711636021,3.7480515892127344,76.1652165451375,16.484827053880235,0.6230459880627633,4.747449390136617,65.76884414685478
0.9057878519957432,0.9087814644642557,0.5657892529250679,82.50071516556942,49.39962458311435,11.055678699831175,88.15437801798078,44.08480552328251,3.4687972316825917,53.406758652228326,15.07292398854847,0.6672970206031917,3.654079050177631,52.968515364541474
0.9301574262152564,0.9043656359330472,0.9074977469743561,73.21532215150212,43.98055558064823,6.200659438282237,93.82456902775385,33.63475892939354,2.9725373370033696,56.81698985895666,14.921878442131591,0.6294576800540319,5.018328173797939,88.83905560023545
0.9734054987752713,0.8815763230497505,0.8814967825628666,81.11576527373849,43.66768603285023,9.743473039032338,98.9610443395498,51.195343413231065,3.424664649607268,54.58379236690813,12.145484427182131,0.5353163695832376,3.949521957636523,78.61842576305074
0.661757865802366,0.9042294809883619,0.5362131969400297,82.75942985911077,41.493867470480524,7.23331844605678,85.4558407333322,38.10770093305172,3.2083513346170025,59.12984776681863,12.824066346509266,0.5370800393029675,4.049945362661954,86.86621224956333
0.5983456046455999,0.9476588078413078,0.7185571816859194,83.40115104208815,44.589931342171006,11.803457394280548,88.94102070398593,29.507606896810547,3.5238738639669682,54.16877168675702,16.70950418188319,0.4560294703381964,4.271623029923373,88.19475892824056
0.755595632722508,0.920862074236509,0.6386014311254926,70.31623648748767,57.55665838744314,11.568292832706996,76.09687163546255,41.504586855934186,3.930253110956098,64.8674150215806,9.458557926222023,0.5146079702479281,6.549259929448844,63.78683828608701
0.7558702698376287,0.8657697447074179,0.7153162889925131,76.1932236509553,47.781117287077315,8.203945547351083,92.51367163152794,33.19055614042012,2.9781724267303167,61.973134122902664,17.372216201132083,0.7962068361898528,5.075547126466404,55.82870721986665
0.7500353574252844,0.8966547351857117,0.7169312522576705,75.60868373588266,36.502269306187685,8.4679095951992,88.88114252362053,45.322676276071,3.259933179380029,67.73547615107017,13.445971731524589,0.5207996425904755,4.560904960570334,69.22430333037931
0.8127642199070756,0.8758510055744232,0.6797502749451367,80.49943477204606,67.68169293059783,9.077465899003386,82.58033277524383,57.676844608339024,3.334192113864951,49.4905883381104,18.302228299478262,0.480662118755618,3.2697564107190438,56.90858393817193
0.94463310732811,0.8883690025077432,0.6577817102733878,82.40372289883992,53.19965191145163,5.494413210537322,91.18590400144504,33.7074232675372,3.3855106713760366,56.59659517117097,18.844373828928333,0.6319927861844773,4.114871860383594,72.47435313113537
0.7184536547592931,0.8875915300311107,0.6105593084581974,87.48355203722991,35.9305659948683,10.671936346881154,83.7276196167733,42.65897866579188,3.7220376992315733,57.74277368387865,8.30766394997704,0.588963524070814,3.3495007249228905,86.98145321252034
0.8413106241079908,0.8856706325218798,0.6187084644788735,77.52517259815963,45.58151072759176,9.454310907319739,82.70987408492722,25.95595529036298,3.447936674731584,64.55646910088595,12.673676947091128,0.5804406763150775,4.6576886778262505,67.4779053092625
1.1317436273353847,0.8623459388407981,0.6997536860108017,77.51213750845393,51.10886382828418,11.940350165135719,87.37667462713746,43.63124183553078,3.6247408177161335,52.06778802792965,11.577889248237504,0.740904596641209,4.112373580587885,72.24992634861609
0.7572548932164417,0.8961703595544543,0.6825958942991749,85.74836009439373,67.04592093297377,7.803181564074895,79.6832275008484,32.91428960160248,3.3122680868804673,69.15653804258343,7.749088139707428,0.6549126675558365,3.100382656308884,68.5923157566495
1.230576188368487,0.8831817708945807,0.7360680481810467,81.48288469265152,38.91887541741131,8.761754103500136,90.10812382199974,35.00132305252414,3.568977303625381,71.86415590517609,10.869866895162357,0.5470007068296524,4.064899666734802,82.04091358656547
0.8424058373749364,0.812116539299932,0.778806665914996,86.33825755593986,59.760407193559466,6.986949483921769,79.72005094036578,31.189708081281374,3.7333392892633146,50.111276523644165,24.76502338106136,0.557552408240822,3.3204660242269557,59.98326408567565
0.4724557595456399,0.96158916073505,0.7668385554200027,81.44364001504918,63.99486426972343,7.991418873011494,79.74972605088406,45.85720980843789,3.2803101350788735,55.09127105106434,17.43803958484976,0.5497413486094315,4.120972977070037,37.05330607535351
0.9044388143693153,0.9326630896265002,0.6681043794553245,74.21441690643364,43.7134569492543,7.636036007863562,80.45155105795833,48.058434859786104,3.7344074359419546,54.68068491707908,22.669151874423015,0.6874739621580257,3.312738146907795,77.06303289063071
0.7743543719388667,0.8887109782522501,0.7175290430382544,73.33435822611096,47.22486381139767,11.991947357692892,88.79750018758061,40.187081717268065,3.5157118306182706,86.32386204677499,18.316393760073343,0.5691852370546863,4.0219901066886505,84.8175163196199
0.9491709686846374,0.900564571492218,0.7872612532014528,72.24243875470536,39.6369075262623,8.603476302497215,81.91612319240146,33.084586357314244,3.8136380721446757,55.700998947921136,12.032627355966099,0.4206846497545849,4.600375889548076,76.69561367137804
0.8051469712833859,0.8648503695804731,0.7484869699127739,83.31025917379236,47.96538858919695,10.248351369489226,78.26002107816416,52.7161842888309,3.439574029976908,76.77625442156135,13.472915213303828,0.5951680321265655,3.957558406459915,60.39654256797979
0.9364096130357451,0.950871686334326,0.741697930050545,85.94298411543504,49.63410025657069,9.238473192276391,81.971600000321,33.99671897796275,3.6143733965486295,47.3336800489339,17.35374472096123,0.44629739988720707,3.687289386262089,52.97481852720897
0.6191763487143335,0.9569186608431933,0.7290623290145556,89.24681070693191,56.59649998082371,7.461069467974374,84.83978814659757,22.70374160058049,3.487818130496441,50.103490338356366,16.750024813892146,0.8184230601754902,4.16262097684597,77.41746297670483
0.7126684707676895,0.9047008118473958,0.7263920129599881,84.2155266616162,60.90183471020447,9.663399153656714,79.09513758167807,43.66711207965655,3.471136321387826,53.13395468151799,12.690631937166664,0.5034332086152769,4.557746096634283,72.1221842940201
0.6895403247273427,0.9307059193255603,0.5486188389491059,85.81419288767493,42.519039353783526,11.19820666372719,79.24159445482829,31.161802610867866,3.577679128467707,51.543106885534776,8.960027317683172,0.5838135234642269,3.1142533840945914,68.11311058512506
0.7039352385540253,0.9052586033680178,0.7628994160774336,77.09991833673158,30.326749357740056,7.584481214913295,95.55648167049792,47.9088703479934,3.661042240767471,57.321012658415015,28.151044749554956,0.6258202734701137,4.208524923764162,97.33695014490687
0.8706091927004336,0.8598982368337221,0.8063813819017825,74.21792091628072,49.78755220723758,11.618225581462758,80.69717298093056,36.950898426612646,3.1251305264227986,52.912217972785015,14.435401310628777,0.5711341839320769,5.05403265521392,55.79799858728002
1.099619011656185,0.8876452989310903,0.698576142496188,84.25039666208777,52.935375299686406,8.300558157044607,83.38478815613496,44.82970592435357,3.9300900826453633,51.80658407265426,13.697044427269521,0.5709969598533807,4.458925570621372,96.62555531691198
0.9198013462772315,0.9039578390031587,0.7337441201140681,82.088403761197,52.49417687685042,9.034032147854319,83.16381499600357,51.212002772417264,2.9421010878350606,71.58471996473328,15.453337855621207,0.6421827286160877,4.046203317333783,70.4767585730596
0.5781774488858802,0.8863635684376967,0.712877261502577,80.53722187170446,46.73326752490956,11.061366246020096,82.89321596114779,30.329129083034225,3.2945563670783313,72.23793622513165,14.029085642755886,0.7526215958796278,4.511790005359115,42.46644284693688
0.8206249409814468,0.8934404016769489,0.6842248532874255,81.93685740316495,51.247520996639345,8.673127685561024,88.1067336998455,35.47250295286076,3.47171927877053,69.49296498375315,15.490915630821934,0.6767509081817298,4.361997164882146,67.31196018521288
0.9574905872247161,0.8972580132747265,0.8466704515827802,81.61592741229103,65.15444808352248,10.075149718671732,89.74071475236025,39.394631418743494,3.6237067907257843,65.23998955584328,20.147789144465676,0.7478513878573543,4.602880887327851,84.39244114899162
0.524378871173246,0.8975736450640361,0.8674819672552476,86.41908429926781,53.817341689625096,9.370618342423816,83.47022784234204,52.30041055227475,3.9728517583224137,60.927430657795526,14.501806081254305,0.4953380891906498,2.3808547112136447,64.52417450792544
0.6586821400231782,0.9015677547149246,0.5860719317422963,86.47492792408478,46.26631574996915,10.258736013407637,78.81760856703825,34.73293825647644,2.9425125535324677,55.02969309334091,10.349158242688954,0.6317362633255361,2.7572350930693874,47.87832188142407
0.9115531706049416,0.868181848008102,0.5897838323358578,82.72110176170173,44.99802182904004,5.238521788953006,91.37220113924451,35.24397043240794,3.347691761483087,50.468424952449084,14.353424822085556,0.6155246052058279,4.80386331958659,67.53228202305745
0.8138626701177667,0.878489515526162,0.7338475270899293,84.22901436281464,48.301476423222695,6.340636369583834,84.5232945440166,43.825124604446465,2.86194995366022,63.62995703432687,13.142392874360358,0.6351091291676735,2.7957766590708477,57.14241439162441
0.8773191819120686,0.861462472029001,0.7914860459906314,82.57031276212388,66.3673996183064,11.231934012093676,93.65160907428584,35.382170194315435,3.5094865921730745,48.26369607453202,20.695595748987405,0.7376231970635573,4.321230908575364,77.37721601631944
0.8279823347532941,0.929334466490586,0.6839089463038466,77.6941513398269,48.166992904738024,12.074362811298101,73.77207051217418,41.22020706318093,3.5815050753500093,50.06079070824607,19.684476258950284,0.5779210850207945,3.7183602751741667,81.60099724101417
0.8878298789495371,0.8368305917447902,0.8672835360694877,83.7828233745657,49.80205655479292,8.179026592936957,85.9770161064166,27.587700632254986,3.977238722651376,71.52913256204809,15.430100001723195,0.5594496633445912,3.2030486035232024,54.155943883778406
0.913186638006104,0.9346077102995077,0.5944360795292011,73.02752465570369,45.17686429063697,9.511943295657732,94.59303166938103,57.71463954045277,3.536190428268036,79.00649041722087,9.885056580722974,0.6533980797418664,4.279719805717979,59.41293917326526
0.8239472478662546,0.9415904819178853,0.7752786742697247,85.26945776147942,60.98983357441965,10.589438505804603,83.23367932280921,29.21832615752477,3.813207538832714,63.93295138166481,10.096430946240217,0.42217972724341524,4.160826802973257,81.34963697660406
0.8981237963557044,0.8909345823905214,0.6639448670130368,74.02738530116983,69.59837254744676,11.386435203317408,83.87253288332683,37.42597836807833,3.675151124461718,71.06457152294644,15.060493046338214,0.5763147950877822,5.688274121677102,57.11733582551561
0.6676317919382009,0.8219058873651811,0.8388457386052799,81.42901643397366,54.50613049431388,5.944645456658303,86.47755845795169,39.740151713263245,3.3694255408984497,57.541516825560166,16.345291877285124,0.5865802310714546,3.5001510363712884,53.76762796258008
0.930528872064405,0.8891606831409813,0.9318837533329131,75.77423020786921,50.827729037854255,8.227919506043246,82.20602090557522,55.30150507485436,3.077311775962388,46.62325813912316,13.50150872269578,0.5079641383693074,5.152088096055339,52.319633023056184
0.7563316630271876,0.8980744751613354,0.6124172569784622,82.76694491537214,50.367828331742345,9.33484124030025,83.43964033973634,29.40123375253808,3.582500689487543,66.12171618618584,13.079321663171063,0.7057059011356577,4.281938331507452,75.28057919437181
0.7731946492400387,0.8696820534021327,0.6383429487191516,79.83037387036046,26.15693211214254,11.406280394472098,83.31092452904298,55.86963308383001,3.052369394856391,65.69289323270064,12.628803067285412,0.49377596826567155,3.47118249476583,74.63736579276197
0.8261083280131496,0.8845434481857527,0.7924858707012676,72.02622020918334,57.451508642848175,14.99686096744299,81.86289632786813,46.05741456881618,3.8885621218008932,60.716685538802444,14.906424159024215,0.5864126951636204,4.639397166013796,59.739309544314374
0.5355193093206432,0.9459058559659006,0.5951667623512094,82.1034981550924,51.341664159958434,9.543988546380564,91.14428275100279,43.33676259538597,3.451381369388953,57.576245418948886,5.46895059170774,0.6293157225322968,4.452590803563161,70.07628094192351
0.44935483791373204,0.9199478148690523,0.6077975876852092,77.11039611583645,54.28342050660725,7.1860450757920225,87.30539016148218,32.12293050385636,3.8585532234534248,69.62210578581099,10.59469348492116,0.7353451561476119,4.028674635886439,92.90698576232695
0.706122883620291,0.872263076568657,0.6790695629593138,84.40573360406684,42.88537805916295,10.804536154402596,86.2531411605165,44.56912993630459,3.3559356697602802,50.14266966572526,12.491796618210598,0.5989443565119147,4.213036285152499,55.38909764622667
1.0599187960700334,0.8520720249121371,0.5730123833977427,80.00662844367204,46.15543121022908,12.64199157908142,89.04285503445058,34.2121070206416,3.5806552359202977,52.26219421109342,19.83001277980768,0.693615359412821,3.5224103751635747,40.72386086484326
0.7165834668108036,0.8901894804717069,0.6777620920932772,81.97710492694019,45.88975063496827,10.216028241959002,83.67822083398266,50.1332900255873,3.562804657200407,49.91893493239572,11.744745432284283,0.6700595397277127,3.3393702997963945,76.82613363580556
1.30212542396144,0.8935962966194869,0.7565585785839426,75.21215522492395,60.21622984073039,8.186702909691414,81.12898090823549,32.231503767138136,3.486486764596723,60.849729626358275,15.721872567324827,0.6123457556169142,4.6075537390580665,68.34398254147618
0.7215523248132012,0.9148859756208995,0.6310757989633231,77.05333884286318,46.212401633969066,11.915987882960039,81.98687847692722,39.094732044351325,3.3702021459810223,49.12106987890742,15.906171003723983,0.49104865917265444,3.8208484605493807,59.34962369777348
0.7587799593732946,0.8839404986229703,0.8340581901902051,77.70680681949457,70.82660322109797,11.32709123699687,85.00891520552304,35.55781529589463,3.617736805541156,53.15757819484757,20.191666022643048,0.4565419139095651,3.935933601400726,79.78120356032362
1.153166419066754,0.9153449872608559,0.6626409153387629,84.28351240121277,54.308624190150375,7.947838311608751,79.70394145813549,32.099816300584045,3.2221510209550375,52.94244437772802,20.0503096278566,0.6106505401419187,4.223857276755422,82.58837717003185
1.1440267367186412,0.9580546212018068,0.867327202854458,88.38688543902745,37.243173400042686,10.762851235068684,82.49869491706662,45.930558535263316,3.137169401312282,57.39391667666042,14.769988124820335,0.5457303126097386,4.212230675827047,36.87582970179861
1.0262458441493432,0.9244650306733279,0.7286651680041549,75.97414124128562,48.71453706748043,11.994531135317745,82.41941679064283,44.283669979277064,3.8728480679980484,45.12625553596023,13.098061035242228,0.6919261091681291,2.856538823220748,60.211031360027675
0.9660278403422827,0.8985573447800769,0.7135309432359873,85.3842407232884,43.48324877843584,12.363780085117787,95.62278114914507,49.67208159120798,3.7181503966676304,60.87204992037267,12.344667588697238,0.6745856518098577,5.029001669163887,104.76274346795282
0.8835599186009387,0.8945054858684012,0.7999271692554059,69.15161291137149,28.056175301799758,9.867102049381089,71.13092530033042,25.76099913433466,3.519767482580672,72.47303650664678,14.035747110136876,0.581538900556295,4.096945721520543,78.75107373697287
0.7782550639030306,0.8892998059746039,0.7285688954326467,74.02905299453855,65.9947094011379,9.283841107641361,84.10190139297184,48.51336561872835,3.9995427147631344,61.35491372316762,13.2638665827056,0.48422870760587305,3.8378773897422804,80.14155457445725
0.990848365227527,0.9354192273735643,0.8047733910288348,75.20610771906613,57.03142542220004,12.454547644162526,93.62846896407385,60.04359124285515,3.4196703443825465,75.41321144801321,17.21450963743293,0.6510735549607273,4.344676804135798,87.59341417947218
0.8700754737883305,0.881180596621461,0.8143373345003687,73.23745655279639,55.33207317899313,7.57967899403823,85.60922232066227,36.38687128658442,3.8968109659966936,73.33998185876925,16.681239269940818,0.49820505538648496,4.18923375489189,70.2560323779959
0.5653847615811227,0.9013566812699995,0.6082153520769483,72.0820580510621,51.654036602997046,10.87715858184201,88.76708736710546,55.16118889687176,3.5526722254777465,67.77735047247855,17.367204764580062,0.5241536077069134,4.613650151591762,81.9502624013743
0.8445313703236029,0.9015359370564325,0.6499091691301256,82.06499456068899,36.17982431307563,7.259946745271142,85.49913157549884,37.89470982352139,3.192574774977083,60.74685842636886,20.037134845744674,0.5020584261784845,4.430386937720753,80.77093065755804
0.7224209010915146,0.8849464742156541,0.5720901726170988,78.92966151136069,45.163828604445634,12.130752544519206,81.6633330939176,29.020722099509545,4.0544120575312546,60.225003882454395,22.451476485600708,0.5861498978060047,4.574276983197013,78.08562245129139
0.6930457618997331,0.858826033563477,0.5907203874770378,81.89702698802554,58.41780774784013,9.483908968777676,73.79042032745544,37.554940460745634,3.7972132539872256,67.6379977236326,15.498653573630227,0.7170192334070562,5.080795124582012,65.16982044073893
0.8570666031793978,0.9096892351085301,1.009176093325722,83.45236343060756,39.487799702174975,12.537166471294938,86.02727843518151,48.38563174140221,3.4636936906971307,56.083293904959675,19.397855085582613,0.5994959129776471,4.706899639176777,72.58088383549388
0.8741765197111914,0.8981698808443385,0.8430120880014765,81.32808496586267,24.682306837491865,10.982825512711054,81.12196697698805,33.294588141347745,3.7181513778601847,41.17479248532536,13.593359264663139,0.5556781307572304,3.8716110237371497,61.17457653539833
0.8171427631793633,0.9150072140830972,0.5691782541740387,83.28881588075187,47.72893992219074,7.55355953987614,80.99832296917349,35.1972907279481,3.378888969800628,64.92004054102959,19.740027934332062,0.44743850699547555,3.101679075138534,70.19221456849742
0.9551535028454063,0.883991990806825,0.6065425800369946,79.65233856878865,48.58242445972461,12.849255464154487,82.50506372010445,44.74831545834553,3.7487447105178626,48.68931370065029,19.246036628703376,0.6552124584729843,5.3342383464036125,52.472636618511
0.6503831789423613,0.9366246389643914,0.7107824009074394,74.06503305847127,51.35563416414709,13.102490532855459,93.72430703311747,40.024480933908585,2.782676430414812,50.378587718096156,19.033663879771964,0.5219595394071372,3.8098213013223097,58.14064013090571
0.7669320323521114,0.8736967865636447,0.7464594878258245,85.28907090410398,57.28518643514536,11.76457298519843,97.02418771126986,44.676983619893925,3.194059599891622,60.00223947995788,15.376279364766095,0.6117517619158096,3.621514069311582,65.76531937112605
0.6733608081602666,0.9513612085205367,0.723228585571803,77.05443933609436,56.37605812231209,8.47682426992756,86.086039687642,41.902636326066684,3.793777923286089,59.0487512244653,12.326567344036444,0.5645781384083359,2.6106185457884488,55.84441852854886
0.44741441447571323,0.8475709047051522,0.5863580242635584,75.32201850618787,52.587698052439215,9.387972091285182,82.67616388044136,43.837002556412585,3.425103338534324,45.87924393684369,9.421886248538094,0.6838177219599437,4.270778484249689,62.42474093882235
0.7414561906781285,0.9130431019367068,0.6728186216692421,79.11041062097802,61.955313880867095,10.29085443481152,79.11386791274394,36.54159051352367,3.5622626884666224,61.6549156413314,14.839851169915603,0.5842763607971447,4.1191092831630165,67.54111034866726
0.842169171808568,0.9142629204757987,0.7433302453680777,75.43594540351744,34.81030219186685,8.592579201337134,87.34270080773035,41.85384753624314,3.0959643013653695,69.66139660861049,21.13205016899673,0.5941073645476949,2.7879080510004153,76.03393516996566
1.0670908364962701,0.8761332879617736,0.7753620097534005,77.91284809005283,55.045818144773904,13.384693144926409,93.91452800032572,32.58101595443253,4.054360098710631,48.71658429734217,13.760620394543707,0.648574714745546,4.362619233706541,84.23885952779364
0.8164173330993325,0.9127318181358304,0.4821742960000796,81.72026960781733,56.265383633369424,10.288652943452073,83.76329806487422,50.30746898002711,3.857158893115303,72.72483330848759,18.14050634184022,0.8106940182263186,3.6014464634388488,63.04323442932838
0.6543185607849573,0.9383855600928048,0.6405996771387199,81.74170869623063,37.6043771391976,4.593303905785286,73.10501979623388,34.92580226546149,3.439794434487401,44.39829174870056,18.375805602075726,0.6888446930358554,6.152252005830955,90.02656925902936
1.1382248548198715,0.833495434819378,0.6994155702789365,75.51084966787185,34.971293913176105,10.67871162551244,88.35024835907763,49.03077990039512,3.378591242941002,81.17324144370954,13.865255116291308,0.591139389365139,3.5445110463273055,84.0791661793824
0.8496026318390932,0.9150823442247245,0.7299217998506244,77.56147313525628,42.54057873524398,9.303685206365374,89.92699855725024,38.131144312137074,3.808881308425908,55.88739569516517,20.265379350078078,0.6003197990615288,3.6518453342417656,77.56140747915913
0.9307834709106872,0.8252018753900977,1.031221767988013,85.37166502385122,43.38458557484708,9.850146887763104,77.07077179807077,41.61599208605857,4.094741135050678,61.45616996826891,3.365357022077985,0.5475140539675565,3.300179020596506,72.30473693944928
0.7130174844568575,0.8710300558943038,0.7150025376616448,82.4820005886697,57.534194635024306,9.262761268428601,85.88242091831476,36.040283592874395,3.786128076743406,41.0796642751433,10.1089988850473,0.5050004296480305,5.022301216833577,74.78681262802812
0.7017320079789309,0.9488749909470284,0.644080033377493,90.37532519674271,43.85461216308905,11.614092833213375,87.25613008068049,31.872036550655768,4.151540800218981,59.378639335306914,11.33747081456616,0.5447249212933678,3.7017793644281975,87.80576725999573
0.6831082510659408,0.8825465389982384,0.7629572129642104,85.90064086870764,41.43651481718796,12.239375557106762,84.63446348995531,26.041916899157588,3.2232946012814248,62.28482177718192,11.721139908530441,0.5227851036288057,3.4200686769876025,88.3536948963891
0.8189217249024664,0.8647836010677309,0.7529992199465378,85.72146534279969,43.883662633054406,10.566106324517307,81.04614540457324,31.557406731260322,3.2541839508503627,59.13837895900505,16.345051804743584,0.6653368383795886,4.565564007936434,90.02420092575466
0.9524845508595383,0.8940618681304595,0.7801305867600687,73.060657247721,61.18632334154212,9.321377625723683,90.07968611781779,37.40872917427262,3.1433176645839955,54.36918922947626,16.160151212215606,0.49288051421310136,2.895717651669452,70.61990247815504
1.035333324973739,0.9620371901449066,0.8195183905650019,83.81930175816711,50.13043374376952,9.91732559038166,82.98310127015658,41.69503343063107,3.632528194894844,50.53435481472185,16.575962288700033,0.7333210561380044,4.500088436999158,78.3245074749792
0.7474503868697775,0.8450495325838192,0.8925169532003986,79.73446599151545,48.20748974643088,10.039199233155257,77.57406918650034,48.08303450626611,3.552681064941311,71.30526619537311,17.384325976529947,0.6752046383618829,5.425119773280686,90.15319759933077
0.5597120549982957,0.8684607026508196,0.5268391702169823,77.24509098230875,48.899945012989484,8.395139920270326,74.7526275716516,36.43394032162521,3.454414662958404,60.3080713499795,11.199581723417403,0.6020501729367668,4.453286266268071,60.644259476254106
0.8722203337388705,0.9449229504953888,0.7654182911158631,80.84007670266264,62.92060334326523,11.15785729714247,91.30424759999654,32.944313885862606,3.7427775884369896,75.40752376516772,10.127295732770724,0.6000318611465069,4.51031865300794,65.22374719422544
0.40181249018405557,0.955731070306132,0.5078150095478601,84.72605767305741,42.50828273396758,10.920084647720932,88.0833198823556,28.4582817119783,3.8696985815643994,54.73517645205077,16.58527872803145,0.5442718690385446,4.696048173525988,70.24054994520218
0.8431887732359319,0.8968970632712915,0.7663484579432078,82.50415795502106,63.15508290940104,13.080882479553347,85.43986773564585,43.840508943232834,3.0423012772139475,55.65205306627783,12.479071705414244,0.6270084411347764,5.367766422940415,83.4939810696911
0.6809783160742031,0.8628284189242007,0.5783759278699413,75.6076309932897,52.10496298921504,12.510699560576949,82.79862681574598,51.065556122634746,3.3209083916296653,68.15594244596163,8.718099818528117,0.7088092463208588,4.967915168015283,83.72758226077934
0.6779476360955909,0.9628753050542748,0.6277502276633893,83.7122945679631,48.395806180246524,8.628650164819739,82.35500792898436,50.130642143650306,3.746043078236918,43.77025037996436,18.885377138165925,0.5296843537744186,4.351735777818419,66.53703833203097
0.5645864336152938,0.9478332717524759,0.6116376169800328,76.81206228962019,75.00900497934282,11.640596749017929,79.62131675779194,45.6794619851779,3.3596783948424256,47.86536639847077,20.58040762600919,0.44666079110812695,4.723113120508801,47.37085818430435
0.8082069467627414,0.920368409632867,0.7996334086251562,81.08341559482143,39.44360510201403,8.098093233811056,82.84272177720058,45.10834653814079,3.260538177092554,70.97484971353164,21.228643558794637,0.6703218254856744,3.2912520596279116,73.69275916443951
0.6893304305123273,0.8756279295318774,0.7641780520223231,78.48324966261433,46.46314240432994,11.391864201881699,74.39956392439913,53.580990237674726,3.8055612282951183,48.28066070776805,15.748030885898881,0.6324365974243801,4.621034872597858,56.22525794007398
0.705015899380612,0.8985291197748589,0.5516822372005146,78.90566874132188,37.67568760835999,8.966771602479785,81.31968173265743,42.65665169133448,3.113149979082806,41.80948984697452,17.50372838389161,0.487980119855882,3.195555223053002,47.65095693039666
0.3230093184459008,0.8951891975686551,0.5862457407114601,83.83121487520255,59.524619705361694,7.953493553248832,83.44531241824453,45.169037408193375,3.4095260576626685,78.68527188073091,20.479472893447642,0.5266608629085882,3.7063820650946986,51.04192658899425
0.862728133207616,0.9099255391384673,0.6447240478269868,74.79903140092051,66.89188933651678,10.560090685394808,88.04940023595209,37.43372910518401,3.5985932077414424,46.06182352125795,12.434336839906264,0.5140895725949859,1.53395025988541,74.89571511768341
0.9754611911278521,0.9435300431439401,0.6180148067144297,89.72597537138466,66.6992278140464,4.6508657436917185,84.80036768313317,29.10365303316194,3.3278540258269644,61.8411939832817,19.44271073621637,0.527546773096575,4.32114372749397,90.4155604139921
1.0915732164154033,0.9263825112341221,0.7511915990614138,70.89456965352753,62.23948753146004,6.4980488511895445,88.97461556937779,34.52920879600339,3.7349466968039526,60.69085192724271,16.101584936572834,0.5676317245958812,3.4849023911133177,70.58341774354366
0.8467610511646912,0.8676787176904572,0.6808419839455908,77.01166158372571,48.02379532204034,9.645016232451434,91.74567552556715,39.92672769172276,3.3293369074407893,31.893716833819163,18.654846609370363,0.5733452695719252,4.8889161721635706,73.17070981968948
0.5119366309355498,0.9412948935005861,0.8706558063684396,81.8510594497087,46.347590225101534,10.164883533269684,90.29085046912051,40.48628298001042,3.922585848033776,57.326829768321915,15.744372083503741,0.534920634493154,4.312154088484323,87.74342408316888
0.8065645179736154,0.9093939642003946,0.7449371120294734,82.92157083217656,33.28830227505935,9.261362459683623,87.35254923689278,55.41028683884315,3.4622761107512683,64.4841324947911,20.18502683899201,0.5241836180500071,4.8992767157613,46.83317636374669
0.6964079542961996,0.9206119738757675,0.5363402384986262,79.49762139714147,70.35873535181793,6.841127402564803,85.05931339590393,40.65021734072855,3.701381041011606,63.543093815188605,15.894095050166147,0.5771215656080618,3.13312276426197,77.80264632400407
0.8290251540894805,0.9439962257783581,0.6507788881052758,79.71304648499229,54.68978078148468,8.364216315722988,80.0960599579322,49.43074755220515,3.7238071858948447,69.03520683803501,9.06408376213033,0.6167691534859561,4.8307088297277065,69.82615323521769
0.9446037116274083,0.8666525925145935,0.838289257449792,82.05275042663808,45.08043095130517,10.782418654474787,88.69972025689658,36.51938206738947,3.311737999176778,56.12508685094566,20.807706529258887,0.5683703463635155,5.684685075490662,78.49086188248101
0.9357211686453806,0.8989252326388061,0.9427745694483376,78.8446526127116,63.28056888986968,11.163563541256725,93.39873691110765,37.50659291387813,2.8839540354032334,67.12504442092161,11.209877036111552,0.7158667023341302,4.611326639945515,62.74774137394276
0.7919040715258392,0.8840563634592236,0.539377686657664,86.96590628967454,40.27235483239999,9.967553764808118,86.71053019825209,29.367938902212416,3.6082267263991503,53.10670931919928,20.012232840975656,0.6508087714420786,4.632279206953831,57.730940643602764
0.7569947586420889,0.8529642172390364,0.5012562511466176,84.196745571158,54.06622034222674,12.313667562073977,94.58629574213062,34.06137589698743,3.521686504137461,45.89532583587225,14.639028474238712,0.4409154143141304,4.135678141115948,72.10763356428409
0.7617251769193004,0.9104012993281476,0.8775278117670033,84.36412175502818,48.27370865709165,10.794794046918469,77.37214145969457,44.215851130910025,3.666747808272538,47.02271624318767,19.704043940790825,0.6523727765413854,3.5802649755477085,94.73786985001692
0.6963216143581181,0.9753466965475327,0.71304182132662,75.16921638314791,56.386771398803006,8.505088692083575,79.22918307610229,40.060481443153066,3.432041758285149,45.37889544804585,19.53907445946706,0.6605543982585582,4.608953898161207,82.91365156812194
0.7930363791807872,0.8447976676648274,0.6114298216075601,79.60305787797148,49.36426460813878,9.438995893176765,89.27600753874131,47.54350895917787,3.370871690359785,70.09585967891194,16.720571897261486,0.5565265031875808,2.7951336716783453,62.384608447298625
0.8221546687326293,0.8990315816685159,0.759001575795401,78.49767025639647,35.49072108888776,7.194267685584291,86.32145105076626,41.4500315867604,4.10254190329451,44.85426490941443,17.034141270508524,0.45048024126968444,3.6657959000633467,49.8854194602808
0.898029196009188,0.9192162880522432,0.46093252510060917,74.97199312155267,50.75576372670038,9.783722019217166,91.56891088285904,37.18037014689806,3.058293781546767,62.74038840649303,16.690514468770264,0.6008066759411136,2.5831545581302544,44.76899074453322
0.6449185023723787,0.9036923460496854,0.6615671762528108,81.80082091972884,60.48864141875362,12.224201238442678,84.9226417963663,57.18637491029567,3.7201851435092714,57.34075805927567,6.944700974875689,0.5992291348517755,3.4370748981479338,89.74149177775722
1.0554594567341922,0.8966061584245278,0.7966469814678566,77.31177121110092,49.70783594146015,11.370580169421936,80.66012288735834,39.24877145029562,3.3276194425449828,58.973514265493684,15.473320875592808,0.4878353763466805,4.513636073514849,55.673765677962585
0.7256527013779936,0.8610235090966253,0.7738401892982814,83.27701914925119,57.75115121589086,12.804018651838245,83.93203378897479,49.30400775764243,3.3992664146778733,73.636072951997,10.53574329571242,0.4548780783740064,4.404314700976371,65.11729880507595
0.8199768943994477,0.906983602288205,0.603604628370608,74.64904218552834,39.54470514325947,9.394229512402013,77.33658014538133,36.790326347642576,3.4048691502278103,55.61572632784727,15.684748574982653,0.591244645354656,4.040730956428378,89.81816689116364
0.8539503120194616,0.8772970806895223,0.7220562941452013,88.5952030642091,49.73739206730148,12.692199589028515,79.35704663451483,45.67679583506853,3.2589697177486228,66.11601561549683,10.428229814467137,0.5766922807949177,4.136320795249609,45.79147816781513
0.5060539372335943,0.8343023488506435,0.5339710217024398,75.5183367070397,43.75489544911423,9.61339154710406,89.86221998959005,47.42412527321349,3.671367263070872,60.37563351381112,10.260192235095701,0.5582734634677606,2.4913083057086327,92.38396764212588
0.9065249268807303,0.935837766615412,0.7521696072876143,81.09651168600217,57.469808401047096,12.943170165139788,89.36393707234805,41.66793576460464,3.917193078784987,58.47981094367302,21.419738007015606,0.5916589265253438,3.701950175543268,66.19539319161247
1.0066236983369807,0.9287515745952613,0.6621212923479427,83.95929655194034,50.31491562261996,9.956286505115752,86.81502142403039,21.164136618427182,3.6410040983739984,82.99969124386473,19.27778955249676,0.4897223626179681,3.454918714851832,52.77125027141892
0.7251548365905439,0.9015498293055324,0.6404786252316139,77.14679784899944,56.900736763366126,11.414462747608553,76.39461239519765,40.1460196868489,3.5310145988636283,45.5865825428463,14.983429660223383,0.5565179387133885,3.4727522475883674,66.2897360927663
0.6469986447695025,0.9068722406461711,0.5621681217133527,84.26234321716476,60.87710426157866,12.95022472861971,83.20798212243555,49.8436803820798,3.204067850270226,72.89131835437445,15.739074600996096,0.6533325030614348,4.479662902251003,59.16104827897784
0.7967439777822226,0.9322295403814669,0.7642996186279213,73.85408201099791,56.91618575121388,9.613144742837589,78.87500055669975,44.21984666422184,3.655047579747335,66.56406565489972,14.008335897027965,0.5650029919648711,3.3115941387957517,76.61229698358574
0.4159547677849502,0.9067301897033425,0.6898338036119042,87.2605884959128,52.731184342936444,10.436777975088349,90.88266626893882,43.56671100183397,4.146904889518789,55.20475005368216,17.27950550391809,0.43280275282074476,3.5162553198980713,60.27801349168333
0.6925210196747511,0.9271205266428395,0.6496681979229464,80.07074632482879,40.017877414885945,12.577726850412605,82.08138933218699,26.221944528339847,3.3857916128614725,76.29318517441612,12.29578253380478,0.5527307722276428,2.330344603432387,41.32536683621436
0.9206131722784382,0.8910755339737845,0.7339770925656124,77.01794296015561,49.972138893330985,9.733993672139873,79.57126144609225,34.23635943459953,3.3872049261944404,41.51889887611463,18.97496105147183,0.4929841536493139,3.7647014556990643,66.69156198386516
0.7459715715066353,0.9393595121572185,0.5416337514133044,78.50409113786283,44.66909597984167,7.358215434987677,85.14898082560713,43.290861049211514,3.331673260705701,54.782333427009284,13.987652635943556,0.626713629646173,3.129729961829104,49.651824215701915
0.8701878797261275,0.9096235717779806,0.6875793051308532,84.0445963469636,46.55936043295773,14.28601410916982,81.79922771582694,43.28306621429513,3.353175729651674,47.91517795730924,13.320612016675085,0.6318837403380425,4.063362342951715,73.0647982598248
0.5789846870017801,0.9058215583081762,0.6397257100462705,77.07772354074781,46.25465849249749,9.060471071325725,92.41871955101854,49.71733424106322,2.6764101338982846,64.1208346487146,15.08685207393937,0.43412253749139684,3.239113562606028,52.19304501575014
0.9363169438597082,0.8618981673386391,0.9961585450679247,76.25321155288611,40.20074425217756,10.317512101875085,81.32594551232904,38.841065958831244,3.621510615756714,48.869358988128226,12.635412680297557,0.6759012970582189,4.083633796439373,62.67980795241871
0.6177629529347467,0.9086086756290512,0.5432440356562702,78.8923170120813,30.4266141086601,12.312013338902254,78.00385870387684,43.24659269339051,3.246334347093616,64.33063946741319,16.314729397985932,0.48878136987214416,3.8842513914061256,72.73881706321504
0.5765793922628588,0.8750413524751665,0.7905625719409585,74.11518943615016,43.318569516722334,8.783012192537596,74.23543242121242,40.13099393545035,3.01692106436246,58.13563584178446,12.850549642746401,0.7559182290482351,5.337633418433857,66.81311912448595
1.0363801186795332,0.8808515182041452,0.858780907016464,89.10271953970908,51.93379451924159,7.98426417355574,84.84606748793293,32.10445810798755,3.7259569849197645,55.20646057343916,16.874094411275344,0.5951223735499382,4.397774384362555,73.75645424501568
0.5715243638179053,0.8755387311505164,0.67094473140349,77.16802704392639,36.5182295457251,10.507474593549667,82.19034943071037,21.95366935124202,3.175394664487419,63.8864724603331,19.864026155645906,0.47536065014608375,2.5282897019501576,80.20430748576635
0.7699624579043972,0.8680129520430233,0.8683526628956126,84.15808393090202,50.15682236471624,6.413847204175221,77.85547696744136,43.44807753704061,3.398399283834873,57.31378376061936,12.122713252767305,0.4858013929307318,2.9880889247178333,52.63099450403041
0.8571650921841946,0.9637431420905088,0.751501820306735,81.04735041823886,69.00268424310966,9.424187846264159,90.94613230627893,41.39157766730249,3.939932717356574,49.11365156940961,14.477698170819314,0.6348095291787345,4.044166407193867,69.03403689062938
0.9390725693022433,0.9399401718596521,0.7736840618923536,75.07732974759016,60.23056555252239,10.490077328630813,88.33622573714621,35.05459966319865,3.077235260592646,88.01372989634979,16.84532285214169,0.5608700110101622,3.2561216412858793,20.057443037378064
0.6982492764417433,0.9576110250643278,0.6692502538086813,79.97022645393635,66.4354150912053,9.460096206349672,84.85891060531385,27.04661554787308,3.0402205296206715,55.12832816970855,13.256570580074373,0.5903346090381859,1.6253052558113184,73.70999952523786
0.9909074061015475,0.8633131494133331,0.8700837397672496,83.92001389655374,53.91127876932726,6.9130981136285055,91.82163122085433,45.03791611526991,3.5807918568687014,37.82390919847985,16.85728224330666,0.761278023269704,5.079637051066995,65.48778804437737
0.8788717754542656,0.9021376124973268,0.8293648672446547,79.05869332456847,61.67509822986446,13.188355912408024,88.31268016699306,37.87263940643558,3.8448462092031104,51.579013102786114,17.22159544260696,0.5300755935770924,4.576179213524326,55.24825354783043
0.9238234879934986,0.8611947712438771,0.6683881432487534,85.96556472925514,42.760352695322126,10.207076307898351,80.88572049240784,44.45499777894516,3.027697484680411,47.327233116272694,19.333047105177215,0.6059962857695707,4.4167814987934175,74.73579133444787
0.7897173613283643,0.8791291536840881,0.5655046208722143,85.10757696390932,43.55659732978016,12.862304235523482,79.80389918004617,54.91238824329407,3.622306921051153,68.26145616040516,12.576039815660351,0.7419844487373053,3.514141563623268,87.59046365777601
0.6769582745803183,0.8724561904975028,0.6489415049055139,84.59457427329164,22.608597938625273,9.47992749963911,89.0899077222693,22.86855295744236,3.6742998619885077,63.21652659591586,11.228899039078101,0.6270513475466399,4.3421414168079435,62.85973378601585
0.7422883322262318,0.9371875201932469,0.6055682266167932,77.70171613863502,61.861454740422985,8.239976036618472,86.98183478233676,34.40319353038109,2.8822518548923037,63.987128017903444,13.769690441745025,0.4393397264641994,3.4365117406232946,55.827782646374196
0.7444348763842469,0.8881131096569472,0.6797562616345263,74.60078776109256,65.40323979819885,10.53836184051032,85.84873883985331,38.3249950935047,3.739550401372166,56.29977534162756,11.128990641811601,0.6505389011732137,4.163885840174153,72.47537893658067
0.6449044471797104,0.9320513800108206,0.7849699252633415,76.93206197318602,44.4682275465273,9.56842574734356,80.76751098565546,51.638609393173205,3.762981763952654,57.206497529430784,17.25799281618999,0.4836997142216556,3.263533419330818,49.965900000304586
0.32358483173459957,0.9181236266876556,0.5351660424249709,80.9812047033336,47.460482936027645,7.644477084017284,88.03973783502877,26.90877584634812,3.4064643280231928,56.290688963923316,10.352994799294354,0.7406807528732965,5.213030760444811,60.09427944196691
0.9038023566833616,0.9691091625631437,0.7216682510396829,82.72893356766178,42.46137886309039,12.93956851757499,81.22250558433025,55.486888205444835,3.8757039086894025,59.1880681586453,24.332065673010753,0.5177132395002022,2.7438106767345243,88.33603242475753
0.9622831945858852,0.8556166733058083,0.7463730721273109,69.14214297619776,53.82653551477492,8.755459554212008,84.4900667270316,41.08684721253032,3.8409366722974534,68.35333435364835,20.183711446295003,0.8969509507745664,4.9858270636086655,70.93268844718432
0.5285633302093562,0.937776997193604,0.7169839207728674,79.95943399194125,61.24932545303241,6.319467230408863,92.2347207319349,39.231994706129136,3.5309353777151613,63.36075412505346,15.050303078401257,0.7467375988327678,4.031132662413865,41.807995540807504
0.6077390823851296,0.9343932261120218,0.42724583719782183,80.79044612661592,32.57228026118959,12.656332107914665,81.69582882094927,38.41552189424875,3.36456638290252,65.00112829620866,18.469577971991903,0.5203387430372021,3.6084264037264075,43.04512529080898
0.87128314432731,0.870798634859189,0.6571507566052979,78.61227871842225,54.094385306422524,8.991403968374753,77.13505371463569,36.50989574255977,3.208151632225113,64.99558908249203,8.452792542756834,0.602001380500161,4.13360233735659,72.43128538970163
1.0303232231941704,0.9302140000941949,0.7787091750264898,86.45636919507939,47.233282282808545,8.784352214768752,79.73726404064945,48.384934074153236,3.4887309471901427,68.84442437381738,25.09349332559823,0.6753644281633463,4.5866784057425445,82.93585863876531
0.7675755953452222,0.9100843488907869,0.8119017944789917,82.10890037125435,51.13394391966689,6.469224825940052,89.97149413343811,31.45183396734049,3.670927675911254,62.88150041540255,12.639141551198042,0.6783660474226707,5.093397389355518,45.735678120607744
0.7209835982592181,0.8931757122013978,0.631055654814184,86.55095954040449,54.58994001674291,13.481882973193981,86.27365568690105,42.76331345315083,3.402746941687808,63.588480726789186,14.518010344402562,0.6442336259976197,4.2505144185068255,76.74568911244762
0.8331246231659022,0.87528193539084,0.5206258851872881,78.92019739824885,48.11797561227179,7.421038825580625,84.35561310655623,36.926546674344195,2.840749698421391,71.88806241193157,7.576266851246253,0.725215903696611,3.287443131790178,89.95515261234578
0.9324582369380177,0.8784267164565245,0.7950857038311181,84.68738746253463,48.964131465942195,10.1168989614113,82.45453097344215,33.902932411887214,3.880614168372971,53.34954081996888,16.94514921896358,0.587703105336563,4.044504099012631,98.31788481937959
0.7726738467397726,0.9614943628735778,0.6296322228023803,88.1753319726376,47.86124832445361,11.82524064508088,87.42679953776594,60.68780140547116,3.557066966553468,51.44257420048493,10.574623371691565,0.5633282331423967,5.453434589329898,74.96834139789814
0.7885722277068581,0.9000204845687245,0.5781763910176784,86.5584672463633,59.70316201788282,10.843433866006194,80.75447574504888,43.35240587802768,3.38611265099695,48.14078400813144,15.406623046264118,0.5653136012075389,5.0781424684101,77.6020389182871
0.7606632639305912,0.9234639000459438,0.6277312770113254,74.53929203285634,54.18759960127497,9.880691376015617,86.52832784321298,44.90612435728915,3.7571475165269863,61.82914563620256,12.822902268301847,0.6858373231972127,4.727010782499487,38.00223358557784
0.8071443737658385,0.8762730185499734,0.6833335576758747,78.7316196122881,52.20583537737361,6.596668283425167,81.34372715593521,49.1022142453493,3.9573915789448266,41.46267758780877,10.689024260278625,0.6365181040302645,4.636549616097909,101.49628821993983
0.7564974114709335,0.8766044116133509,0.6286498864139121,78.27417647275102,37.290482789077174,8.380550328465432,80.51170307362473,28.629200437451622,2.6594265291536328,64.62154096059677,11.78255399294953,0.6291283665690256,4.559560072485233,61.36764680355818
0.9441293925055207,0.9324595442774983,0.5154757424164733,82.44627267538164,46.214202567868455,10.375600676085044,81.81256282587495,54.01833527297625,3.6302790949766215,58.90806905499447,15.903152136342085,0.6795234249257182,4.927003867607896,55.99793262362438
0.7061642710550622,0.859512713653454,0.7662476874524787,83.43176777507267,58.98669160339174,8.425651860026008,83.12296276758019,19.928342572039394,3.0720052367568957,71.34639699821057,9.874036108524702,0.3948947592146145,3.6346969714224757,66.17190798340563
0.8818305196001915,0.8875435869628419,0.8479451340279202,75.80553662987131,50.37696573123923,10.406718919997536,84.75585082033149,33.849868719691834,3.6497331520396825,53.280826895350096,12.004753315905692,0.631006882387515,2.915931147379995,92.67510121278147
0.8085775621709931,0.901020822332167,0.7672965896766988,80.33919256958468,56.59531469589138,11.363486817630283,86.17727897555557,36.327746614568795,3.538378160712374,57.96681714582493,17.653093525057912,0.6218568888873716,4.055202800589649,103.12069071315322
0.5610746050226652,0.9033411780552016,0.5265000842131846,69.90036333921933,67.66511800327633,11.925005771600203,66.55817354285779,44.653786919764045,3.690717957932165,71.22203333293369,25.409919499497253,0.7668808081300705,3.3459347305778473,71.88113019213766
0.9548639566776596,0.8946272014495154,0.7185668357746631,87.20972502900945,60.386060692088165,7.547641284374633,80.96174721126617,41.7497461291319,3.3502257156516033,73.83135646778152,16.91035527821202,0.44714120177363326,3.1559833956982524,84.97126258905483
0.6982852966642096,0.9118745934328777,0.6739191926431065,77.43812879661654,50.93158337699742,14.393292109957908,83.0421501132198,38.66548207441286,2.9380279664542543,53.1984763424818,11.330953431290851,0.7557186632376758,3.4237771387296547,70.64806073028255
0.9685881713307524,0.9207856726745344,0.8020264817888791,80.27931969922248,44.890108298042726,11.534958689108262,92.52531019304165,39.90402124297821,3.3648895426229997,61.8178123258716,13.531543319710757,0.6075409128924666,5.988251139626949,54.43306790472724
1.2893038297347474,0.9220391263637799,0.889160006305495,78.45175143005969,24.464504039441017,9.996571692661872,79.59998695808935,32.175815811819454,3.622054290541935,62.94418977684048,15.126356024610313,0.6488989530660045,4.108899707260675,92.15115506182437
0.8535645198232444,0.8704258857399653,0.6399737500779615,85.73013787506707,48.316150775271474,12.17907316615328,85.81398309049956,28.022140844126614,3.804617698602567,63.73653405621148,13.60230019745717,0.7675918787609377,4.289526269088791,60.66808779465416
0.7452926723976178,0.8914753470621362,0.6945227237407604,65.8124677930131,46.73987504183151,14.730815543999947,92.4751515486792,45.81209297868848,3.1484506098582425,57.37424340684378,18.612232666947733,0.6560761268005573,3.0221097543965967,93.03296160057823
0.7745270991081057,0.9358428858563081,0.7393598152385505,79.91694828837045,53.90366194395376,7.122559797886261,78.43515735026364,45.54964890028948,3.8081181280619054,72.81383398123634,15.869893932056899,0.6400368289462561,2.524997632965896,89.47811994653625
0.9901775783218437,0.9268394156272162,0.8931266267951377,79.47090621251151,48.460947730253125,9.549474715017293,86.96987612932202,52.67595500125647,3.3056383131060434,41.102965163784546,18.63140953963948,0.6242291185802318,3.344757885504955,79.21054395935812
0.7537526051450398,0.8588142164555681,0.7588888052687323,77.73181806204158,46.79614940563206,5.243136680253343,80.9886408303274,33.679863225478336,3.6087349644783577,55.78869765198916,13.742224838809483,0.5516521865005622,5.150556468166998,97.4346213438153
0.6219757718232747,0.9105443970105661,0.7343996116933705,88.63113272817816,32.2060106949278,10.38530306529605,82.47683128855383,45.54252168240738,3.34703181414031,64.47930732772947,20.302000878885025,0.5971510875489607,4.267420372861217,103.48519049778608
1.0884462999042832,0.8406532425187557,0.7804942377690068,75.56335270572114,40.60032170849934,10.730788483850281,80.98444583023343,37.73034617308215,3.5546511883136307,64.57224811949344,14.334057662873816,0.5284487233877251,4.478876073155513,67.37134955553533
0.8074119908615491,0.9014080470618111,0.8428989122357378,83.8589808861783,54.76651040800557,9.921675769114481,81.34071345792057,49.52379988154786,3.7675632903710823,73.52759030614763,11.115240523448033,0.5955433100574518,4.590852831361649,57.86808822375353
1.2084495965637836,0.9569330105023793,0.8430886787368956,81.78126394353042,67.15907631132694,8.69093285800338,98.60956073953247,48.17570221342513,3.1318957768134394,71.98225393201287,23.709281524168887,0.36640693029449034,3.526920496161378,42.035952441152915
0.9211099557427025,0.8715632184819304,0.6441686979183185,86.30759626267758,49.024746162543764,5.9009709676233495,89.22227936035833,41.68967519379565,3.2960282309759505,57.144583746927765,7.700089012155533,0.6429039567567548,5.110372467178694,103.67023383145384
0.6537333300305008,0.8749703086352526,0.8037703295201443,76.66405457611248,53.27811073574124,10.747067366823538,90.50868930893104,37.283758746672106,3.555488776202626,72.99871243530605,12.045045098780289,0.5878262746216374,3.4937539206222543,63.404769866223255
0.9820895006522952,0.9229208934471858,0.8153127024169765,76.3351555043812,59.52478156952805,12.91086896783065,87.45996743418249,47.68745742886609,4.220475098309105,52.859582562225455,12.491888592678421,0.5663796263333235,5.124985887410043,87.02555285652609
0.8146363195622061,0.8537159545437106,0.6593546777777033,85.48034953738699,41.891060637997505,8.817963088533135,76.9687160579902,45.17523618605253,3.2410430863499515,69.30887382791838,25.033225092226253,0.6219758083940143,4.353841724908272,58.88116948735775
1.0154513727460088,0.8810173491034489,0.7059135464465779,82.12660654165055,53.66814043285442,10.88011985804629,86.97478985161653,34.52447678331054,4.112040165799075,78.10522478420992,22.227435536586047,0.4566436077034559,2.568763876602942,93.07398461368052
0.7373127522169857,0.9178932341274526,0.7139857425683226,72.27531326661621,42.59509893667841,6.863711373159899,90.36464807253674,29.377610612164553,4.101326991102551,72.14944106854969,20.97571257456879,0.7929269996621282,3.401592410719572,59.4982361227688
0.7954105273082182,0.8809714245693179,0.745171111353813,77.30347492768365,58.648244384910114,10.914426127385028,80.73300262980445,37.69173679454563,3.4708066547895227,61.057703835241234,13.677365350494673,0.58972325385124,2.5720491737023163,52.12421299573985
0.6908268932660616,0.8929209003836709,0.692435949879636,81.93191326924031,51.514030479517324,9.213235404510685,89.82663333580564,52.12331052278567,3.41055424214003,56.682212282278776,24.7047120153671,0.585415556702781,4.930625706235367,66.87240353569375
0.9203436370413807,0.922325571309451,0.7612167766046336,84.18882110773295,52.9845181398144,8.47516409879417,88.5216810492704,49.1718972698643,3.2923804404005925,44.71408703740714,16.473408015363884,0.5034603789867077,3.9802116633580793,62.02336448557544
0.6688153501632056,0.9126463825060969,0.8371995749984394,76.60384673403523,42.17401402581411,8.479272717567738,94.26020022406836,31.101380242635354,3.4795392409001993,63.10539637914204,18.90905348121249,0.6023946382449261,2.2173260480401757,78.94449678191819
0.607064196764439,0.9080045518888621,0.7589203644145983,65.4287200509153,57.07032359610785,9.21277683593398,82.91108493743191,30.65794067280063,3.0779841702321327,48.84782772029081,15.718781524424827,0.738695989027328,4.300597505375727,69.22907609211215
0.7225852598145502,0.8898263316218988,0.6997098740801401,82.61611592868516,70.84712921231016,10.76486663138507,79.51194508862136,50.19747079743589,3.477128294803821,52.06865336386063,14.802133714706994,0.7035916209432034,3.570268590089344,79.41553591827882
0.8694052972140914,0.9111018334580687,0.8114823823802713,73.89839655028013,39.92088304571794,7.375673597608964,83.19185945313727,30.914912761937366,3.9490640821552567,48.092541992633286,13.992885304294482,0.6854437751140556,2.8129553159733414,65.63467790372059
1.0061818659071875,0.8962880195970073,0.6482930761240429,69.91330600938794,46.60240992352476,9.205769336864295,92.17785496581811,44.074362589136065,3.316674481256985,55.39607667343345,14.161440026323351,0.6546398951667272,5.342372669574958,60.02338943471792
0.5362637610967698,0.9137341682977735,0.6738586452688733,65.8383703750793,52.31607474168092,9.917056444001705,75.85797059579019,35.07143027730941,3.4277827088032846,59.72030585513018,17.433966594712317,0.564145747243739,4.085828692877263,61.2465917815589
0.7767701425577035,0.8850920392464606,0.8751231706127369,84.06990430098871,57.86406211995816,7.801921550936282,74.65812142284484,52.93635939617346,2.9896578577198274,62.73614581165705,16.468799195101553,0.45498368329632977,3.76525487814935,100.6740819704654
1.1453548053354659,0.8945229307686138,0.7645341117946292,80.64308725202483,44.40453714710531,13.593330403350034,85.44697639465807,33.83660160689697,3.6122186264393132,53.994933645860364,14.874114519185264,0.5798961228133365,3.6804601752111865,73.37756398340403
0.7672864832040545,0.8703012662234396,0.6070582279391051,78.87171809643874,21.6696970985726,8.293009039877317,82.78705353612922,49.146892241646626,3.579344505485412,70.69283706395183,21.038095970795418,0.5764128535466323,2.789376424673782,40.24356685820433
0.7476043331880117,0.8989497716998129,0.6216921944376969,86.9451218148138,63.59189494164025,8.661126172733018,85.03863946587842,41.478869232482914,3.5191107079297312,57.91794742010034,3.1329877250370775,0.7048794439671241,2.9563608803327126,62.196864798188784
0.6209815256510925,0.8756699740911347,0.5462820776785342,83.18662341511536,57.60506119584143,8.043384100355004,89.72655885617932,42.0175588338743,3.434951884933357,52.12277566734481,17.03954899168478,0.630939044245982,5.0279334279000665,71.45299048713814
0.8424281790013337,0.8665786064951402,0.6321308539375631,88.08150021360959,32.57052469513335,13.596960174276235,82.23715326940574,24.237531349188792,3.4121726243682637,62.262922672434364,17.870954826635916,0.7612311527903548,3.620893704171425,97.68099521875568
0.556177428813992,0.9077598344356617,0.6019935473444952,73.03632263916502,43.92431208220444,11.105810457198963,75.6349708453469,22.37669317435425,3.6505700701102017,79.63552833543815,19.587851473020677,0.7197488540038175,4.01765416074949,85.43048073834849
0.9435159100305546,0.9063821932757299,0.5953222755897745,79.82724688023018,65.68182429527326,8.126815987512716,95.22240778599972,38.235472477861485,3.491355019523413,63.35160566535118,14.740514235786556,0.5543504390495904,2.36453561903914,56.17423245277128
0.9596331453180185,0.9234862120484572,0.7414701197244649,71.91643312525993,64.47796418457867,12.212463117719938,80.01385856280612,41.97524850733289,3.5944915614665995,56.37144372626393,15.83168026953583,0.42048708033801313,2.945526371363595,106.27533630358677
1.2441310554878657,0.887066232912747,0.9012604812506312,78.85308834072266,59.38640022678945,10.401397388577756,79.70481438993951,30.998417378098214,3.5644948452363643,44.72538643881296,18.943793533258884,0.7385575233941482,4.487850015899802,69.53259452797784
1.034861463577664,0.9122415854051027,0.667939747879724,78.75692073116662,48.238875660401376,10.514506842223003,90.51860006861298,31.290452716189264,3.8370281861287285,57.8058767902793,20.96466561712072,0.7359385223230744,4.302169408091067,88.69494716612417
0.9389946498511457,0.91652392716821,0.8866770548269632,83.13306818631536,50.8298741881251,9.311045582495094,83.07755439479241,44.49178103860906,3.7030982292125163,62.349281250881155,13.797856059284927,0.4633788409097773,5.402700158979453,52.674872539001456
0.807646549992214,0.9133432142349479,0.752990846350813,80.2278194057095,48.69074194873873,8.501168026086054,84.68305073982594,44.502835843657046,3.5578585529450573,56.1241910874443,16.067903132510242,0.7509240019827501,5.074365065304981,34.02755357123654
0.6585029833790631,0.8752303895159358,0.7676838044071714,83.11703569139958,61.282397832688375,10.675532198109202,87.41395062030159,38.898071516896586,3.955526609195654,43.346153617590005,21.71429585739503,0.6382117170592517,3.8154312220121414,48.87352764447459
1.0566413607792426,0.9044809044681357,0.698376884809597,83.51720066569447,41.2415759350489,8.90982554000882,90.41791551554998,46.2416137694886,3.6260805587169687,51.49434610496566,6.503891696484596,0.6160685498125653,4.378362851770617,21.244997857064412
0.7604272632003046,0.9109242088816398,0.7755593385067377,90.77464338691571,41.94200345115795,13.63351125915021,83.33269653409114,30.60638163423883,3.891488806637126,74.54538460887758,12.23994960074166,0.7614783254247327,3.746717245677541,101.68133990879363
0.8263834897934779,0.9002153540072383,0.5974024824088381,78.42351672356938,60.10274586836016,7.461417789513792,92.5997600295715,37.15252066330424,3.6820827825159914,74.34001003730461,20.863343914411853,0.7344685173230615,5.643847854910919,73.21799378329624
0.9957096233723937,0.8374056702488675,0.8379521559267492,75.2948864966681,49.556385444884384,13.072313545709891,74.32100075632597,53.183020846269386,2.947424276320537,51.13360830795402,19.370151334433213,0.6651330951995204,4.91921175684192,56.13033972327953
0.6648653960694824,0.9048146887192045,0.6834002829967237,81.23041807658204,63.78467355453808,9.777362302404399,88.79893618476538,40.54657703951854,3.8914504289957987,66.72756787199422,17.089780843706777,0.6473217065811983,4.135748072686201,76.78936044970182
0.9594329512154415,0.9663759311819173,0.7951833598023388,75.98859986430229,43.28487793019454,10.598171468042212,80.8023622099117,41.010500116695994,3.5405528724028006,48.214272152298264,13.205612507563519,0.6616394290530359,4.160315827901081,72.84001054270249
0.9516742995505609,0.8891988219372905,0.620359114325155,87.40980384218268,49.452216396611746,11.666315533258869,91.86135658303996,58.44757268774192,3.484413568729767,74.04316281994953,11.472726004058323,0.5599942566117474,5.155880229807846,79.31400093420987
0.7385410056521068,0.8781576870643404,0.5951282671853663,78.58390980527383,40.77587015156047,8.739501409991128,85.71022239415272,28.805262673209832,3.5844045042468733,62.452358478942365,12.635137523030505,0.5944898550267679,4.4636622776910775,88.14297101704403
0.47910150353143094,0.911200456791342,0.6794981977081962,77.17211816063005,50.07362681423567,11.728496769397273,81.635473339953,46.37144293313688,3.3965050514128796,69.49641498616533,21.19203288327477,0.5097682845405457,5.246902413656069,65.65118270462477
0.665352720245134,0.9093713463139972,0.5715033796388634,77.64342139424441,35.21453063001201,4.5849122892376455,88.31420546510816,53.3118902384648,3.5681086581166834,42.84906652817461,12.486229243378615,0.5666960224261081,2.245081658992901,56.8024104084852
0.9375215193699933,0.9357820549624924,0.7807010090524107,83.5920871173582,45.123665790450374,8.560020933556121,89.46594173603626,37.40113658801163,3.3224371800970722,66.77637101924888,15.405691856958631,0.5633366121331067,4.368982609199039,82.41662821557877
0.8050842088705195,0.8622639553227334,0.5645572715716053,79.21126508384258,35.63746135071882,8.15187438531787,88.2094706142932,46.87704629483877,3.882281677620311,59.92325936315496,11.985169420553015,0.5364694630378335,3.587652108254892,82.03499166826698
0.629706487762095,0.9219414075772498,0.7422440432071906,76.79166589934809,56.93923233191258,7.492987975256477,79.8515188018347,32.14384402231276,3.465923565913685,68.51929070790843,18.371096120396107,0.6136746502648462,5.405102390102394,71.51103712182018
0.8446032009023826,0.917712661837544,0.5878984687487447,88.32675958811765,57.16589339759652,9.570090323842098,82.57991438188958,34.50614083546119,3.3852248471832698,69.1486779809785,12.845094878614235,0.5676019149299423,5.2371189497518635,102.6633128302116
0.7140154193042421,0.8957356038917836,0.7337338485940128,75.71915079669125,32.697372695156545,10.771499936363389,84.97963581439282,43.07973132838107,3.222522255284218,60.65784689474749,14.609624439382342,0.6502234720351974,4.026268647281046,63.43266815707521
0.9693305833840039,0.9101606195376507,0.8048957392106011,80.17783037016497,63.33885745500573,11.405319996998612,84.7937017367497,46.388533384884724,3.5806327367445925,53.991703609040854,8.266471467828698,0.43776793867062347,5.228504783048825,56.50213042547098
0.8638470005243561,0.9308837244479508,0.6462845682881316,83.26153075805115,74.97415126419854,10.481753514400815,88.74872737719174,48.96749209924997,3.5561321300375277,67.79696182179494,8.546527055180242,0.58866452058927,5.426491615994005,76.27137141259902
0.579105119635145,0.9261694614008535,0.702978936617259,71.84332444791464,50.46006386736341,8.668613070212906,74.92549383746696,52.557028695515946,3.616527384103252,59.398455005948726,15.030692773286026,0.6131551640177495,4.059525337540918,59.87593214629753
0.7138212701169989,0.8657094206377882,0.7044995438626053,82.40130250702963,43.58885739775355,10.738032875650335,86.67163527276752,39.460427531558544,3.1918244337484616,51.27215046472357,9.699371379208952,0.5689370760163119,5.977547017945486,77.43274786217343
0.6319232030455614,0.9246047456026646,0.6040966151421165,74.72446162259776,78.24330591003047,10.248571389701702,83.5500932278168,49.548894041380706,3.0196456403565284,50.798477685423144,23.420346557338007,0.5827607300190768,3.974927077864222,57.5048761624084
0.9297054178429907,0.8980593418490245,0.6315708860531268,84.11391390417,36.8103150169749,11.872112335872032,80.80749691808023,37.26156125240681,3.687677390751968,45.22835583687618,6.753907551551002,0.44147539892701426,3.8283832397312727,63.99636575602172
0.6894265946110291,0.9021862229404655,0.4760940794854993,75.18674494040512,50.20106466869098,11.553873405863033,81.287566111152,47.21673049270615,3.9453925585629523,54.89708840436937,11.799298805343584,0.6356477104669492,4.692698070867475,98.36260630058749
0.8937277104865582,0.9021959097300508,0.7583969323516089,83.4638451592443,51.796222726319236,10.060952827841257,83.92731167741019,41.65991038281746,3.1920939132830313,71.02692046074378,15.066803469070202,0.6647605982567071,3.716967415086149,63.916189648784815
1.1683790432622576,0.8954927103360523,0.6356144836793589,85.52916533147356,63.45147620452415,8.205493987677487,66.99457447770241,43.56542325665539,3.9768323850685094,61.778297997054345,13.539468248816862,0.6493537294203766,4.068271820635915,58.01722683974056
1.024600906173991,0.9357512249132119,0.7656846464876286,84.30718262816403,53.59738975126788,8.694099688335838,81.49355214604225,43.3880629921763,3.585173317620914,54.70232294076959,10.583418173344324,0.7038727059442182,5.127547539240728,87.5601818305975
0.8369813606918255,0.8974884612045236,0.6829005185647314,81.25658324119051,45.01366104211549,8.900421280723933,80.62092587676854,27.1623599216175,3.497881128634751,68.0485593818008,11.168288642018927,0.6201529605782502,4.015375081773816,54.23437074569959
0.9182932786739503,0.866413616148505,0.7974875972123071,78.84349528535151,40.48815629612044,9.369467332167488,87.66391604661312,31.007025129113813,3.3807353910362665,51.675233782766114,11.037383690003047,0.6478681180650937,2.643985765619754,59.605851547793975
0.7060465173439843,0.8881941043209082,0.6463070793870096,77.11790211832579,46.581781797538646,10.536100855179507,80.9723665874474,40.82033151854018,3.084644594172501,60.95350274332779,13.853113220719749,0.6156090738456852,4.293855510279357,78.64841680763492
0.6224830995880989,0.9053608415043143,0.6226759962623156,87.35517345408552,39.93072639054856,11.430348780256116,83.92443099914755,26.501767362870652,3.79631855477738,58.20369627274485,22.807716358069694,0.6687550719592494,3.442965136758084,84.07617135809937
0.8878038571564739,0.9368764435289115,0.795138034717948,76.50252389916179,50.47825319784683,9.897762613969245,92.71138313830652,46.64968882559805,3.267318091568719,67.79130625588353,15.31174918623284,0.4422770363867877,4.692216925835637,88.30714586621612
0.525373806614674,0.9180928405484651,0.6648492545620802,74.81466963215001,44.35803820139513,10.032249575800945,89.97175759907712,46.972447730305134,3.26605799727872,44.22771629080499,19.731601957550097,0.5106419032021989,4.556951772660996,58.79167251669273
1.0351917826830257,0.8744839416375887,0.7904135413890343,83.32684467516415,35.059622067102495,10.286612610000008,89.51135699971726,42.61736442302232,3.7975778929660864,51.498022541853445,17.027905383312568,0.758689965703309,5.177120278533218,78.9401300947918
0.7110813735525903,0.9745556975003667,0.7246971023690002,76.01931598406752,62.55145788374904,8.96818937373532,82.50063784794574,31.03092789793662,2.935104965998482,43.61754340905466,19.455449591928883,0.35395641779037945,4.726025840634158,63.00837700683731
0.8001882837769582,0.9079432593293394,0.546489858623529,75.24968251266937,45.02327476570961,8.149215484714087,87.71516139644827,51.04111151094812,3.04292065679955,57.4040327819073,3.8001427896256565,0.5859822070174656,4.872195426926452,60.91516549734052
0.8993699781882006,0.9382617221399705,0.8005213625457483,72.78197868915117,37.318631950246875,6.48912420537858,83.83051099773203,56.297685117746866,3.4945597269475757,72.1142750363243,13.782167915407083,0.7172274959608068,3.4647225918898292,88.04819173438428
0.7967053188632717,0.8954485669926832,0.7604232091171781,77.58545080269741,48.31740865512459,8.609701283846256,84.01953394661531,41.17661461956779,3.5879853287014556,54.94552790346473,20.228541692602853,0.5906739334458235,4.643189196712402,61.7566840621062
0.8591267769557649,0.9160007773411635,0.6131133813812915,79.58642488051754,50.68371565967659,10.946290906535573,87.04842671873274,44.08428302760989,3.645420394390677,54.893160618043495,12.713056709002664,0.5594988928549303,5.574761031488232,74.17306894031469
0.8215108357757612,0.9251840551355521,0.6809696615765203,81.21545863830349,32.53533274420967,8.594177123920865,82.01503205789534,41.61390923836835,3.4094604519811242,68.71724424184137,22.04989265947845,0.61294216768153,3.4490800730905864,72.33369203845959
0.8442095284105948,0.9365458413526278,0.7071216533398855,84.75653122149741,53.316476671257625,9.52438592514812,92.46501552221602,44.24295351199039,4.259110900592507,70.685495584553,20.935560615071047,0.5646879819997553,5.439790633381678,53.93868435492246
0.6473778965185288,0.9317210491613468,0.6483947956894589,82.63448961832897,39.528424313097354,10.932862574824634,84.19934930201032,39.04352994698883,3.4316322323702497,59.1142893273121,13.12347713549015,0.6030849492756939,3.5605199270389356,84.49139283034481
0.8664050375694325,0.9261659100021894,0.7499872560492116,79.0456389022341,67.11028809190788,11.041378992845338,88.09180283129832,39.723486081249575,3.430764154369183,66.84714854049892,12.987345923814573,0.531661896347987,3.3184230039600204,78.40421340518431
1.0660756347136235,0.8905473980641767,0.9096555868615243,79.0090216181014,55.23960512076735,7.840934295667922,92.2780023962865,47.245740803978926,3.2609039993558366,49.230454591220536,10.945576630582124,0.7108674419955724,4.2369603546838706,40.20564082194369
0.6760409430885334,0.8828476187413182,0.7771869085394163,82.55078734457592,46.001000098906836,11.994118712907284,90.15826887287588,58.76499329517152,3.5371720449563213,73.77974333925414,12.48162307254481,0.7423264921065661,4.572728332903048,74.16131666856015
0.598249168310448,0.9099782253097259,0.5183403727344714,86.36285081464285,42.5483222968265,12.254700178710971,77.95540448654738,28.79943012478609,3.6844883696140323,81.48706293937052,10.069643743324338,0.5866609677888377,4.729400099177812,58.40539848750068
0.9510083389853894,0.9279938421702321,0.7999590837769522,80.631570997416,48.95032292436376,7.74030028556288,87.22447947504942,39.16950012477626,3.861073416360038,65.21215791188725,16.715244721732024,0.4613510579308756,3.2305900633814386,86.45612959618941
0.8121450963755006,0.8933183789767019,0.8359296060474162,77.65434572894796,56.127907415832894,8.352326260717692,89.25359697230323,30.556316118143343,3.0532147206679348,39.156683786571996,9.175814026614265,0.5476156829686605,4.347632077803432,48.31900244828863
0.8107766732495107,0.9319551589714317,0.741375020381298,75.03566999457227,49.745058714148,12.382181366292382,89.45931511080374,52.736199188608666,3.4262013984932898,54.417697376022154,17.414932064760887,0.5816011339897036,3.4515563428131957,64.65284547055684
0.9572988075891007,0.9435785023645854,0.8484227444158718,72.77397367793887,47.82841192863143,9.706292957489397,79.43352582942684,35.29809624544081,3.6340110832427435,66.12825321669321,17.512314787600996,0.6505538876903207,2.8088621951435386,75.43036826482698
0.8388607250408447,0.8725103724277974,0.9109422258302877,83.33134836021762,50.58370290817896,5.560444105096298,81.71482381491339,28.454393649713648,3.6761172603783607,55.785170028336374,8.35518237926431,0.4991986776829322,3.257010947573772,70.81510441212812
0.8537780725843487,0.8748923788861116,0.8158154727567852,82.88989261819779,43.961410687630455,7.200636990534628,89.9727911787081,45.10549599078859,3.501964597341362,72.72198554250097,21.19927442531336,0.5230837681357849,3.3992797072353453,81.44437385070957
0.7369424646573647,0.8957887482328399,0.709166475728514,82.88681762553331,46.56794073156962,9.501260749655037,81.19119814658677,53.954488917944886,3.6627271908596306,65.88157264435866,17.054437177660887,0.6510676137858807,4.417276128282006,47.223670209860664
0.8122921479148699,0.909228380045676,0.8075818843871928,79.35670276823971,29.14207561094996,7.673914699430796,83.50151971667843,45.308782948486105,3.25731083212226,52.935244992342035,17.998792085779478,0.6938908832039558,4.921770930454935,94.77871505301067
0.7984517069807071,0.8842629895869885,0.7141017100548659,87.03467372945876,59.737262308523675,9.173152458727117,92.87937904750984,41.63838301825534,3.967371629695507,60.32264810771253,11.96533919382891,0.5378405954829315,2.8214346960997867,77.87716988182407
1.2253658247930317,0.9405660803660143,0.8087317605267534,77.57940752707592,52.98797780321762,10.064792427367157,84.76100374807605,43.27312738220795,3.797788430893829,51.0616677936091,17.489516473892476,0.4666782946049004,4.281568859366445,90.39577319501345
0.6135505854119163,0.9127220058455535,0.6182462227816058,84.77634618603602,42.265441559665696,12.924509208069457,81.36612931083079,51.318725302604435,3.0965216638804485,58.17415121587558,19.505573798888264,0.9284118201287884,3.058641451383275,83.11360253849863
0.7895371137626069,0.9011834114472222,0.8537256143238626,79.80628552505229,68.98734981355238,9.419092167544422,80.61191321568548,33.0064058398868,3.177469085564973,54.45406759567448,14.60556640398129,0.6783304237088713,4.503268327211201,69.82584828317435
0.9829434977692554,0.8569227142839442,0.6638930078481137,76.95824617660331,50.87016480392386,12.145083599145519,86.66359664792594,39.1052231673095,3.185923474967928,71.74761800233038,23.007689836993443,0.5732996238232968,3.5018155351970015,50.73702683633259
0.774205776457329,0.8605255255071748,0.8467882165821439,82.96265153658881,39.63856428024803,12.85752032407354,78.33425995761395,36.378478811923735,3.7033909912689587,81.16012056830995,15.176258539651752,0.6869031275530839,3.158936785581377,61.54670228126949
0.43050604115317864,0.9084302775084542,0.6576129226623317,82.04818059341997,58.567374214704586,12.868619338704152,83.76332018051791,30.657077541666318,3.11458167007476,45.688116667642475,19.563143201809897,0.5875543370285577,4.63973161227806,93.84344999293866
0.959044140720729,0.836022131215355,0.599830417699988,81.78486379633463,53.980482165092624,10.569509186771137,86.66615267495011,37.37299792466558,3.4006926997375757,40.767837137902475,16.17203522903462,0.6867156889100186,3.530461915643924,90.78156672484573
0.7166899959129238,0.9303791222893222,0.7159374282773732,80.40639211028099,53.94579985484219,6.073421704322051,91.49574910273833,48.86176876785959,3.6364113189250324,57.54827578148614,17.34208613142747,0.6159393197776222,3.747228838917841,60.70600029844465
0.8746841582156977,0.8952553846688304,0.508668388788762,79.81053459141584,45.7424439534841,10.921649730807731,88.33774040184998,44.5328171871418,3.4801502196360694,44.81584301171317,8.314670929460911,0.6091271898167573,2.2240087299548987,27.725435706967318
0.8589352614783153,0.997292789087842,0.7772846170526824,91.94185996435219,54.504957237780346,12.096799775627082,81.4296744100891,45.1544840008656,3.5776662547138116,60.46211603670917,16.484214952861453,0.5886418131769211,4.757241089138779,66.80965398542322
0.8405990928838103,0.9692374875184834,0.7986729215198516,85.92128322598086,47.38241709778905,9.837865789129166,90.8920965878186,41.17180489322654,3.1802591865953724,67.48936113805927,12.060099594970936,0.45526186665369095,4.656726816935286,65.68445667806326
0.8773287955937475,0.8945565279225746,0.6600966033332316,83.61413447492757,55.559414516458425,13.489167740150497,83.50242481226262,44.18659026182871,3.6784563120191733,74.94141897266825,11.614406776889249,0.793809489939314,4.004366275425051,66.25341081939425
0.7301213945168381,0.8968098899240605,0.6948851182247678,80.55899579101694,30.95055545989361,11.719667122934915,78.82148488975295,33.59527726121516,3.316036432257201,62.01394558715281,21.976412737863914,0.5058466079732257,2.7779352469153924,77.92808802747102
0.9015900112377772,0.929867445420061,0.9208132461844729,85.03578600298334,45.661265370208106,11.136546754305568,84.13979320367264,37.52392091258216,3.4026140976806176,58.06844775150421,14.144919007750605,0.4639976423689405,4.96749534266781,83.14318868982495
0.6242545269498824,0.9510951782975412,0.6054889613112769,82.58997388195726,67.22155097808195,12.172761422411675,92.1908460057285,41.53603389574941,3.5713195183717956,40.21615083426916,10.986792676098013,0.5787140117243632,3.466989290911367,84.85449320649286
0.8029667383646685,0.8508591282769196,0.594850925885507,80.13102376387018,42.32932544599699,10.666739702521756,85.82620025032463,42.22012687105512,3.5309234664592544,60.26185149185798,13.5634734875645,0.5038528186489493,3.6373172399195295,76.6856371020305
0.9517662501237752,0.8464087360393594,0.8861079027772036,78.48217837367042,43.961617025068136,5.014379001209293,85.06260932164894,42.56150283937498,3.5071940057046778,60.71287260549462,9.798199084312344,0.5948287209439729,5.849635245087625,42.98843947116046
0.6733534297435461,0.8813389558333686,0.864597076488966,79.59541331168656,45.52038661550025,9.001722097059268,93.18605822351427,38.89331774386898,3.2748119534069735,66.38956814212746,20.73553787278508,0.6687763848561769,3.4370908447126163,64.88200400960056
0.9481786505180405,0.917482127495216,0.7374142298142949,64.14787132060972,37.85193864111356,12.394336054495707,77.84322576472786,36.980612790957366,3.4101351766402423,52.91511898470909,12.21727702333394,0.6995302900529223,4.5937679699412,104.56134675323784
0.7210801978781243,0.9149062077152279,0.7814163530103667,81.0530041964882,27.91719223771748,8.384817319803409,78.57200442973614,65.26217026435438,3.500655077251111,55.6494739976414,17.117199735774676,0.6814730721621681,4.449673809666094,75.61325102203718
0.9490152061711055,0.9320931436495156,0.8714013930958644,77.5576195994482,47.69413601476387,9.553054989526121,76.92076764516584,47.25429818345919,3.0874744300498747,45.219977446958154,20.4244268568413,0.5694367945214319,4.312137754304068,75.51729352665798
0.8119123225854522,0.8640090741490408,0.6287296573925246,87.96334999141442,51.35859424081657,7.910327372193858,86.86324093240027,43.30517980762098,3.3612401101059866,37.08707193115934,12.999389275141082,0.6049591827661586,4.225600434043609,75.39228909660787
1.0134631734870834,0.8305156841109337,0.7048352098349839,80.09672035405877,49.474949314613475,13.567845190403538,85.83246563557562,38.13433201434885,3.616303963709854,48.91502909203217,17.128089729091144,0.640787905089749,4.3011108495113595,76.23069433758985
0.7821477230520368,0.9257404258590644,0.8186243820784828,74.05518290232519,48.55121438052113,13.36298491483603,92.71368183639888,36.390249384448985,3.116769018846397,44.29674185746983,10.87965578038228,0.4242212576057927,4.217552472752432,34.25331728371115
0.6693326583730679,0.875154111811043,0.835834592464118,79.75059922935941,50.430408708503876,8.232262209718542,86.21737538568385,38.95359525018436,3.846974495478272,63.36712295420611,24.783078276454738,0.6570584700119859,3.9584653129791514,66.40713524633397
0.829747279573998,0.8394453640683409,0.763724905910935,74.76939457468748,60.22841471550764,10.294596000778167,82.97921420260349,42.342630748693466,3.880883978779953,54.818659433331426,18.74552053846649,0.4542700712416168,5.209026499288594,69.43160752307966
0.6183163442358315,0.9043519123787814,0.5665976507087525,82.36703707856233,48.09553814070783,8.639011904471905,85.00897436439054,24.95651564749535,3.1264548272119743,54.61762869925211,14.229574244956776,0.8040346598906489,2.9498715513605775,89.2224309888012
1.002323736277359,0.9237952706465603,0.9492870452392839,81.45473682169742,44.259174229127304,11.229889278062757,85.58853709230479,27.44488323700253,3.907285889915042,50.15586953824788,11.908665076444144,0.5595484915358304,4.817166483212302,70.71509341933444
0.5953612073275553,0.8963382860363617,0.5957432120506924,84.78919815554134,47.188745151119136,11.019366154484658,76.64119363335917,34.90494088848834,3.4569255233863596,27.674345674875667,14.544013788641495,0.5815124822805409,4.657873838950041,45.30232920097088
0.662430015873157,0.8862645484145254,0.6320937258511441,76.04559104152717,55.793467597567755,11.62341114322653,98.55165822167447,41.65711549422855,3.6255543677471165,75.0831074874755,13.640065110593923,0.5230292900762145,4.558719297063521,76.45133734257628
0.7184448404787622,0.8952191330356228,0.7138449935686526,80.17004048114073,64.1202687854325,10.663836895415775,87.59935509050956,38.08581482278519,3.351004684361526,49.99729477223212,22.811778215998025,0.537002996814431,4.893583542112103,57.94263027635882
1.0757840943530426,0.8888825171279765,0.924362065659738,73.17489102286683,43.71856260830822,15.870812412776935,86.05004154011294,51.82496980879587,3.7769134481680284,55.87579930150093,10.097861111140391,0.8274093569143239,3.9259204837852857,51.748215383778735
1.1377416110887393,0.859558586641795,0.8698330004274072,83.50747390962357,50.989337870288836,7.944152469978523,88.0758199213929,28.14082570403385,3.6218282056546003,45.45107834710689,15.539205693160813,0.6940369688623298,2.5048207393384985,57.48761429925129
0.6370626787128476,0.8785595796902871,0.7007522197144029,82.5943559022006,53.3835744193596,6.5787932911269715,88.54705490293303,33.98923624317304,3.255754023020719,69.71930343440634,14.92664773346516,0.44507975548521617,3.9421658722284114,78.13756344496772
0.6723105841826423,0.9156383971504145,0.7144064990574712,82.47902510513785,40.07421993271177,9.213819598597077,84.29723257248784,52.16073392792881,3.1504394000104137,61.43428937037324,14.530358798620522,0.750421290068523,3.207044625900356,88.88141859640103
0.7605223382513229,0.909650356241295,0.6944820514271773,80.0080951567847,50.20417167212918,6.864023468879465,81.8437943187965,41.04895459740118,3.0619092694372334,51.73634714734131,14.565533380246631,0.7193242275141432,3.414512632113549,77.24394917766381
0.9763690294080953,0.9050417941790047,0.7999062088038745,82.07386445394395,35.34326142657905,7.015075459988014,87.99725343160851,47.07874066240927,3.556382532929827,56.07770388655976,14.535716759518067,0.5718787537711711,3.0060642609340706,79.48034835425533
0.7023097515089438,0.8701455455443986,0.42262143010780556,88.02169554154298,32.30949696260601,7.9973706916040666,86.92855420265727,56.40997554615571,3.6717414235339207,76.7817992212487,18.492264265328398,0.6306696942029837,3.6181241132449324,77.09567909257002
0.7776958423579406,0.8945549051359301,0.6647632146825053,78.57452871478993,53.66746407892257,8.155622189136745,80.95054950455295,34.44956465678542,3.6952897036338324,59.27030568118722,17.43593778596974,0.5985055920578926,3.5227010448132408,71.51990765290702
0.9612209856255307,0.8346880486067144,0.7644374398980607,80.69322591855043,46.16125258669217,8.09076379609988,92.09517805683632,39.20548529766374,3.464605671617787,58.18266462384094,16.675646445491147,0.7972579904446933,2.097944136058318,80.45395952444136
0.8147334909027111,0.9053542999165617,0.588581964363727,74.56936850409295,52.02280407621219,11.036437900890823,86.46676018161492,37.82058479255303,3.152901063300691,50.58618513860735,2.8640425514189243,0.5203709811007909,4.5601775290258315,33.718367993958694
0.7795158182504557,0.9428657312344071,0.7335112863437699,75.65869519200834,49.8210502299165,8.987621877829328,88.64909681133815,24.363255964133796,3.2953775605928652,41.054188495276975,16.199179496652654,0.6146010609775727,5.776257486403906,71.6663252695725
0.8376240261372134,0.8557760360387369,0.6889588844356912,80.48906646546654,40.235999513362025,9.640970850255039,91.9596044383996,37.516825569952246,3.8457045916885777,58.39961326420656,8.37744255931967,0.5571854669007195,4.484989754797031,54.32612448066622
0.3206564963612421,0.8824221698004674,0.7557116939218596,85.51966773350954,49.547456980356635,11.78846554900187,85.10944410582417,47.048497499045325,3.3546114306199755,63.254851123246176,17.5852806525433,0.4566959595382145,3.8376608347726178,87.44353858816208
0.7935465294803294,0.909873203361304,0.855688604891568,78.71859587874214,37.668986949851444,8.467354950437148,86.58476003492058,44.32471633449793,3.5430252892044427,70.9958446432767,20.89798947028206,0.8191638255054987,3.9562028834590275,67.79267042174709
0.6238187872926999,0.9375852790328245,0.6093741399113587,78.82041735343938,63.909723580014,9.470908202590556,89.05013619253059,44.95266535510408,3.1773048549275336,37.51503465500345,11.295043549645797,0.48184334208975876,3.663211305589459,70.46422132401746
0.6096964092001587,0.8865532615109956,0.6373403311433702,77.96557377747813,36.440296551400365,10.731519972185831,81.37569458099973,36.995928154884005,3.6009749136377103,48.74903672976971,13.952877110629172,0.6220129187487776,4.072033267093567,47.42392188619295
0.8007284788221918,0.8792324901220231,0.6927873631447088,77.32621664577839,48.04214729031418,6.1168643987595575,85.27025831423,34.75122211195487,3.3626946314962765,54.1925890944355,12.602577179788012,0.42592993936196644,3.970393524741413,85.25246333519277
1.216639346961435,0.8409323057275175,0.7589938891243965,81.4748572785441,39.57728411952752,5.230188982098835,85.62774293325575,50.154045375188964,3.8140138141327293,59.96519151426798,19.941727103027205,0.5600929460756906,3.3271612556813643,79.40992180410714
0.8188481548763175,0.9031031438792432,0.7242145371218921,72.51371177410678,55.704211733607956,10.692234657595446,80.21970724158302,36.02146282913864,3.732067311862044,58.549663084715775,15.380111541088292,0.6421968821433457,5.3463107111582655,78.35421823510755
0.9577180719760308,0.9612622812043123,0.6636013111052487,86.40469788333364,46.68568628718497,10.984028561133798,96.58818394336939,42.352656310345715,3.35128821602753,58.7831131431273,21.913317522265334,0.5175266020497638,2.810276611432183,57.804657217467664
0.9731731162837998,0.9083207538589403,0.6302317455771973,76.6728885093527,44.8133328037879,14.128440269704821,77.96353278253798,41.306677445420306,3.462000791795701,64.08096058569944,16.65501681178955,0.6586801850735655,4.574665234555397,58.395402325928046
1.0532619583903264,0.8993316306244886,0.8255866119876084,83.60951742719071,58.532015450515544,10.31618975173362,78.50948048156421,51.69373613005695,3.3346651279878112,50.96706889220891,15.969800722543278,0.5730958908111917,3.9190418981459745,73.35399181668858
0.9999436533066871,0.9096624693230095,0.8129388717488528,73.65000701303062,50.29430591677552,11.63947943451619,91.5711328785179,47.77129886137888,3.074170041036497,69.34141442233695,15.272827130411345,0.7160082512398613,5.5206654520525955,59.58252384627923
0.9210799088324129,0.899667239881542,0.6498384012421039,83.34420065273109,55.166444459359674,9.609054712828053,88.56633125398271,29.637931034663033,3.242767271135835,64.33452441699481,18.271968397029347,0.7361760913340223,4.272691679398577,76.52339444016008
1.0161218088967425,0.8756095688321961,0.8435659953004456,83.35972303907249,40.186740634825355,10.594454443170173,79.87017591259611,30.499574665799678,3.559465198316246,56.8016773587192,8.049255207018627,0.5413255239269988,3.7120755702534014,37.58631095849917
0.5520203362374527,0.9246983974703312,0.57484731114283,81.92101036002948,35.95183056072493,13.334513683499068,88.03644507550847,44.631278544553076,3.5975778494688746,76.00907991888916,15.341375822082039,0.6076732859392957,3.801834241252402,62.68683165390111
0.8550324928833618,0.9067728456933527,0.7390746470246385,75.02785739100104,51.07207962040134,5.752014363748729,92.33925222498655,39.48529882096667,3.544564371077792,75.56416035571766,14.719814225088141,0.6183454226472233,4.031925355615809,96.95130198139736
0.6172588966925003,0.9005283975580097,0.7363491254343707,81.24774094799038,46.81153644505269,10.827232515143361,84.84868471201507,36.35862572836989,3.4094800838124093,69.32895355193808,17.901675308631063,0.6619349295434698,3.0857674440028795,76.59228741993647
1.1228423283849152,0.8707390191816525,0.7773493256258575,74.08471907632806,56.26434672453944,14.271173460154731,97.99411450037292,48.125023071955766,3.7799199817162954,29.814432294322074,14.249193576503853,0.6014381996244266,3.3865043799056704,72.50190496796489
0.9152811789859904,0.9391052379580428,0.7742943859606111,78.73618372451908,49.2009154733745,10.564068438418685,76.37969094565982,41.49967505671129,3.519062571368281,75.78945092717976,10.84506226334932,0.6190210959342842,2.5720448246465137,99.77839803507035
0.7683233563946515,0.9199410823599933,0.6404378747099058,85.14706550477663,52.0507533923463,13.301145926465695,88.46911726929551,40.41965909511555,3.710976148428784,67.94758522471935,15.029402699678796,0.575659352520488,3.261618481300725,34.96069571797846
1.0277186910458245,0.8834123748789809,0.7372830144186463,83.98350963535371,33.76617470058757,8.741575700941116,90.83264168110502,46.238629126040394,2.9678674603392445,80.06408637712937,10.668637884526627,0.6115239866972018,4.07512518532836,57.770333278178384
0.8631605217923061,0.9300547456104581,0.6952041873600424,80.07591471270217,68.88436939614257,9.935905011672572,89.45671950802624,36.99912804045148,2.3232799245144973,72.37464591733539,7.298951149650058,0.7297940193535133,4.240140039427617,63.98240242378916
1.0092603139930716,0.8850728748484438,0.6776572438442441,75.1259671203858,48.357580149679684,10.067049404777174,83.97822136677176,52.548151883780434,3.585136408351424,75.78342677497285,17.90848992594197,0.6646083241211854,2.416536244002878,82.87526849508085
0.757195214864274,0.8765398952246689,0.6716213874044903,83.22793856087097,56.97586970339199,5.5648178412824585,83.54779258994425,33.695619014135936,3.0725703038835532,68.7865485018038,17.316246290778682,0.6701255639443369,3.8902306375646396,83.13484544842355
0.9069954742557248,0.8772089064755915,0.5718870386775565,80.09690618849012,41.63908329780374,7.6636443442996,87.22072585543629,45.255432530736705,3.436264489186083,73.48693198645512,16.8683637759743,0.6723070324135578,4.450727960657706,57.00989936526061
0.7383742091226685,0.8468679434073573,0.6354781775664566,68.39842200884789,53.08009902217341,7.806249841232027,89.07877243326035,51.470662709278756,3.409370887692618,79.9412374073444,20.211713687783245,0.5846191222118964,3.869670245299012,84.96931483213825
0.4763786457256577,0.9141462714125462,0.5906071120944474,83.91314913158259,36.97155236475255,11.644132156065055,88.01236718141182,28.9816360858232,3.976220180724661,62.165547383782055,12.3398724387843,0.631882704357953,3.49296908337776,63.950278490174384
0.6500636622982178,0.8450656536498495,0.6368979403250165,79.87883583065154,54.520678382596714,11.74430621136811,90.20028945396695,37.25331859318041,3.619998965883082,44.2776945592187,9.275543428914979,0.4914826321664255,3.670271083961429,88.1745943847375
0.7746429895986178,0.8631466850620272,0.6695110028125766,86.01225623991536,46.44025915614167,10.648072885413066,79.90565021466632,49.13765914308446,3.5497577080396017,56.92539099984858,14.719880892767822,0.7268807656316957,3.567389316018222,54.51035952816913
0.7296499919944074,0.837732359727644,0.6762360780125889,74.52364740578598,50.291905039355676,11.648205793711412,83.86114510438183,49.2579563818482,3.751097346390102,63.899455993834366,13.609998801176358,0.3217039567656779,3.490615552713554,68.15032601400759
0.745790620822976,0.8974179092162732,0.7343918070143505,64.11648093401999,56.97974030130098,9.671701174556452,80.29992033938123,38.62803519689409,3.6105492760517115,60.74887584371558,11.630817132919725,0.5912851607664574,4.139058820195879,62.64749026935159
0.6032684605238854,0.8954903861918438,0.7382688225442237,81.39541929172593,37.6745968877972,12.403863339079086,83.06943611956929,34.12263125058512,3.3626969021034703,47.53438033840574,14.680603386048816,0.7140895977150274,5.846150582188361,85.84045557348571
0.6807066154088878,0.8901991136044091,0.6052001311673952,81.45781838340986,43.15508269387203,10.017576885264143,90.07610445907153,47.647486578646095,3.821442779076368,43.689323748050214,12.55357941518166,0.46361320663706584,3.4050400664758533,62.15828175150743
0.6047077719758267,0.8687226691598827,0.5308568574550422,71.54664186196774,54.573242810867654,10.115728094853512,85.53991960362615,49.46839282065284,3.1670749616335176,52.58837331365171,7.655978866572675,0.6399779917616851,3.7454858938708586,69.36327206482366
0.9628552541761463,0.8648329873969008,0.6365093723197263,75.10750227066697,70.98221474546747,9.468814733475178,98.03429581574885,30.68269321190084,3.5969741562600688,68.0773955598415,13.235293236824958,0.5319233553420973,3.958641648499815,77.60217096494574
0.8571491987746587,0.9139310959063972,0.665567007574172,93.77608871859951,48.61917665338518,11.368900955272856,85.96703183594859,30.36869080826896,3.0357290617591066,75.8033977082297,10.454499333184572,0.5631196734811131,3.450116452513365,78.17887724539179
0.6678297331246302,0.8834834420487454,0.6317653014995066,78.47194692923098,55.91136117923932,9.157602366774174,85.29845940289869,41.802053455868794,3.5611831572547983,69.16567613777701,15.926592286443691,0.6945940960639437,4.878588642818741,83.30428911209758
0.8203324108064328,0.9094907496460843,0.6280834960818625,83.65479488188107,48.930285301415196,11.952862754396136,85.53091459720108,45.034885067431134,3.557896892531879,70.57427287114136,12.37586096703738,0.619805692588515,2.1032917013548493,73.16687165267
0.7239109454996875,0.8734425394162734,0.5513660699499324,76.74670086315808,69.422455947563,7.735701718567986,81.81095653570031,37.60744731815956,4.002936488574399,59.19184426836442,19.446525896564207,0.39656441321156366,3.575152663697059,63.72626627080253
0.8422629196461853,0.9054318822831325,0.6649536471641275,69.54848550573422,32.52778333034745,7.802167490543612,84.71081693811203,45.43435055985879,3.030507831967466,42.57917542294036,21.415464269071464,0.5023574460268401,4.65465098905597,64.75451881961874
0.8681906922221925,0.939098341119482,0.7351903350669453,79.14870876602048,50.94621044669358,11.374853510253008,90.63894013555823,34.31890714530094,3.3197338472438562,55.447794191172946,17.717525492047624,0.6975335734888759,3.764724553289093,70.38508472811418
0.5530935870837452,0.9175849740117835,0.6977763433544928,78.67197719856948,33.744559664379395,9.822911570833975,85.56985334063886,23.082451207410116,3.746804727972243,57.41235588127621,8.79589527206672,0.6448942718192997,3.343328832919767,73.74388714111575
0.8338689268451615,0.8876275854535056,0.6527249264004582,78.00060880665814,24.934284294632832,9.092217167693743,81.03270135058264,36.608791421339234,3.6005951769191924,55.02947513164318,21.020783995516158,0.7748135572524284,4.352605403551012,67.79242528227346
0.7977063876406338,0.9077159691106779,0.6581268146958151,79.42679582246804,52.97462053117817,11.780115464950919,80.37457689760683,40.50585717210481,3.554091515401251,60.54694865374626,21.30288180149506,0.7682647594013297,4.725074588317722,70.28805131448321
0.7985611254019451,0.8927800447640937,0.6069704504657552,81.32134135822818,51.39497796147459,8.78547717182783,82.74899054167078,37.793280320828345,3.213159289112438,64.4141975989295,15.075162045231764,0.5657754869853208,4.168508356172047,47.24119209141842
0.7454949710029924,0.9002364055408418,0.6832298257132705,79.24941524373097,47.15163062257798,9.59959749139926,85.36931717205441,30.73117389072412,3.322754495572571,68.53015188243498,20.29170464134213,0.8503237805069488,3.3590237121496935,80.01032926682018
0.7714568285058094,0.8902316684355449,0.6080213437073709,73.67996916026318,48.93805909960247,12.798455900142319,90.96793267738131,25.474808192969462,3.873512302466977,57.21880135633666,12.793299447813288,0.6024479669851911,4.364962655321395,72.71668433334145
0.7489774973414749,0.8950699438234383,0.7445571556594887,82.4309239578097,80.98299434071258,13.0782846916213,78.29755679316781,35.88728956505682,3.4845472418738215,40.96240594355407,7.535016260601642,0.5037331465590974,3.678360559780168,85.02805620311632
0.7351161772692867,0.9063628005922253,0.5051923951239106,70.25314122338789,47.418248619685656,13.144796420540654,83.40086861055622,47.18124617319795,3.612607908843342,55.171222807088654,11.958862245513625,0.5366360134089423,4.596149505515062,70.00240761110628
0.9636665408802266,0.8701992390125415,0.7049536679748104,69.748212713579,55.10124361250075,9.435748446132177,85.7215500971754,50.04957951530946,3.4654435013670564,60.43710396991984,21.917203464179025,0.3743274894710581,5.186607107885273,43.92403632217321
0.805577238460451,0.8695236351903006,0.7315050435342869,83.69590247350784,43.50635180386119,12.46140580996894,75.83147116185283,49.50170707310764,3.1450743454250705,72.22807922133408,9.035680305554106,0.7607019008249281,1.9155385954491737,64.62330716039988
1.160241307341031,0.8583437233850637,0.8084437784675081,82.53510136067679,52.95232575040603,8.102094344462644,80.83200858516797,33.47272371881158,3.780143127822499,54.32192157815895,14.998085127725979,0.7594761989043863,4.088853978556506,67.00105115322374
0.749617299670417,0.8519918668648887,0.956707691315654,79.71302317462983,47.61766324944382,8.186194250555879,81.60055730131907,30.77034941095709,3.6509697153597487,65.12543628399402,15.13657557336085,0.49844925611866786,2.611412850441898,81.14354958150398
0.7014286471187093,0.8634815192333857,0.7103371642364681,73.02275747622464,45.8948151727027,5.299088294751278,81.02014813074751,43.973076919839166,4.191691051210157,62.90087899635432,12.948103024128752,0.5772115711618094,5.953430868263816,38.94589683229907
0.5359608180116726,0.9047838752041238,0.5335847448187172,76.46044529662963,68.18898532200325,13.34573640379706,85.95944772510823,45.080800092783406,3.1953255861048366,60.439005331233886,13.22591360065154,0.6095607544112578,3.6255003729630477,70.61769275423403
0.4947693503670231,0.8732163745352435,0.6141459128828485,78.68626626156748,61.77184963184339,8.272040301847843,84.19720195249101,43.20135684160398,3.7467718763601443,69.30533319324591,15.288996536944811,0.5039646947857885,4.597098593460298,77.7051282368996
0.5376458386716854,0.9154084339269329,0.45678682632127615,72.02053015712943,51.36746647399231,9.74693484050588,82.22356948699482,23.887493806097893,3.1065368101888997,53.39158803247419,12.75135063226109,0.4244897968728838,3.9717465123240836,60.07768172077721
0.8578396993824197,0.9010414124625769,0.7063999499159288,76.30485670988384,26.957880640560333,8.179351316143432,87.13981313276318,33.064923320932266,3.5472039703019234,54.24813550356484,9.311766011328276,0.5789642396223088,3.3575323354247524,71.11942014725271
0.8380088637514119,0.8409448735968584,0.6261966102377772,83.2616516908834,46.389907767474305,11.390330496660281,93.61537358823125,39.762489677712175,3.7929519767189492,59.88099176905772,15.860127771773824,0.5678920570540753,3.2623575622580585,60.594452362752335
0.6632818847410618,0.9196492675266508,0.7573594987412816,87.13652682144608,77.03027564405083,9.24873267856532,93.19628258370876,43.897745557043415,2.878359465171054,53.598534949063,19.29346632977989,0.5611588759011225,5.268543338480607,59.05640600169414
0.862687162933857,0.9243239593677514,0.6607177632739107,77.90282623670724,47.69338333360292,7.390366219134101,75.38614113968832,46.13845890081989,3.4385202577275176,65.080122910546,18.478290074613685,0.6222716062600965,4.764750448142649,63.87370224803024
0.7125911107145755,0.8701841197549545,0.6664711860991193,83.7824417715805,61.032175720536586,10.883325128372121,87.8853609191757,41.15402817825632,3.331037079787214,52.86807695633867,11.761058130440754,0.7429519658525991,5.554867269902051,59.33962011299484
0.7868404671358985,0.9126057462868498,0.6331543326435343,70.42969964706266,64.419424019526,7.1325399503795435,84.1098835496808,42.646270452305885,3.2894128105114633,62.263042077451345,9.995088338489296,0.5696907280308273,4.044362668126159,80.25427467904498
1.1575913249866123,0.8743050528777241,0.9632829664319862,83.29725620556806,52.18963915855975,8.325188549369017,85.77577671432678,40.678923666888835,3.615563795677806,58.998272312132436,13.863248471380885,0.6170442998721363,4.2303356969968,58.97572184746933
0.9502502795007558,0.90293011130245,0.7054382932633978,75.9802579263626,41.58178368131848,5.786221770747838,83.00858483228726,45.48495499374786,3.8362057119267785,62.14925964776706,21.271166039182656,0.6726870523744936,3.7862467474757695,56.45634989428109
0.842267965971616,0.8620650477913511,0.8938226958408242,81.53672808353986,25.646876682171115,7.152083775604787,85.58794314943601,42.50292521192729,3.4600163854312536,55.40258604936961,17.58239231583818,0.6554142926512748,3.7703342375079925,96.51893000259301
0.5474763363447492,0.8462068064239627,0.718284260298014,78.76123790880145,56.84163208608955,10.357058339440956,85.7570369803601,40.5259012803783,3.561645928268006,56.609117054731726,17.815858707176936,0.5385576475552157,3.1664904540181054,84.41110017736054
0.49859171107014505,0.888515484311611,0.6728546005010749,86.60207004891917,41.85243997176452,6.070927923794151,82.10524121325538,37.85304960690095,3.5342926259177743,60.9600926799705,18.55942780714198,0.6096377123114035,4.067208152739481,42.07729959011199
0.7632974657635121,0.8962881316117549,0.7276976811726299,75.62782175830041,51.76150451887692,7.037708550756569,80.51816226087409,40.65033140033985,3.500541051906924,62.02074506161313,16.683066250074347,0.6547539820169053,3.3686027240910423,58.528475652211995
0.7749131833178797,0.8880696091915619,0.7331080256510951,83.13803148780916,37.50179660410636,9.995262167734383,82.75652158690258,43.8767310307142,3.1731972086863682,59.95798084608844,15.482434190454315,0.4871648662489222,4.353527137731362,73.63694457584066
0.7371615009325506,0.8644790832533232,0.4915231172985766,78.60246268351733,47.34762459529798,8.912786207813895,86.17129632228382,42.13980311118449,3.832533380516868,77.05362356513083,17.64922758659187,0.7263539010796508,4.136008175184168,74.8563260084724
0.7389283789281245,0.8880030281360659,0.6568437553169555,79.20847260995168,50.33719054901053,13.984073271918618,87.99498170842132,43.04661134676203,3.588558610447651,50.09263081258716,12.815335583127922,0.743158890521411,4.230145634940578,47.6426070139466
0.9242755776586616,0.908078842577422,0.8155846915330975,79.08073053420395,52.68593581044298,13.66779309204875,89.26674488670074,50.74177489080948,3.618464447000773,59.357962050472864,9.342147954534717,0.5277219744555506,5.340103951752181,87.37848239233483
0.9501834526183283,0.898653209096324,0.7326561448071714,75.77163447752943,38.85177812647586,8.264155074497692,82.52904988466544,42.1213113819727,3.2580471112923255,44.263709778830155,17.891987738497292,0.6193670018348169,3.969825640187527,82.37836628772439
0.6734725280413084,0.9054750309179764,0.5278491473299696,79.92950517046664,61.96910948761352,11.114275236806964,86.41922283651368,34.80801183621474,3.362233880603228,63.72081478667386,19.9509524229969,0.6642278256671031,4.605381602282742,77.22852448060507
0.7896579990829474,0.8798965439863731,0.69217405471299,79.68675888939089,44.03105215268029,11.498565113758902,89.8125129597665,47.06885428795335,3.4471597406867667,48.847534636231856,10.527072242575874,0.5454385843671247,5.641207571268465,90.35092736068182
0.9825618556048276,0.9351515374414848,0.916051015526756,81.20620124203364,33.255305395467545,8.805042283951193,90.82797447572064,29.07041329864866,3.039762591965345,57.21689744123424,18.287685929663603,0.6481613845688095,5.045293655436038,76.78434988856377
0.7628059100420301,0.8647147999033566,0.8153906490639795,80.42252572846431,48.90976580036536,7.008916927003592,84.70583572934238,31.348692954085703,2.9935897024406968,56.279356746686744,21.72306285355276,0.6163255626292166,4.922535758763876,76.7287131887777
0.9698110547896791,0.9146268089126016,0.7362523627608166,83.98997274806118,50.3437530902646,9.975403101383884,83.89534137530194,42.686778117760554,3.3197756208084295,62.80891126601171,14.991015192971517,0.4532081822361199,3.7546494275836,93.36518907733364
0.7515968347896922,0.9354567327887988,0.7830441364032317,84.61754308023684,51.6058943317176,9.654308650371778,85.95562116918197,44.13117334229263,3.656756229932717,54.4720908245482,11.727991261033015,0.6459161315978558,4.183714444454237,86.51829371091563
0.7802846747328867,0.9144272427824669,0.6584204666464164,74.746883390861,63.621324036850794,9.128471006058762,79.25146263551296,30.03959021196804,3.3040587830210177,54.04694302306018,15.492074694107023,0.4899857583728964,2.9453789663760466,57.37738811632703
0.7986761226057414,0.8939242731880551,0.5292818719687635,84.34386250295385,47.6355116326414,10.88463373632897,84.03195244482247,36.937460152106,3.194358440722786,74.35856464085899,12.797864127197194,0.6939202851662047,4.399131520771531,79.49792768007873
0.7614902639707893,0.8841510886001106,0.5979259671797419,74.06831786445073,48.803803756312284,8.498540785988803,88.72293199236564,35.15132934224273,3.255594304028699,62.84566790474526,12.533079560174393,0.5328788924866111,4.219568142091073,60.035982025621266
0.8626392337468214,0.9310826295313877,0.8719486852875252,82.93927944068868,38.96815618766907,7.696004904841714,88.20973564721851,36.10658941694722,3.3633972730564063,54.38949147977732,16.73273626908617,0.5838714566338855,4.018708100124945,77.56231826425417
0.7816448195719434,0.8573107522421498,0.6680118967100555,83.09869392351435,58.20553502887897,10.218165940699663,83.64866197818056,47.54878221018357,3.393842311153969,57.49166328188769,8.585082099880418,0.7372278913446575,4.821755830594288,77.14920260529722
0.7053596028129919,0.8708962721886108,0.6520015027657462,70.44341554168747,51.843090640781035,10.771940185137751,86.08859100543583,45.652043708378024,4.149656435661967,76.45354952270745,9.224284310031091,0.6496381646528845,3.0337801420604826,49.24799031316021
0.872962707383837,0.8880732670352484,0.6882568572184712,80.46489623264705,45.79972272705837,7.646710112199894,80.87674829854656,39.84702256117034,3.8163861885461956,57.64835121748903,15.077163521495772,0.49205260804254547,5.3078902809282775,68.17231583033447
0.752481108327027,0.93712961272536,0.8785339360390574,77.65751943319842,30.953253065345365,11.856181221982162,88.51746074112512,35.632304583080575,3.8074322336845183,53.10723376847612,14.910765844350275,0.4985083429200916,4.721411750352227,73.97885535370604
0.7364156326073752,0.9113930290812269,0.8466997996880502,76.20617371032313,64.44412195055088,6.459037724447844,84.61089281931764,29.202802638238875,3.8505741092820145,53.15003849873607,16.374218308159744,0.5400697211376274,3.943492816278421,63.455647135087645
0.8737612932814576,0.8709586272446926,0.9403183466651779,86.75426165349502,37.72320035543943,8.843773082568713,83.6202427415193,51.36147951025559,3.200353739199785,54.508735190104225,22.500901553933552,0.6394644083356666,3.8810163297460853,74.7206491358614
0.7516633638710783,0.8906907688384529,0.6720113199277644,76.7316042968129,44.08721990630294,9.483982927604782,83.19138081953307,44.736911202279344,3.133290615503828,54.05502277573277,15.418056144303284,0.6358299814932767,4.384488972198875,82.08846665501603
0.7767622765119657,0.8815703056771111,0.723753018002701,75.96811535440975,53.58344511076003,8.72755257469614,84.6855306655007,34.34664716741488,3.1679389125397828,47.20352151650757,17.392688601339177,0.515689769533713,5.216680985651024,69.54110403653867
0.5717082025486825,0.8787063302329939,0.49126279569509146,80.37847470002546,38.034420713833136,8.869879052897614,82.76061177534021,45.75679598099913,3.9003518400013513,48.757999030530215,11.097868257541473,0.4832790514385641,4.081286174952009,73.3689921506239
0.6278735021138719,0.9293666867567034,0.8046618181402955,83.42794873149208,35.064902217468564,13.742148964616227,88.29071518001281,39.43821103540299,3.335842463335253,51.7067962563863,18.07175065406615,0.6281583405085834,4.115224721583381,90.75136117833962
0.8445195148658913,0.8588477061220948,0.5943519235896793,79.29175706994937,28.76052417299335,8.298231821922203,83.0235822599191,37.703123961101255,3.124593145328214,65.91571018453098,12.894436539557288,0.5818139934209838,4.014494782100697,77.09794874837839
0.8372946354566545,0.9482634256720313,0.7310012152404265,85.83185272834626,57.20996952905636,14.882443444943828,92.96482048013691,43.48169222631682,3.3707011399340563,56.18762712727126,15.285683330324373,0.8157215887447737,5.425619290161178,73.0123643451171
0.6852448299817583,0.9248468907055387,0.5615809547321552,82.65487830982045,44.54813755273678,10.874253559462105,92.32605251740691,34.0680140006982,3.428418340485612,57.928383109059595,14.564605499723353,0.6036603656563079,3.704893517650381,55.62880930537959
1.0129896676423307,0.9327258501181109,0.6943607342367131,69.10894340134286,79.2727009247333,10.184110274623984,80.54228255072748,37.24994784391912,3.5805239821083688,72.70088025254897,19.131896939656123,0.7814252827700274,3.976393921104743,80.06539017083273
0.8664977839606964,0.8861118146392423,0.632898202885204,77.35266518246496,40.05644934369127,10.952480706775331,85.3485213471464,40.97168851359637,3.5752853062136127,72.95007149938418,9.760093782500002,0.482961640189566,5.170748523408796,74.95224924087908
0.8943993813389053,0.8955017784276268,0.6628123192671446,77.1907895032415,40.785489765710786,15.059855498503904,81.74671689331902,36.004390456918294,3.2515458308379475,57.17875056862265,5.867045461539842,0.44267870604382925,4.117608666890291,89.25609150552111
0.8215993978806073,0.8570054455642586,0.651487579155254,82.39680476714712,44.346070297145985,8.012813992137104,83.36676218405694,45.352681682140194,3.7056969177541133,53.69136489316591,14.146269211648303,0.4879914867474465,4.909647088036418,70.70317814954967
0.6532146614094484,0.8842601277879959,0.6084767858598543,66.87591471812944,52.43134655138489,7.759164162127222,95.01213733822398,54.95253202942609,3.3082419398749527,51.355696863264626,16.874125027620497,0.7189129781453466,3.270975954477633,42.75600249799007
1.0218584643586064,0.9148096454292945,0.8387980072676824,92.74504854358861,45.29796661214689,8.490267606856158,83.46214291442101,33.96561493914286,3.453117098988487,66.92775769708237,15.60907750323,0.7756101589693534,3.835765982697189,44.498186967576075
0.5699635050520067,0.938881891853442,0.5320045969567497,82.65513047447105,56.123322140025124,10.064286293929122,86.80113018538714,26.678997629567647,3.7060322211510064,57.95292766477712,19.928816949655644,0.5217820546047366,5.187547230752183,81.035211456396
1.0329944485301044,0.8667852954959264,0.7803027548339128,80.74438401958845,40.21411610011346,6.548457750374853,87.7066064700414,23.986078660189907,3.3074535788166974,56.135051096772095,16.749490696718674,0.5539433970240442,3.4589282273891637,61.4470960345277
1.0637276875456352,0.889034821890442,0.8877278371169647,85.90783858209574,36.18408281536419,10.044678478637216,79.9968531375838,38.796254868040144,3.3291945729256587,51.863354248624475,12.744606672560561,0.48310190897875,3.878960768184234,76.55151626665746
0.6537472651385452,0.8954610233930244,0.6121171798332966,91.71827026406312,32.01785260590893,13.387094266827344,80.72452262795397,34.69468327899054,3.6775004149079393,52.303335909886115,5.698319383441278,0.4188360152881613,4.205348184713183,71.71348966753534
0.942281349161311,0.8581263239342255,0.6637784482155675,84.35373322294201,27.76425832062803,10.302814781249555,78.9698881429594,41.66288400853664,3.242680047018494,63.20058191493244,14.050751063219128,0.671841169777663,3.2086763856056106,67.49740498459118
0.8002062673210695,0.917740477252752,0.6769991043122423,84.7440654823581,44.81930980524943,9.414629082049446,80.57014633051112,41.06078137620881,3.3845623929187787,46.84561734112738,19.111836009031194,0.6223020302962163,3.668951905102482,68.55458071617664
0.7991262008495009,0.8782802900477218,0.8177540710484462,80.65345012232191,46.99019687606778,8.763679102632745,70.74984945341409,27.174265227087233,3.666722653412868,69.94868693787939,13.431808869331542,0.6010487982673876,4.090109345460513,57.0191574243216
0.8896828212361241,0.8941382894646893,0.7418314684043668,79.29237123316526,43.68562972516817,11.79702340910313,87.72291200396813,25.48092936414875,4.116227732430793,54.661553561850816,15.113281054711058,0.459994346283662,4.037345387329569,69.76333466650495
0.7960875304475218,0.8864415188426437,0.6459004531511207,77.62102277997549,62.43405797187162,8.348334453523904,95.27096920628034,42.36746592276876,3.681621351428824,58.50364055748207,16.685441017226836,0.763995668182866,5.024281616669708,61.232598508084024
0.8003617117741888,0.8763198448284097,0.7484780930623511,75.86944004142728,62.28030209608135,13.692791841198495,85.73910369518264,41.08343067775966,3.6417919288970033,46.630220418594455,10.938830503000737,0.5496643261950527,5.233165755865803,64.41615219811443
1.0428237241892369,0.8997886504355834,0.6504767160636669,76.56492950150252,46.65197012555498,13.866719495428715,77.91865570329696,36.59345601306759,3.659240475101819,59.87634061757635,17.49294358655527,0.6533626424816475,3.315132102399271,65.14526432936259
0.6813904178619148,0.8935317126429594,0.7384835555097735,73.24722017828509,32.060788868080365,10.513501597323575,81.78611808550026,26.74285131894156,3.178042917779885,56.7167905730944,21.54848716000682,0.45454385947552756,4.089014815333991,66.59960095151921
0.946627941192972,0.88884426353164,0.7775177160684197,79.62064274657489,44.33294891944947,9.97696982384671,82.70561577487501,43.771130102119926,3.5346790216039725,59.499194011435335,14.308746592426374,0.5809474810379962,4.539398646739812,83.8326018476063
0.5196100769997702,0.8781461513495897,0.5991216721360542,71.57666211386807,44.00178606082939,12.061319616483118,79.91207611393313,50.17519636339155,3.4910700534990795,74.71708898361891,10.483742312670792,0.6291374456238583,5.213077972639358,68.0531375619296
0.977751161909241,0.9095857401234887,0.6605792106325872,80.95458262071855,43.42865037721942,12.18959700445465,89.30091319197578,42.22385952175138,3.5964753621118266,61.7769804579024,14.733595891912104,0.6327075218053307,4.574792237853703,85.35553504885148
0.9957623137230995,0.9496085180547685,0.6602724862024292,79.81834695978829,43.022810961017555,8.38801653788117,89.05130022187667,33.220208875479486,3.534952415742761,52.05340815854196,6.102463565564525,0.6154648543236625,4.232730721273866,93.06782426989723
0.6890385772815467,0.9041966169851738,0.7257413779549777,80.73467649193344,43.465371042751926,8.946889733726596,79.2227410309117,40.35641732456921,3.613909903225134,52.88680089453432,16.347613055906464,0.6494522492048772,4.533234025586104,82.82416976584224
0.8991942199081203,0.9298835464473338,0.8476966052259363,77.38934214990003,46.134583841022405,7.355305130633409,88.62540522223755,29.07108735253052,3.4065598415302394,65.95131185913769,16.809097510594317,0.48694795439670385,4.539015067469008,78.01702802602767
0.6199885215275858,0.8582933422453961,0.591266355679017,95.38430185090252,43.64458901184443,10.818129876668115,92.63406331788633,48.46368571071034,3.517582675211538,72.98693290993424,21.702545175382248,0.6197372605439659,3.2578285661725053,74.9024831422528
0.7038980658936135,0.9047328431788131,0.7218131868285518,86.80057950090156,52.08322508625592,11.333255766913782,94.5127910261478,40.65475467623631,3.1316514301829024,62.8191802075105,14.2240208297335,0.6113757683480278,4.154239034005015,82.98038063575105
0.6434493191309767,0.867078950430868,0.4521596279225373,73.77728749957639,53.60368715904861,7.300148724277454,99.32606011542981,25.854744705974145,3.404027816599126,66.88712744554769,16.633941352585882,0.6231672684195061,5.1673287953509535,71.34041107894359
0.8584746766450474,0.855692252174043,0.6561568960955418,81.16434043713448,40.8935491281751,9.089602190367682,80.49003675278401,37.59460511645054,3.917250064452993,66.09737723336706,11.554847590456395,0.6072345217319182,3.834114585044796,84.76854768935797
0.9938961540880376,0.8778188577762289,0.7453681452349192,76.95996928531338,62.71065326007033,7.305492164837302,99.12110213197602,43.70641208187385,3.595642501888477,74.1906441335752,13.574291517899685,0.4726787226086602,4.103557314037955,79.21158707934526
1.1529172006999164,0.9357569800324073,0.6972609584767958,74.92760136646294,40.19937698159386,8.202400379512325,83.22896805745606,37.33561903219582,3.493723688785077,40.50409827273967,8.899258253351208,0.46822002478910263,3.8059868403791826,64.60239308829418
0.674265892090361,0.9285004748600894,0.5749158355436306,73.29963964438032,33.82199386184663,11.102034120452599,82.03767272309743,37.79283422847861,4.068836982876304,66.67218939304529,14.220841514867057,0.37857318141154483,2.1489124035145,83.43776320154208
0.7865197550694327,0.907290141661632,0.6298519831204696,82.16108345379627,53.807780713650516,8.533035866643441,86.63536187438923,30.204782343621826,3.091749506509676,69.83736043903563,13.77876338592574,0.6817534509845298,4.016472141787744,71.37220008966352
0.5461704394810374,0.854018983203302,0.6657618827028967,76.59309882465213,41.825918655856604,9.398348087935403,82.08969332953494,44.53232789665325,3.167163333366134,46.612762938644266,16.196799064355584,0.6827657509735199,4.241433544522298,68.40801988581526
0.7741909519014184,0.8941115804583619,0.6748148361347172,84.83913012012601,53.21291470757388,6.745376544105369,86.99522070323263,34.8122463998469,4.0138134233828815,51.14331815993584,12.505612478669443,0.684355029122212,3.5900052872952783,62.85701259401519
1.1468823390345084,0.9090510002670521,0.56289746142613,84.96891107265219,25.963313988994695,10.373980419449328,78.39961406131349,22.74843698395974,3.5137882808146803,51.492172513718465,15.333381403900368,0.6306789962461452,3.0762904408922176,72.49028271811858
0.9998679216986092,0.905266086887358,0.5378969651611456,86.86957192605725,63.924559414830675,9.911453360310702,83.80623698968283,37.02994103463685,3.427225089113062,52.712098036226166,13.666479777569338,0.38668807822818885,3.2955148321746806,84.94693923119475
0.575692513816554,0.8446861924955776,0.5832366106684209,75.73806616962948,56.72293408040402,8.542081499933676,91.4279111718084,47.84919772456283,3.140238702471307,55.18282949064474,13.674002446801943,0.4973289508214734,4.611350092908451,83.33410008389556
0.7946632312925918,0.8732904645594038,0.7444344664285031,82.37682805346004,34.99523450836998,9.621971404635051,84.71469354284422,36.90456442720042,3.6343088799185037,62.42602813054941,15.32144930385212,0.6170415417593111,5.578019818437524,75.30090696188435
0.8505904556262659,0.8980776670755385,0.43789712963404304,83.16227108321151,35.21222876153715,10.360589761006889,85.70797893369941,53.903879880988164,3.6633379608582386,68.6567465116737,15.16209176926804,0.6135518002791795,5.105946672724347,78.99465461087553
0.9897607598818237,0.9160887272855157,0.6974671723552929,77.62910912448018,66.72265904097527,8.370263702181312,87.37629302358656,43.43174358838814,3.171651691749531,70.81316957768536,18.044696156206555,0.5777251786847979,2.9245231961355582,89.07545187283837
0.7252737268378303,0.8341161653670016,0.6286936460577155,76.14114021303563,42.626200965020416,7.047474911996441,90.8533081465883,42.71006529824293,3.4579173243348715,51.62176938832218,14.51742786348066,0.6368917202908246,4.683701848440562,67.75050563243708
0.8348657894066487,0.8951362807356043,0.847550225172507,88.04760332887986,41.65815151267376,13.61114886537363,76.72387643905283,38.97281387265913,3.39934525039008,51.55297001297017,13.600458603507988,0.6011651707685245,3.469470099352568,53.26869994704691
0.7761764843947474,0.9042914630963685,0.6555419399274005,81.13747937866027,27.339479058507173,8.733454590579456,87.92262025918717,39.453710337885674,3.5767931439256313,73.15821840016223,14.276770219651095,0.6120770465551362,3.534186349992978,89.51694778267859
0.8865284458148908,0.9254883596554864,0.7599310099278156,83.17983875355868,46.49221794398446,9.806479793626222,83.65930430379119,37.89261091904397,3.164224927333807,66.46743935418644,12.14134353263603,0.5360934667167984,3.6304195216229727,62.05332621953922
0.9475812116963441,0.9207857275271232,0.7510210169328323,75.88961994086036,47.722803851642475,12.021679470040628,85.8331894765592,37.58184486333979,3.875584236353947,60.82864841868996,13.560355625733314,0.698201098612159,4.5648535598843445,59.644928149841434
0.8415452629602246,0.9174771395642641,0.49732966775933607,73.90357766738903,57.15493096769485,17.05811037514097,90.29975084881188,44.24693729653719,3.774747134479281,64.73336675554967,23.124634852292925,0.5569228391319616,4.767402701159231,43.05703366998173
0.819876091588147,0.876001784798942,0.7817897445602106,77.15275112753945,36.00921571815525,7.511027100222268,79.02906674294078,32.513350161675476,3.3910473323801553,59.70196218148559,11.349284957216533,0.46693509169793734,3.9215751429761694,78.56924579746445
0.8771021766467793,0.8427599358863008,0.7408151947073236,79.37989306305002,34.7971320775939,10.89965442745302,79.93677779278455,31.392849370205923,3.4350743865084885,65.24584683047615,13.885374664482763,0.5229000987181271,3.9351434071935802,45.67821063171668
0.8973182754022019,0.888208417288158,0.7751564328180094,74.67889996591326,54.509626347764765,8.584895429411787,75.32285020143097,31.01443959299698,3.459073354916715,56.639333034942595,13.450045346921238,0.565153380863802,4.371410994588635,58.74611788462395
0.7963951365248523,0.9300489547562568,1.0917225547748457,79.95077595674809,60.06730071227065,8.922419390846578,82.25420529118112,56.36523638141723,3.266507434098049,62.68804934439231,14.011313551022402,0.6994002788368847,4.454395631619393,78.82355191772588
0.7478111441745864,0.941803635825733,0.47854149209378777,71.5574740596575,34.28847648882117,8.55957595798642,91.65216172189409,44.24274321336464,3.3669711745294895,44.894539496305036,13.67504276448642,0.5957732001565207,4.940980565406823,80.82881878612558
1.0515341704903733,0.9213164730689336,0.9353532075987041,74.39976288765064,60.81514086299741,7.74869006439883,84.39706405763265,42.435937613441155,3.4189188896976175,53.12215705174569,16.116960404883997,0.581385178103435,2.972502419592641,60.2244377767265
0.9806586345118544,0.912880224684052,0.7164199066879281,83.35455624138437,50.375418414868214,9.917417276430678,78.29937552172608,31.539882637652546,3.9838605112121384,53.22988823209656,8.159299594432824,0.47513365752373726,4.016021871843224,67.98770009511392
0.6903230986166471,0.911389189451579,0.7013136650944627,83.01895260138947,60.91805339074646,7.050994625903529,82.57160627712477,44.986738405398626,3.783985492499131,56.25609966793086,19.148685890128018,0.6785482589829577,3.1455804992870577,56.9110821039077
0.9340370253864425,0.8833164375971766,0.7289580318164863,78.04061617306567,49.29779638482383,11.89361513302374,77.56069148254689,39.06742922837337,3.780396412200987,50.73486745220252,17.53033119856879,0.5348047845976615,3.9592461767492777,61.77404818283226
0.7184599715504096,0.8960981911933914,0.637191359547798,74.91117845461524,24.777220825120494,10.110005872066749,79.37406949134419,41.713351529054,3.610977683901317,54.664563741769186,10.02851365574746,0.5899972141058664,3.819059769855391,73.99322890229361
0.9782682814727817,0.95007208577479,0.6875837775443197,74.86298224236995,48.48032617683961,10.84486994580288,86.94409455131857,32.18703747309155,3.1648018973206296,44.85585937601879,5.923690908190395,0.7480183076881864,3.962600436877838,62.47529981805314
0.9577224778382981,0.8717232598262438,0.7723814930168754,78.13365877029344,60.6014381867127,9.067622776107553,79.13063336846986,41.28215085934061,3.4875526686267864,65.487004763949,11.091711415434396,0.6508763331049304,3.3602056895115746,66.33677439736496
0.799192603840958,0.9484433637212956,0.5480807812930717,83.22259245822646,41.06253980916286,9.265592131576504,90.5631715260165,36.609331694348135,3.791146537884014,59.174864810886056,14.02933415429151,0.43717459522848257,2.8101681654340567,48.02939977573649
0.8708724627240336,0.8903391553652382,0.792776032433185,84.64122845672162,46.12035031092548,10.575127810334656,84.64439854584832,33.8751107437585,3.1225206111898136,42.94792392223983,25.3211675947631,0.42304897636475275,2.3244499786280777,86.99434247209206
0.45558008591133164,0.9397629632728524,0.5722755809893075,77.51734132259016,48.23866496449022,7.671898735188349,85.42797351972263,45.87285068645799,3.6909659620619792,51.65170089453327,17.173027859897093,0.5935689549880754,3.8950558765881276,77.65099889756598
0.6906851649457069,0.8577955497150739,0.559664357332391,74.23253787007609,21.00486120131518,9.284019131173329,83.60813516196053,27.698337531759982,4.19678276757883,63.366014275621666,7.76964140327417,0.4787259385125195,3.655199115333649,81.89358057755803
0.6725499835314278,0.9175771260349395,0.6231362100832756,81.33921818933166,66.71347575437477,8.280772972243092,88.86423919271861,44.5182101145132,3.8185449937969196,54.569780536142105,12.241377980396225,0.6648546747632997,3.459249868156938,89.35637986925293
0.994501842078993,0.8778968959215714,0.8743403822060055,75.88232514687076,40.98624320102826,8.21886237881797,88.91579943888506,45.47588906842397,3.9242087406685964,53.03058539861903,14.787150254908067,0.6042263064964979,5.058038770265329,57.621806866814254
1.0352549911265239,0.8575419842422745,0.7052802390800087,77.40873680569399,55.05735432472799,5.780323518748717,86.67527175956086,32.962850595590076,3.565501625132648,59.254073229919236,16.014734217192387,0.6165384769023863,3.312449450563751,64.62408275457965
1.15222704814201,0.9065560212723284,0.8239021238564646,86.62638045218519,49.132988638517915,12.67865317896,87.82394552953824,33.43737231094026,3.790379584629497,63.43597535178216,9.74100455875831,0.5293256818357647,5.133467265711042,41.57748448626683
0.915658359912974,0.9302841536578791,0.6558189624066961,84.13557714282884,62.5761905635936,8.626922493692462,83.93955165039787,38.21579454986878,3.2846440356937894,45.636475429608396,14.460039088091754,0.7741383655286705,5.299074995415406,117.10634365153356
1.0013229336227465,0.8746517568421951,0.8261229183980485,80.78987156125726,54.06056122428081,12.3267521103271,87.71101503454524,42.256289683697766,3.7387591437023677,65.5012848121788,12.129443449557836,0.8842593728010459,2.439279626568495,67.75622027023935
0.522217697286133,0.855029521186248,0.6991051982005537,73.64040499443638,47.65075728479025,12.137584642788585,83.31061112263096,38.77716006548619,3.696316440218229,51.997067183926234,10.584965749590733,0.5721415276243285,4.073905167199176,85.58091849872368
0.740920652101524,0.8972446570699514,0.8700910463550221,81.05698283735329,41.0648490748072,7.428000586967013,85.011158110812,43.468499681535036,3.5869733522112988,59.820720317502015,16.038382586795816,0.6353039248415001,3.6802428073312075,51.42758283496812
0.7304641579910873,0.8973769401366846,0.6650596449478503,85.31328645393764,57.978507013821385,7.823177528654309,83.62678125316852,54.10383722029919,3.8948022259155497,59.645798593084905,18.09550869377129,0.6097417343064312,1.6705568442261876,84.94582638464514
0.7218015901148414,0.916449588826635,0.747315878004501,78.12183167117232,31.26558696045383,15.121005918711369,82.71390730340401,35.93826584680229,3.3383645486457834,54.72933881760226,18.36416510784648,0.5740313136558931,2.8442869975452685,97.86386314974499
0.7390637380482393,0.9284878371409346,0.6945726884659542,86.75557044993357,56.45890420275892,13.501851883854286,81.55444101139105,26.278560234372634,3.443882745057901,49.76340253869286,17.297545404535505,0.5167929532267204,4.61994888568678,69.09578876458028
0.7447136127772955,0.8982175445618252,0.8157655813806253,86.46372644759103,39.00955248445128,9.936962973343793,87.33845051929443,46.60738866424523,3.528638612407489,57.143134519077364,13.010521867438948,0.49150320125195224,5.615359402169012,54.836777551155976
0.5889955684324136,0.9556650994438279,0.5753656533472304,88.31866416071736,62.5228366195664,10.514746212834698,91.55302956406732,53.46651660742024,3.1911167086731798,76.25330309075196,17.858199045854022,0.48644027344744756,4.7221425141593985,67.91805398581695
0.8300653144647453,0.9067270423360587,0.7820168599039145,81.52621563265676,51.61299542662695,8.738307194105623,90.8555098583478,43.142146904408996,3.5680795831400745,46.38324969536369,16.23621775241715,0.6405240025549145,4.258905978010382,36.598577125641604
0.6497261200707792,0.889607204819793,0.6429618004060267,82.93695849903006,56.44123767850109,10.86470542840068,78.71717332027282,31.298010597170656,2.9843208761138458,76.92313019104876,15.535767531808053,0.5480325521796364,3.98293409469513,69.43169948467236
0.7798773644215387,0.8516529792269152,0.6885505233945349,87.07093644165545,50.819888138247194,8.565636198555056,91.44601525703436,39.008861094118394,3.8140863603284627,57.40278828923468,12.553227513192807,0.3421707149859469,5.346130331718491,82.31450708969494
1.2067161307764835,0.892120214390515,0.8108542811389582,82.23696968534487,32.47622904859003,5.935292471403231,83.40920749191035,31.05181212630694,3.51399120996979,60.35371417088639,13.012495490633887,0.6444858220598322,5.718591361566112,69.46363533439728
0.5402373588793346,0.8899083916376659,0.6602833793625014,77.49382946104893,41.39270836604662,7.356888426977898,88.00366507572795,45.14284395170358,3.343732128828871,49.13289188615273,15.295547744498217,0.5961738717535844,3.530525856380651,65.73790667966549
0.3757431238063235,0.9288091438884442,0.582312876639385,77.7572858173607,56.72389337611382,10.042185495701174,80.46892333976395,29.189676778412526,3.2496879163114634,52.28730583322519,24.759497867942006,0.7346673001401146,2.400010751751767,77.9135217416805
0.787276316723145,0.9138745087220056,0.7182903974978389,81.1927747688687,51.66655817359844,7.737865528994824,85.70989956937002,37.5989697053744,3.4296262911142437,54.97090349961981,16.20496992036556,0.6373122397091009,2.3214500293830387,79.06037270424329
1.090385867588533,0.8646189263510216,0.9304082726533517,73.5471928902689,61.809899053056725,9.865445070172932,86.56861591448454,31.965297389648747,3.706477913231724,49.54305029122088,12.555245990998856,0.4521326403689703,5.0575047937278415,45.10141656242226
1.08849209724725,0.9051676315923312,0.8706679928733343,79.28370542317904,54.03274563037172,7.850677921134274,77.57697604040173,41.0145974810797,3.664321693621268,57.91082042629128,11.67044222012223,0.37703233592700186,3.9623531673804906,71.33234443418182
0.5711515986966816,0.9201459351518716,0.7297033589238601,85.48273559115127,40.3329810929734,8.435292154996013,88.04133583172094,37.06926658289794,3.288338615816462,55.92984108193229,13.032933549375189,0.5280527615662063,4.146593528366974,106.53977686343865
1.0249974490407254,0.945840940781635,0.7106954096577943,69.04373074417359,42.03935862279366,11.706330612826383,91.72967503919158,41.41409682600211,3.2461880982117095,78.50781142435733,23.70917379019626,0.5374892579306347,2.5674792056346294,49.97475631527964
0.6143623194496926,0.9266251190224218,0.5646664970395907,87.67241050897258,51.02917390523237,10.494961095280209,84.12676027159186,40.178804439730925,3.6970696118958943,48.340258143195385,13.402973416216152,0.6943159201000166,3.397448869769227,68.718717507504
0.6082032703247732,0.9228253996293444,0.7475808734049686,85.6118710935158,26.859559339998945,9.980671157373306,91.80084065414006,32.106727778207116,3.283295778615491,61.02690516748587,18.627482138441138,0.5991129067710427,3.763615348879374,99.12619183077554
1.2318526580568219,0.9018025798384549,0.8955678437671849,77.70117692084762,66.73441885622985,11.757927946141303,84.05153253273797,45.01501650823217,3.517972932223851,62.47846281901825,13.496287018114575,0.7133688498098509,4.1662707066912565,86.56262734815513
0.5343901127925182,0.9116493601627035,0.7808645957732278,82.71695413935905,54.41746736377557,10.961217186694695,89.24792265523308,39.60987478525508,3.537126392757283,49.29679451348163,16.044738165118513,0.46751669442973653,3.681126368868993,62.29904978835908
0.756362323853729,0.9374851470211848,0.6286925183665093,80.01573863453163,62.27034597048872,12.893126582502735,73.9071501702445,32.091767937072795,3.5936186395180214,66.86827495452839,18.16698109603489,0.6965264384380447,3.170139041358926,73.09203069433906
0.9268224915487633,0.8600166780756106,0.708750757351156,86.14995184219342,34.19396059190831,9.08028147536972,97.09388889656732,57.92741244964634,3.7574811290545616,56.01672987118372,12.712388600760304,0.672098915343092,3.3723464059179817,69.96832480022765
0.982372005842598,0.8895168201834913,0.5816445852081061,84.9134157138497,62.445651603552555,9.140730042944982,92.47729122621479,43.811441333737,3.1211111189398033,35.07610348416932,12.435553383388921,0.39817658885688034,4.966658628757786,58.77892293517499
0.7695711825616961,0.8768229375373128,0.6531456850343367,72.99964638408495,72.31498911027748,7.3977814672173094,83.5768724787316,38.77391557280556,2.9266522024218538,66.59849612104566,21.63547877782132,0.7322617841260772,4.1958276956828,68.88621838760376
0.7437832290319438,0.9113745935617837,0.7856028583159307,82.93631206732088,36.79121644622683,9.142038565255161,75.13955486678091,51.32163621361459,3.3297658156314944,48.83059115897636,18.938371579583187,0.6093458491766353,4.489725445564441,65.80050800790207
0.811049301149143,0.9369066652695236,0.656112787364466,78.97186073178376,57.71401794903767,11.929539788604892,86.44014184152745,54.73452487509286,4.040458522349656,49.52225053860901,18.16268927476291,0.6392044503868506,3.280900951298136,71.69123407115124
0.892385135423459,0.8820907713983678,0.7871442633759471,80.4141628525905,50.01109944687293,12.599974744524268,77.78037226463121,38.837204621488915,4.106652230026214,66.87902082892398,18.149105172491655,0.5135103887571577,1.6369412116795004,58.774252289634504
0.7405870895730379,0.8282908689759169,0.6660964617934784,76.35914049515092,34.55566151751756,11.920610336173336,87.22426768778745,42.779179891478094,4.0493531406697665,56.5283851758155,16.83830195324426,0.7275247012921973,3.581516554492403,50.85072699633008
1.040966743162221,0.8876333776492659,0.7926473886127112,88.74068534560418,54.928839718518695,6.411616266901127,87.0578285958214,32.095977455976474,3.442105589671793,69.177721505515,23.07110325270026,0.48141476707611297,3.306743556459603,69.38078839911444
0.6589516682873627,0.9274042119605223,0.549968778090274,85.20030909951288,58.33603204837348,12.166290425321469,80.29298415498988,38.822457993855906,2.9653654754045515,72.10166095365318,15.175633207508627,0.6832092018373945,4.2792098149024635,95.7267732726817
0.7345230454113488,0.9161288970884964,0.6921517063162272,76.30114418013517,43.98873447331153,6.322962753455858,90.60483511807189,38.40749956992104,2.7970882695044477,53.55071539677702,17.30904946880368,0.6820607475908671,6.628578970945474,71.23304389394195
0.7402579323567537,0.9128455874343173,0.3859508859991161,73.32694696544884,61.65916520255223,11.796234648244695,89.02787351403087,41.478616268973234,3.3157885515351766,67.93262495955031,9.19634828562395,0.5025832571827777,4.556132814094605,65.02609331602682
0.9652606563073854,0.8916002009437656,0.722625548260648,78.07163684511076,33.33236593210802,9.264430946857889,89.87911668644281,42.66208382909608,3.440577910955192,52.44539198607118,11.700157253635037,0.7983373599422574,6.1887681275067905,81.31128707557748
0.8117580974075425,0.8616290779134065,0.5398921999803716,82.17251323045653,35.052438535503555,11.405066627867711,85.04428851834447,44.47862759062448,3.8901876203167878,82.33115917132176,10.196724000659838,0.6231528480217519,4.455015756271559,67.62520581106932
0.5147462451404614,0.915458829648734,0.7492860129397969,81.20102921973111,51.365973955887526,7.335103304210868,77.92237966543146,41.901141250399675,3.7603416378627337,53.070429954687846,20.096254334064596,0.6653892610271024,3.4960910099418276,98.02049387438664
1.0174526568282425,0.8749715456989613,0.8321038994835117,86.26566412384122,50.25385277972272,12.342335265412293,89.88936136105569,30.314058986966685,3.568221523697486,70.26087440960004,4.789839391917001,0.4472879204664244,4.278332862496707,69.94131236057382
0.5640170009353717,0.9655229020014137,0.687671348430451,83.94959861090426,42.834265115758946,7.0700505077902225,83.64814300432104,32.492263154071324,3.2330465687176577,68.43790025881576,13.390759908989109,0.8117730003008565,5.424510879582167,80.50745594737245
0.8174362175285379,0.9171152162506355,0.8564596770980726,84.84784512876453,58.09594435971886,8.663090178293645,78.05109928403665,35.62873904429062,3.2117661325265328,63.16087822108934,3.025173589357509,0.477544305977491,5.463650077056991,58.680934264100905
0.7040787116220708,0.8825805509233815,0.5811280258230339,81.63427700305219,55.30894314215949,8.00381074446193,91.76019682987163,37.74207526461417,3.5762383061214305,53.294568385833166,11.67484841807244,0.702488643276593,3.539730105565537,77.54633880004994
1.0955493805026728,0.8816584425783411,0.948623664917224,73.05350634894505,58.581390709340155,6.491430294355002,95.49703760251255,48.40619432377691,3.709115293651918,58.48602508058591,13.036204201072534,0.5005228282068305,4.2025469565594396,74.12640215415631
0.507066895613412,0.8972116738015924,0.7199858803293915,79.02150734426549,48.76863564647732,10.189055135176936,84.79375935510399,30.696488105176698,3.6175643786736753,38.46411887055448,20.539484375176176,0.5381011197152317,2.856586496263084,69.15240813011188
1.307202537581302,0.8928149423393476,0.8031451056734309,85.30044869954332,56.02580267978341,13.612178235673923,95.79560577301646,37.1406796146344,3.1896206121180035,62.2442003838225,16.58651175688583,0.6788754043885447,4.659734899753143,62.4736335824542
1.003989903778484,0.9335050132658986,0.8645594906629154,79.74238535737678,45.54349696970006,15.333810444640019,85.45657364305674,47.624075985712395,3.6952002886376256,63.49615331028385,11.667433906684135,0.7027552713675157,5.2426837592447155,60.42954751521438
0.8693025219207592,0.9055924850923214,0.6066962792390264,82.51545184311874,70.53818690086595,10.194311574172495,83.09772047916825,37.6009802040271,3.6277732901304236,61.33499419061371,19.263854878927305,0.4728715750885898,4.031839563292813,74.23528995969478
0.8431837206969606,0.8780510478327441,0.6283445140214727,78.40625842376933,41.87454229878014,12.233362550135045,81.84770772907261,43.683325198742594,3.1788000781429466,30.266938287074424,15.07132901811903,0.7090472169056994,3.4660927565118973,79.43408664544711
0.9491653136392431,0.9567132205546734,0.6764323560858407,74.85094075729077,71.05297429458312,10.464189275857075,93.18541203996371,38.88366365657677,3.264703708909923,47.34363554910189,15.15026743482901,0.7044980495133194,4.28810476102205,68.09255805558803
0.8938900578330184,0.9014792499456067,0.670574743651853,79.38327967976944,50.34887947089408,10.997766389536425,81.09928059306114,42.05426605859778,3.70654879236847,52.519090171513376,10.189313968912032,0.5062046591155107,4.333967225090532,74.30901893681188
0.9535026384995896,0.923065190279067,0.6327198953488721,81.54523721516327,36.24489110431257,9.315702697745522,88.67634654987494,38.172219649523676,3.429647739456233,62.916589331890464,11.039945144387442,0.759864759359111,4.064915065479696,69.43127982800846
0.8761618143575391,0.8817532047766572,0.8413487602989174,76.72156140269279,63.68079350488601,10.390153850845204,82.20418082470395,45.336523781826834,3.9767441904909373,62.89338905642985,11.699610800217902,0.45431423717519615,4.142972099468762,71.47789037358082
0.9286464794242452,0.9108934688323357,0.7062761798190782,78.82144377571666,51.25901388394959,11.074957409212857,82.69846618712819,27.639548740748516,3.650338782819373,58.29776208028821,15.18584509261676,0.5375227417222385,3.8609481196245032,66.99332525984163
0.7162878527891595,0.9093332997342959,0.7143224600329778,75.30268379007009,58.51124098380238,8.843080542247337,90.15124846984783,37.093503932891636,3.3540106435432193,66.35245536603956,15.3115429079227,0.6479002624091988,4.796763942581125,70.26958869052463
0.9213842420848386,0.8433105212371155,0.6733109238798416,85.59622458782047,62.238559185425935,9.845011400214025,83.09981576855323,42.372581413554464,3.4969383198827204,49.737576246971,21.176370654096182,0.5146433715297394,4.588981956132102,110.4706068522614
0.7675511218955504,0.9604582533138192,0.5098274504190359,78.52772121205983,53.37955554145025,9.883139762005024,82.97602310289854,44.269561984049545,3.5190150177913155,66.10235005693997,16.54022067175134,0.6263819085679341,3.2135174822846806,74.67451448211138
0.8556035063606159,0.9387193338276765,0.7409066124292962,87.26377772563092,44.077591551871855,11.652806634661049,90.66402348587404,51.94362098203062,3.281482906027487,64.7474210483989,4.169737225311568,0.6241076078803295,3.191527517473124,79.67945437646564
0.8992818615349925,0.8880841405156203,0.5335949678417704,87.64373925270453,59.7571337766925,7.867935656744638,92.98698646610812,36.871802665075386,3.226223540546712,63.775547328379105,16.050567951486762,0.581292573007728,3.7965004663787503,76.57035407992146
0.3044575722023676,0.8669319077863243,0.569250988442045,79.59477017639128,50.007555074545955,9.896915582784697,88.22344901642117,51.83585409488698,3.71041696814285,58.17959568914344,9.19993457532987,0.683240053859056,4.589469699284144,66.0577476505441
0.9656366003985621,0.9104268484141066,0.6045776462163595,74.95775633726325,56.85857818608419,13.824010938105395,81.72615112188025,34.72780938672263,3.7535819891126287,78.30743824831262,11.136116301553855,0.5771639207342361,4.118445931112651,89.40983819937502
0.777000510863625,0.9026009309824319,0.892977727638987,69.57051061133332,28.462694262085385,12.328120305171876,82.4469575035121,50.62917129235715,3.6811344408658875,64.93195688489878,11.75132211309468,0.6231541068813805,3.4854796719018757,65.63254344360487
0.761499011875933,0.9106700684568969,0.7815110251864554,72.63981463486604,54.46981717009852,12.69835809777741,85.39957631870018,46.53973701358698,3.9545954282971403,50.31664136746441,12.346646705950793,0.7146471877487902,4.209214877380664,85.82581823413827
0.5905589735610247,0.9057473218858227,0.6582151225174042,73.1308258755067,43.6141417485497,10.04886368035607,86.60465030962828,32.69233136294222,3.3374680291965193,62.483054757359845,9.499402431838789,0.679068621002584,3.7353515843821823,64.98689502900326
0.932432402457976,0.9151872296791778,0.8594787683799608,86.89234813730752,66.5330963717853,10.641995127372047,80.06067044930114,42.45631389801458,4.002281229821339,67.52483377074219,15.81392801380915,0.6786017290814208,4.704389168179305,55.60041221283939
0.7482186231881122,0.9434191709817542,0.6024230580504545,80.57912293613472,56.23087347889095,12.00447233340585,88.61518969789932,39.59011331574247,3.229723664433754,54.1189140107569,9.356790859636163,0.485082039778322,4.266446748053638,75.4809431235429
0.5573561239476008,0.9170430961538594,0.6936869688539096,81.94802262045994,52.398577458492966,13.120511059061862,85.427566648198,45.004676749400005,3.196194330989452,70.892722469311,16.426670428999387,0.6524792575501321,3.747777450038285,53.429974658468396
0.921891015560224,0.8685103350327018,0.7504537972619273,68.89789495532438,54.86309993350221,6.096794174234226,76.42145840680935,38.21382729253352,2.972012335355225,63.82033705716011,23.94788430824652,0.5121501209030495,4.185215017637169,78.03460337524913
0.7171155025108737,0.9408768855813736,0.7056808837610854,74.01016785391369,40.01559147123282,7.369117385900308,80.35536758769635,37.54203019470615,3.366261405851955,36.57521662334653,9.682563764263744,0.47185850202219737,5.052038447619362,52.08762015863025
0.6270938802244577,0.9492184369046487,0.7840088200667912,84.43539888223144,66.23256690528054,12.618888202805296,82.47935663174168,50.952756662102814,3.348883298951164,62.99671977337926,13.86195878264311,0.5928293653715031,3.544295938762898,65.2148795429072
0.6286343248611683,0.9945617020353625,0.7304077914932723,81.43387056191293,69.91370418416905,9.446221288462393,84.63571155579473,39.210232844354614,3.657781184076395,55.93970845587285,4.9061705499501205,0.509570481334841,4.322125585317729,48.524054552128874
0.9255421123660554,0.866295179002812,0.7602578943740161,79.26397360657201,53.92913510548216,8.656558421483846,94.44639397751997,46.61137859353413,3.573167282486135,65.37179814541736,13.796258828119468,0.6790617718839977,3.9436317276272033,112.36250514104094
0.9426805536791676,0.9072864603945082,0.5701813947969623,82.82421179300061,65.90403568573639,7.491678026008792,86.19085653069814,38.1971881196464,3.142107988694259,69.44214840251814,17.570868610525935,0.6814535459695323,4.34158694708968,45.190606605755285
0.7842936378791906,0.8375370389043304,0.6000687799418513,88.17898903067908,44.308518013274664,8.889966596911782,80.79614055050688,53.33330607382018,3.382182128472255,61.95162047141818,17.882556925429068,0.4097373763568558,3.4763480467234156,70.14720610594607
1.0290362321685715,0.9165944746913763,0.7449881646825705,78.89478768231474,42.02886433775019,7.19526143315235,86.10315402153581,34.57332296531605,3.3885613936736942,76.65252233944696,15.309454921136387,0.517169746042311,4.0882683465275,87.14956411495021
0.9476157263132975,0.8835539910549969,0.7462411690059895,80.34684901329035,50.40924748728923,14.182188545464953,83.23956126273059,35.086851750022525,2.9672053259114324,58.212931154365045,18.557053699035905,0.4540213328082001,4.886258625933441,85.54578862880538
0.686100626810184,0.9577033738447486,0.5585047842351536,80.96298459365653,54.349410383678986,9.955127896038853,86.62379119766771,52.196137448927225,3.205715981895989,66.24817823053876,25.18421814377117,0.5537370723407109,3.250394415003114,82.77013183259706
0.8669392488206537,0.8767615508994425,0.9579024797630056,91.96054817636997,46.060133187568795,9.884098916474565,87.90283843517807,36.44042887283798,3.268755910815773,68.04942573637348,21.8492187497504,0.6455175669868825,2.9364759173399344,65.24157417667787
0.9367320534199566,0.8493245088609822,0.8858224188803464,69.50321867790487,55.37768190368484,11.176153350335664,91.0461532361197,52.80859444931514,3.930087505946284,59.02654031107267,12.909916282361452,0.5757711901821612,2.9668355484104287,90.26633419505504
0.7498049099980929,0.8858620877789244,0.7476630595387717,83.41611507394404,53.06389482073414,11.92469033853314,84.87856752164987,47.134724636758506,3.5574352147872057,67.78774307977783,9.195584054133047,0.5410240759332865,3.063469975839849,83.70086636203274
0.9585628151195487,0.8407353668634859,0.7468443899082616,79.42598875620469,40.01693224708945,11.891776313109279,93.19480263799916,38.76280234751333,3.69865062618425,54.053270128378315,13.375394333704786,0.7300176526813139,4.476258630314131,73.18449426490714
0.8516868372403358,0.9225329836352193,0.6917008123199687,82.8338586309209,55.18793017451721,12.147243887815144,89.54011331268096,25.493652223862732,3.0504093508552366,55.774315809787815,11.212068937530606,0.3695142827403711,2.8753122513076272,73.60871136589888
0.7725876303396442,0.8380475086123104,0.5979550615826875,76.71313723002638,58.63528242521521,8.738308898418287,81.46280227593905,39.845453565825316,3.8582643449041973,46.87511309663687,16.80539019145853,0.7236871893518224,3.7616837242051755,65.44116028576941
0.9380345123165877,0.9008537274354947,0.7422566799310332,79.75517484570774,51.71469317590391,9.404266390086278,96.04927832874232,40.8130404282674,3.8903306189072278,62.41409116370047,10.275225842282008,0.5455711706844514,4.494631442648567,56.35521961250443
0.9398367332606029,0.8376656454043141,0.7607344373294258,83.55705289732748,61.52648103261693,11.538063310884551,86.63497256635048,49.33774186643498,2.9004965098566124,63.25251675854344,14.708710269638631,0.5921890989887211,4.333327248438875,88.55726463218075
0.7189862312172032,0.8903910658639007,0.5555705002561384,95.5645510052192,37.82596206503048,8.94522187672076,80.82437748013882,52.707577409920894,3.2884049828252455,71.7926315857923,18.352056218145243,0.5472636662279892,3.6915528160300117,89.68311990402297
0.7298456362258117,0.9493013446741361,0.7158790507809427,84.04018094701036,54.67950422131852,9.98978673594555,93.26456525615211,34.52010256685002,3.648729671904653,67.91140004355884,14.597216508731291,0.7542888105539118,4.152738985404085,56.73836288455118
0.7340712257875254,0.9108194367430739,0.6679919015644065,75.75967200984746,38.29719293603225,10.797527528849628,95.38888792599222,46.40945411190546,3.6933165360614546,57.15204443352567,11.214744709008814,0.476902150319474,4.085716263790054,67.69322252280712
