run,split,global_step,key,value,source
easy,eval,0,eval/all/avg_score,0.2540951255534589,eval_dump
easy,eval,0,eval/all/environment/accepted,0.011111111111111112,eval_dump
easy,eval,0,eval/all/environment/archetype/collider_selection/episodes,10.0,eval_dump
easy,eval,0,eval/all/environment/archetype/collider_selection/part_a,0.0766,eval_dump
easy,eval,0,eval/all/environment/archetype/collider_selection/part_b,0.1833,eval_dump
easy,eval,0,eval/all/environment/archetype/collider_selection/score,0.12120874125874126,eval_dump
easy,eval,0,eval/all/environment/archetype/collider_selection/truncated,0.3,eval_dump
easy,eval,0,eval/all/environment/archetype/collider_selection/turns,6.0,eval_dump
easy,eval,0,eval/all/environment/archetype/competing_causes/episodes,10.0,eval_dump
easy,eval,0,eval/all/environment/archetype/competing_causes/part_a,0.3485,eval_dump
easy,eval,0,eval/all/environment/archetype/competing_causes/part_b,0.35960000000000003,eval_dump
easy,eval,0,eval/all/environment/archetype/competing_causes/score,0.34571666666666667,eval_dump
easy,eval,0,eval/all/environment/archetype/competing_causes/truncated,0.1,eval_dump
easy,eval,0,eval/all/environment/archetype/competing_causes/turns,6.4,eval_dump
easy,eval,0,eval/all/environment/archetype/confounded_chain/episodes,10.0,eval_dump
easy,eval,0,eval/all/environment/archetype/confounded_chain/part_a,0.3498,eval_dump
easy,eval,0,eval/all/environment/archetype/confounded_chain/part_b,0.3875,eval_dump
easy,eval,0,eval/all/environment/archetype/confounded_chain/score,0.36865,eval_dump
easy,eval,0,eval/all/environment/archetype/confounded_chain/truncated,0.2,eval_dump
easy,eval,0,eval/all/environment/archetype/confounded_chain/turns,5.3,eval_dump
easy,eval,0,eval/all/environment/archetype/confounded_reversal/episodes,10.0,eval_dump
easy,eval,0,eval/all/environment/archetype/confounded_reversal/part_a,0.1507,eval_dump
easy,eval,0,eval/all/environment/archetype/confounded_reversal/part_b,0.2867,eval_dump
easy,eval,0,eval/all/environment/archetype/confounded_reversal/score,0.21869999999999998,eval_dump
easy,eval,0,eval/all/environment/archetype/confounded_reversal/truncated,0.0,eval_dump
easy,eval,0,eval/all/environment/archetype/confounded_reversal/turns,7.0,eval_dump
easy,eval,0,eval/all/environment/archetype/dose_window/episodes,10.0,eval_dump
easy,eval,0,eval/all/environment/archetype/dose_window/part_a,0.4657,eval_dump
easy,eval,0,eval/all/environment/archetype/dose_window/part_b,0.2741,eval_dump
easy,eval,0,eval/all/environment/archetype/dose_window/score,0.3575311188811189,eval_dump
easy,eval,0,eval/all/environment/archetype/dose_window/truncated,0.0,eval_dump
easy,eval,0,eval/all/environment/archetype/dose_window/turns,6.2,eval_dump
easy,eval,0,eval/all/environment/archetype/hidden_subtype/episodes,10.0,eval_dump
easy,eval,0,eval/all/environment/archetype/hidden_subtype/part_a,0.1612,eval_dump
easy,eval,0,eval/all/environment/archetype/hidden_subtype/part_b,0.34299999999999997,eval_dump
easy,eval,0,eval/all/environment/archetype/hidden_subtype/score,0.23096904761904763,eval_dump
easy,eval,0,eval/all/environment/archetype/hidden_subtype/truncated,0.1,eval_dump
easy,eval,0,eval/all/environment/archetype/hidden_subtype/turns,5.8,eval_dump
easy,eval,0,eval/all/environment/archetype/instrument_only/episodes,10.0,eval_dump
easy,eval,0,eval/all/environment/archetype/instrument_only/part_a,0.1238,eval_dump
easy,eval,0,eval/all/environment/archetype/instrument_only/part_b,0.29359999999999997,eval_dump
easy,eval,0,eval/all/environment/archetype/instrument_only/score,0.2059222222222222,eval_dump
easy,eval,0,eval/all/environment/archetype/instrument_only/truncated,0.2,eval_dump
easy,eval,0,eval/all/environment/archetype/instrument_only/turns,6.3,eval_dump
easy,eval,0,eval/all/environment/archetype/surrogate_trap/episodes,10.0,eval_dump
easy,eval,0,eval/all/environment/archetype/surrogate_trap/part_a,0.1941,eval_dump
easy,eval,0,eval/all/environment/archetype/surrogate_trap/part_b,0.18460000000000001,eval_dump
easy,eval,0,eval/all/environment/archetype/surrogate_trap/score,0.17893333333333333,eval_dump
easy,eval,0,eval/all/environment/archetype/surrogate_trap/truncated,0.5,eval_dump
easy,eval,0,eval/all/environment/archetype/surrogate_trap/turns,5.3,eval_dump
easy,eval,0,eval/all/environment/archetype/synergy_pair/episodes,10.0,eval_dump
easy,eval,0,eval/all/environment/archetype/synergy_pair/part_a,0.183,eval_dump
easy,eval,0,eval/all/environment/archetype/synergy_pair/part_b,0.3417,eval_dump
easy,eval,0,eval/all/environment/archetype/synergy_pair/score,0.259225,eval_dump
easy,eval,0,eval/all/environment/archetype/synergy_pair/truncated,0.4,eval_dump
easy,eval,0,eval/all/environment/archetype/synergy_pair/turns,5.7,eval_dump
easy,eval,0,eval/all/environment/completed,0.8,eval_dump
easy,eval,0,eval/all/environment/forced_no_answer,0.0,eval_dump
easy,eval,0,eval/all/environment/interventions,2.8222222222222224,eval_dump
easy,eval,0,eval/all/environment/invalid_id_fraction,0.02973060889727556,eval_dump
easy,eval,0,eval/all/environment/parse_failures,0.044444444444444446,eval_dump
easy,eval,0,eval/all/environment/part_a,0.22815555555555556,eval_dump
easy,eval,0,eval/all/environment/part_b,0.2949,eval_dump
easy,eval,0,eval/all/environment/queries_used,4.066666666666666,eval_dump
easy,eval,0,eval/all/environment/reward_error,0.0,eval_dump
easy,eval,0,eval/all/environment/score,0.2540951255534589,eval_dump
easy,eval,0,eval/all/environment/truncated,0.2,eval_dump
easy,eval,0,eval/all/environment/turns,6.0,eval_dump
easy,eval,0,eval/all/generate/avg_assistant_tokens,9355.066666666668,eval_dump
easy,eval,0,eval/all/generate/avg_num_tokens,11988.677777777777,eval_dump
easy,eval,0,eval/all/generate/avg_tokens_non_zero_rewards,10261.36231884058,eval_dump
easy,eval,0,eval/all/generate/avg_tokens_zero_rewards,17664.14285714286,eval_dump
easy,eval,0,eval/all/generate/max_assistant_tokens,21196,eval_dump
easy,eval,0,eval/all/generate/max_num_tokens,23199,eval_dump
easy,eval,0,eval/all/generate/min_assistant_tokens,2247,eval_dump
easy,eval,0,eval/all/generate/min_num_tokens,3085,eval_dump
easy,eval,0,eval/all/generate/std_assistant_tokens,4861.491567638704,eval_dump
easy,eval,0,eval/all/generate/std_num_tokens,4822.413369598665,eval_dump
easy,eval,0,eval/all/generate/tokens_per_turn_max,8192,eval_dump
easy,eval,0,eval/all/generate/tokens_per_turn_mean,1559.1777777777777,eval_dump
easy,eval,0,eval/all/generate/tokens_per_turn_std,1550.8206662169007,eval_dump
easy,eval,0,eval/all/generate/trajectory_time_completion_max,507.5385119202547,eval_dump
easy,eval,0,eval/all/generate/trajectory_time_completion_mean,312.541861457714,eval_dump
easy,eval,0,eval/all/generate/trajectory_time_completion_p90,437.6209402783774,eval_dump
easy,eval,0,eval/all/generate/trajectory_time_env_max,7.967326689977199,eval_dump
easy,eval,0,eval/all/generate/trajectory_time_env_mean,0.9805069733566294,eval_dump
easy,eval,0,eval/all/generate/trajectory_time_env_p90,3.4726707699242985,eval_dump
easy,eval,0,eval/all/generate/trajectory_time_llm_max,448.9618049636483,eval_dump
easy,eval,0,eval/all/generate/trajectory_time_llm_mean,284.0061656807808,eval_dump
easy,eval,0,eval/all/generate/trajectory_time_llm_p90,398.3313568569255,eval_dump
easy,eval,0,eval/all/generate/trajectory_time_other_max,60.57261400297284,eval_dump
easy,eval,0,eval/all/generate/trajectory_time_other_mean,27.555188803576552,eval_dump
easy,eval,0,eval/all/generate/trajectory_time_other_p90,53.409255553269766,eval_dump
easy,eval,0,eval/all/mean_positive_reward,0.2540951255534589,eval_dump
easy,eval,0,eval/all/pass_at_2,0.9333333333333333,eval_dump
easy,eval,0,eval/archetype/collider_selection/avg_score,0.12120874125874126,eval_dump
easy,eval,0,eval/archetype/collider_selection/episodes,10.0,eval_dump
easy,eval,0,eval/archetype/collider_selection/mean_positive_reward,0.12120874125874126,eval_dump
easy,eval,0,eval/archetype/collider_selection/n_episodes,10,eval_dump
easy,eval,0,eval/archetype/collider_selection/part_a,0.0766,eval_dump
easy,eval,0,eval/archetype/collider_selection/part_b,0.1833,eval_dump
easy,eval,0,eval/archetype/collider_selection/pass_at_2,0.8,eval_dump
easy,eval,0,eval/archetype/collider_selection/recompute_matches,True,eval_dump
easy,eval,0,eval/archetype/collider_selection/recomputed_avg_score,0.12120874125874126,eval_dump
easy,eval,0,eval/archetype/collider_selection/score,0.12120874125874126,eval_dump
easy,eval,0,eval/archetype/collider_selection/truncated,0.3,eval_dump
easy,eval,0,eval/archetype/collider_selection/turns,6.0,eval_dump
easy,eval,0,eval/archetype/competing_causes/avg_score,0.34571666666666667,eval_dump
easy,eval,0,eval/archetype/competing_causes/episodes,10.0,eval_dump
easy,eval,0,eval/archetype/competing_causes/mean_positive_reward,0.34571666666666667,eval_dump
easy,eval,0,eval/archetype/competing_causes/n_episodes,10,eval_dump
easy,eval,0,eval/archetype/competing_causes/part_a,0.3485,eval_dump
easy,eval,0,eval/archetype/competing_causes/part_b,0.35960000000000003,eval_dump
easy,eval,0,eval/archetype/competing_causes/pass_at_2,1.0,eval_dump
easy,eval,0,eval/archetype/competing_causes/recompute_matches,True,eval_dump
easy,eval,0,eval/archetype/competing_causes/recomputed_avg_score,0.34571666666666667,eval_dump
easy,eval,0,eval/archetype/competing_causes/score,0.34571666666666667,eval_dump
easy,eval,0,eval/archetype/competing_causes/truncated,0.1,eval_dump
easy,eval,0,eval/archetype/competing_causes/turns,6.4,eval_dump
easy,eval,0,eval/archetype/confounded_chain/avg_score,0.36865,eval_dump
easy,eval,0,eval/archetype/confounded_chain/episodes,10.0,eval_dump
easy,eval,0,eval/archetype/confounded_chain/mean_positive_reward,0.36865,eval_dump
easy,eval,0,eval/archetype/confounded_chain/n_episodes,10,eval_dump
easy,eval,0,eval/archetype/confounded_chain/part_a,0.3498,eval_dump
easy,eval,0,eval/archetype/confounded_chain/part_b,0.3875,eval_dump
easy,eval,0,eval/archetype/confounded_chain/pass_at_2,1.0,eval_dump
easy,eval,0,eval/archetype/confounded_chain/recompute_matches,True,eval_dump
easy,eval,0,eval/archetype/confounded_chain/recomputed_avg_score,0.36865,eval_dump
easy,eval,0,eval/archetype/confounded_chain/score,0.36865,eval_dump
easy,eval,0,eval/archetype/confounded_chain/truncated,0.2,eval_dump
easy,eval,0,eval/archetype/confounded_chain/turns,5.3,eval_dump
easy,eval,0,eval/archetype/confounded_reversal/avg_score,0.21870000000000003,eval_dump
easy,eval,0,eval/archetype/confounded_reversal/episodes,10.0,eval_dump
easy,eval,0,eval/archetype/confounded_reversal/mean_positive_reward,0.21870000000000003,eval_dump
easy,eval,0,eval/archetype/confounded_reversal/n_episodes,10,eval_dump
easy,eval,0,eval/archetype/confounded_reversal/part_a,0.1507,eval_dump
easy,eval,0,eval/archetype/confounded_reversal/part_b,0.2867,eval_dump
easy,eval,0,eval/archetype/confounded_reversal/pass_at_2,1.0,eval_dump
easy,eval,0,eval/archetype/confounded_reversal/recompute_matches,True,eval_dump
easy,eval,0,eval/archetype/confounded_reversal/recomputed_avg_score,0.21869999999999998,eval_dump
easy,eval,0,eval/archetype/confounded_reversal/score,0.21869999999999998,eval_dump
easy,eval,0,eval/archetype/confounded_reversal/truncated,0.0,eval_dump
easy,eval,0,eval/archetype/confounded_reversal/turns,7.0,eval_dump
easy,eval,0,eval/archetype/dose_window/avg_score,0.3575311188811189,eval_dump
easy,eval,0,eval/archetype/dose_window/episodes,10.0,eval_dump
easy,eval,0,eval/archetype/dose_window/mean_positive_reward,0.3575311188811189,eval_dump
easy,eval,0,eval/archetype/dose_window/n_episodes,10,eval_dump
easy,eval,0,eval/archetype/dose_window/part_a,0.4657,eval_dump
easy,eval,0,eval/archetype/dose_window/part_b,0.2741,eval_dump
easy,eval,0,eval/archetype/dose_window/pass_at_2,1.0,eval_dump
easy,eval,0,eval/archetype/dose_window/recompute_matches,True,eval_dump
easy,eval,0,eval/archetype/dose_window/recomputed_avg_score,0.3575311188811189,eval_dump
easy,eval,0,eval/archetype/dose_window/score,0.3575311188811189,eval_dump
easy,eval,0,eval/archetype/dose_window/truncated,0.0,eval_dump
easy,eval,0,eval/archetype/dose_window/turns,6.2,eval_dump
easy,eval,0,eval/archetype/hidden_subtype/avg_score,0.23096904761904763,eval_dump
easy,eval,0,eval/archetype/hidden_subtype/episodes,10.0,eval_dump
easy,eval,0,eval/archetype/hidden_subtype/mean_positive_reward,0.23096904761904763,eval_dump
easy,eval,0,eval/archetype/hidden_subtype/n_episodes,10,eval_dump
easy,eval,0,eval/archetype/hidden_subtype/part_a,0.1612,eval_dump
easy,eval,0,eval/archetype/hidden_subtype/part_b,0.34299999999999997,eval_dump
easy,eval,0,eval/archetype/hidden_subtype/pass_at_2,1.0,eval_dump
easy,eval,0,eval/archetype/hidden_subtype/recompute_matches,True,eval_dump
easy,eval,0,eval/archetype/hidden_subtype/recomputed_avg_score,0.23096904761904763,eval_dump
easy,eval,0,eval/archetype/hidden_subtype/score,0.23096904761904763,eval_dump
easy,eval,0,eval/archetype/hidden_subtype/truncated,0.1,eval_dump
easy,eval,0,eval/archetype/hidden_subtype/turns,5.8,eval_dump
easy,eval,0,eval/archetype/instrument_only/avg_score,0.2059222222222222,eval_dump
easy,eval,0,eval/archetype/instrument_only/episodes,10.0,eval_dump
easy,eval,0,eval/archetype/instrument_only/mean_positive_reward,0.2059222222222222,eval_dump
easy,eval,0,eval/archetype/instrument_only/n_episodes,10,eval_dump
easy,eval,0,eval/archetype/instrument_only/part_a,0.1238,eval_dump
easy,eval,0,eval/archetype/instrument_only/part_b,0.29359999999999997,eval_dump
easy,eval,0,eval/archetype/instrument_only/pass_at_2,1.0,eval_dump
easy,eval,0,eval/archetype/instrument_only/recompute_matches,True,eval_dump
easy,eval,0,eval/archetype/instrument_only/recomputed_avg_score,0.2059222222222222,eval_dump
easy,eval,0,eval/archetype/instrument_only/score,0.2059222222222222,eval_dump
easy,eval,0,eval/archetype/instrument_only/truncated,0.2,eval_dump
easy,eval,0,eval/archetype/instrument_only/turns,6.3,eval_dump
easy,eval,0,eval/archetype/surrogate_trap/avg_score,0.17893333333333333,eval_dump
easy,eval,0,eval/archetype/surrogate_trap/episodes,10.0,eval_dump
easy,eval,0,eval/archetype/surrogate_trap/mean_positive_reward,0.17893333333333333,eval_dump
easy,eval,0,eval/archetype/surrogate_trap/n_episodes,10,eval_dump
easy,eval,0,eval/archetype/surrogate_trap/part_a,0.1941,eval_dump
easy,eval,0,eval/archetype/surrogate_trap/part_b,0.18460000000000001,eval_dump
easy,eval,0,eval/archetype/surrogate_trap/pass_at_2,0.8,eval_dump
easy,eval,0,eval/archetype/surrogate_trap/recompute_matches,True,eval_dump
easy,eval,0,eval/archetype/surrogate_trap/recomputed_avg_score,0.17893333333333333,eval_dump
easy,eval,0,eval/archetype/surrogate_trap/score,0.17893333333333333,eval_dump
easy,eval,0,eval/archetype/surrogate_trap/truncated,0.5,eval_dump
easy,eval,0,eval/archetype/surrogate_trap/turns,5.3,eval_dump
easy,eval,0,eval/archetype/synergy_pair/avg_score,0.259225,eval_dump
easy,eval,0,eval/archetype/synergy_pair/episodes,10.0,eval_dump
easy,eval,0,eval/archetype/synergy_pair/mean_positive_reward,0.259225,eval_dump
easy,eval,0,eval/archetype/synergy_pair/n_episodes,10,eval_dump
easy,eval,0,eval/archetype/synergy_pair/part_a,0.183,eval_dump
easy,eval,0,eval/archetype/synergy_pair/part_b,0.3417,eval_dump
easy,eval,0,eval/archetype/synergy_pair/pass_at_2,0.8,eval_dump
easy,eval,0,eval/archetype/synergy_pair/recompute_matches,True,eval_dump
easy,eval,0,eval/archetype/synergy_pair/recomputed_avg_score,0.259225,eval_dump
easy,eval,0,eval/archetype/synergy_pair/score,0.259225,eval_dump
easy,eval,0,eval/archetype/synergy_pair/truncated,0.4,eval_dump
easy,eval,0,eval/archetype/synergy_pair/turns,5.7,eval_dump
easy,eval,0,eval/rpg_v9_eval_collider_selection/avg_score,0.12120874125874126,eval_dump
easy,eval,0,eval/rpg_v9_eval_collider_selection/mean_positive_reward,0.12120874125874126,eval_dump
easy,eval,0,eval/rpg_v9_eval_collider_selection/pass_at_2,0.8,eval_dump
easy,eval,0,eval/rpg_v9_eval_competing_causes/avg_score,0.34571666666666667,eval_dump
easy,eval,0,eval/rpg_v9_eval_competing_causes/mean_positive_reward,0.34571666666666667,eval_dump
easy,eval,0,eval/rpg_v9_eval_competing_causes/pass_at_2,1.0,eval_dump
easy,eval,0,eval/rpg_v9_eval_confounded_chain/avg_score,0.36865,eval_dump
easy,eval,0,eval/rpg_v9_eval_confounded_chain/mean_positive_reward,0.36865,eval_dump
easy,eval,0,eval/rpg_v9_eval_confounded_chain/pass_at_2,1.0,eval_dump
easy,eval,0,eval/rpg_v9_eval_confounded_reversal/avg_score,0.21870000000000003,eval_dump
easy,eval,0,eval/rpg_v9_eval_confounded_reversal/mean_positive_reward,0.21870000000000003,eval_dump
easy,eval,0,eval/rpg_v9_eval_confounded_reversal/pass_at_2,1.0,eval_dump
easy,eval,0,eval/rpg_v9_eval_dose_window/avg_score,0.3575311188811189,eval_dump
easy,eval,0,eval/rpg_v9_eval_dose_window/mean_positive_reward,0.3575311188811189,eval_dump
easy,eval,0,eval/rpg_v9_eval_dose_window/pass_at_2,1.0,eval_dump
easy,eval,0,eval/rpg_v9_eval_hidden_subtype/avg_score,0.23096904761904763,eval_dump
easy,eval,0,eval/rpg_v9_eval_hidden_subtype/mean_positive_reward,0.23096904761904763,eval_dump
easy,eval,0,eval/rpg_v9_eval_hidden_subtype/pass_at_2,1.0,eval_dump
easy,eval,0,eval/rpg_v9_eval_instrument_only/avg_score,0.2059222222222222,eval_dump
easy,eval,0,eval/rpg_v9_eval_instrument_only/mean_positive_reward,0.2059222222222222,eval_dump
easy,eval,0,eval/rpg_v9_eval_instrument_only/pass_at_2,1.0,eval_dump
easy,eval,0,eval/rpg_v9_eval_surrogate_trap/avg_score,0.17893333333333333,eval_dump
easy,eval,0,eval/rpg_v9_eval_surrogate_trap/mean_positive_reward,0.17893333333333333,eval_dump
easy,eval,0,eval/rpg_v9_eval_surrogate_trap/pass_at_2,0.8,eval_dump
easy,eval,0,eval/rpg_v9_eval_synergy_pair/avg_score,0.259225,eval_dump
easy,eval,0,eval/rpg_v9_eval_synergy_pair/mean_positive_reward,0.259225,eval_dump
easy,eval,0,eval/rpg_v9_eval_synergy_pair/pass_at_2,0.8,eval_dump
easy,eval,2,eval/all/avg_score,0.22661698702532038,eval_dump
easy,eval,2,eval/all/environment/accepted,0.0,eval_dump
easy,eval,2,eval/all/environment/archetype/collider_selection/episodes,10.0,eval_dump
easy,eval,2,eval/all/environment/archetype/collider_selection/part_a,0.1618,eval_dump
easy,eval,2,eval/all/environment/archetype/collider_selection/part_b,0.15,eval_dump
easy,eval,2,eval/all/environment/archetype/collider_selection/score,0.13784444444444444,eval_dump
easy,eval,2,eval/all/environment/archetype/collider_selection/truncated,0.5,eval_dump
easy,eval,2,eval/all/environment/archetype/collider_selection/turns,5.5,eval_dump
easy,eval,2,eval/all/environment/archetype/competing_causes/episodes,10.0,eval_dump
easy,eval,2,eval/all/environment/archetype/competing_causes/part_a,0.27599999999999997,eval_dump
easy,eval,2,eval/all/environment/archetype/competing_causes/part_b,0.2,eval_dump
easy,eval,2,eval/all/environment/archetype/competing_causes/score,0.22713690476190473,eval_dump
easy,eval,2,eval/all/environment/archetype/competing_causes/truncated,0.4,eval_dump
easy,eval,2,eval/all/environment/archetype/competing_causes/turns,5.9,eval_dump
easy,eval,2,eval/all/environment/archetype/confounded_chain/episodes,10.0,eval_dump
easy,eval,2,eval/all/environment/archetype/confounded_chain/part_a,0.35509999999999997,eval_dump
easy,eval,2,eval/all/environment/archetype/confounded_chain/part_b,0.29700000000000004,eval_dump
easy,eval,2,eval/all/environment/archetype/confounded_chain/score,0.32605,eval_dump
easy,eval,2,eval/all/environment/archetype/confounded_chain/truncated,0.3,eval_dump
easy,eval,2,eval/all/environment/archetype/confounded_chain/turns,5.3,eval_dump
easy,eval,2,eval/all/environment/archetype/confounded_reversal/episodes,10.0,eval_dump
easy,eval,2,eval/all/environment/archetype/confounded_reversal/part_a,0.0019,eval_dump
easy,eval,2,eval/all/environment/archetype/confounded_reversal/part_b,0.1854,eval_dump
easy,eval,2,eval/all/environment/archetype/confounded_reversal/score,0.09115,eval_dump
easy,eval,2,eval/all/environment/archetype/confounded_reversal/truncated,0.2,eval_dump
easy,eval,2,eval/all/environment/archetype/confounded_reversal/turns,6.4,eval_dump
easy,eval,2,eval/all/environment/archetype/dose_window/episodes,10.0,eval_dump
easy,eval,2,eval/all/environment/archetype/dose_window/part_a,0.195,eval_dump
easy,eval,2,eval/all/environment/archetype/dose_window/part_b,0.1306,eval_dump
easy,eval,2,eval/all/environment/archetype/dose_window/score,0.15655000000000002,eval_dump
easy,eval,2,eval/all/environment/archetype/dose_window/truncated,0.3,eval_dump
easy,eval,2,eval/all/environment/archetype/dose_window/turns,5.7,eval_dump
easy,eval,2,eval/all/environment/archetype/hidden_subtype/episodes,10.0,eval_dump
easy,eval,2,eval/all/environment/archetype/hidden_subtype/part_a,0.21459999999999999,eval_dump
easy,eval,2,eval/all/environment/archetype/hidden_subtype/part_b,0.33730000000000004,eval_dump
easy,eval,2,eval/all/environment/archetype/hidden_subtype/score,0.264075,eval_dump
easy,eval,2,eval/all/environment/archetype/hidden_subtype/truncated,0.3,eval_dump
easy,eval,2,eval/all/environment/archetype/hidden_subtype/turns,5.6,eval_dump
easy,eval,2,eval/all/environment/archetype/instrument_only/episodes,10.0,eval_dump
easy,eval,2,eval/all/environment/archetype/instrument_only/part_a,0.238,eval_dump
easy,eval,2,eval/all/environment/archetype/instrument_only/part_b,0.30710000000000004,eval_dump
easy,eval,2,eval/all/environment/archetype/instrument_only/score,0.2623119047619048,eval_dump
easy,eval,2,eval/all/environment/archetype/instrument_only/truncated,0.1,eval_dump
easy,eval,2,eval/all/environment/archetype/instrument_only/turns,6.8,eval_dump
easy,eval,2,eval/all/environment/archetype/surrogate_trap/episodes,10.0,eval_dump
easy,eval,2,eval/all/environment/archetype/surrogate_trap/part_a,0.3706,eval_dump
easy,eval,2,eval/all/environment/archetype/surrogate_trap/part_b,0.27040000000000003,eval_dump
easy,eval,2,eval/all/environment/archetype/surrogate_trap/score,0.3060502136752137,eval_dump
easy,eval,2,eval/all/environment/archetype/surrogate_trap/truncated,0.4,eval_dump
easy,eval,2,eval/all/environment/archetype/surrogate_trap/turns,6.0,eval_dump
easy,eval,2,eval/all/environment/archetype/synergy_pair/episodes,10.0,eval_dump
easy,eval,2,eval/all/environment/archetype/synergy_pair/part_a,0.18560000000000001,eval_dump
easy,eval,2,eval/all/environment/archetype/synergy_pair/part_b,0.37,eval_dump
easy,eval,2,eval/all/environment/archetype/synergy_pair/score,0.2683844155844156,eval_dump
easy,eval,2,eval/all/environment/archetype/synergy_pair/truncated,0.1,eval_dump
easy,eval,2,eval/all/environment/archetype/synergy_pair/turns,4.8,eval_dump
easy,eval,2,eval/all/environment/completed,0.7111111111111111,eval_dump
easy,eval,2,eval/all/environment/forced_no_answer,0.0,eval_dump
easy,eval,2,eval/all/environment/interventions,2.8555555555555556,eval_dump
easy,eval,2,eval/all/environment/invalid_id_fraction,0.03717649634316301,eval_dump
easy,eval,2,eval/all/environment/parse_failures,0.06666666666666667,eval_dump
easy,eval,2,eval/all/environment/part_a,0.22206666666666666,eval_dump
easy,eval,2,eval/all/environment/part_b,0.24975555555555556,eval_dump
easy,eval,2,eval/all/environment/queries_used,4.1,eval_dump
easy,eval,2,eval/all/environment/reward_error,0.0,eval_dump
easy,eval,2,eval/all/environment/score,0.22661698702532035,eval_dump
easy,eval,2,eval/all/environment/truncated,0.28888888888888886,eval_dump
easy,eval,2,eval/all/environment/turns,5.777777777777778,eval_dump
easy,eval,2,eval/all/generate/avg_assistant_tokens,10119.955555555556,eval_dump
easy,eval,2,eval/all/generate/avg_num_tokens,12867.533333333333,eval_dump
easy,eval,2,eval/all/generate/avg_tokens_non_zero_rewards,10292.147540983606,eval_dump
easy,eval,2,eval/all/generate/avg_tokens_zero_rewards,18790.37037037037,eval_dump
easy,eval,2,eval/all/generate/max_assistant_tokens,21673,eval_dump
easy,eval,2,eval/all/generate/max_num_tokens,23459,eval_dump
easy,eval,2,eval/all/generate/min_assistant_tokens,3700,eval_dump
easy,eval,2,eval/all/generate/min_num_tokens,5113,eval_dump
easy,eval,2,eval/all/generate/std_assistant_tokens,4990.208363298651,eval_dump
easy,eval,2,eval/all/generate/std_num_tokens,4738.583490172283,eval_dump
easy,eval,2,eval/all/generate/tokens_per_turn_max,8192,eval_dump
easy,eval,2,eval/all/generate/tokens_per_turn_mean,1751.5307692307692,eval_dump
easy,eval,2,eval/all/generate/tokens_per_turn_std,1829.0538387940092,eval_dump
easy,eval,2,eval/all/generate/trajectory_time_completion_max,708.2098262272775,eval_dump
easy,eval,2,eval/all/generate/trajectory_time_completion_mean,553.1035309530174,eval_dump
easy,eval,2,eval/all/generate/trajectory_time_completion_p90,671.1154340681154,eval_dump
easy,eval,2,eval/all/generate/trajectory_time_env_max,6.206636472605169,eval_dump
easy,eval,2,eval/all/generate/trajectory_time_env_mean,0.705283456057724,eval_dump
easy,eval,2,eval/all/generate/trajectory_time_env_p90,1.8408723435830325,eval_dump
easy,eval,2,eval/all/generate/trajectory_time_llm_max,676.5775898806751,eval_dump
easy,eval,2,eval/all/generate/trajectory_time_llm_mean,512.4538758652129,eval_dump
easy,eval,2,eval/all/generate/trajectory_time_llm_p90,626.4007444678341,eval_dump
easy,eval,2,eval/all/generate/trajectory_time_other_max,76.27500035241246,eval_dump
easy,eval,2,eval/all/generate/trajectory_time_other_mean,39.9443716317467,eval_dump
easy,eval,2,eval/all/generate/trajectory_time_other_p90,68.97893675998786,eval_dump
easy,eval,2,eval/all/mean_positive_reward,0.22703797467964135,eval_dump
easy,eval,2,eval/all/pass_at_2,0.8888888888888888,eval_dump
easy,eval,2,eval/archetype/collider_selection/avg_score,0.13784444444444444,eval_dump
easy,eval,2,eval/archetype/collider_selection/episodes,10.0,eval_dump
easy,eval,2,eval/archetype/collider_selection/mean_positive_reward,0.13923333333333332,eval_dump
easy,eval,2,eval/archetype/collider_selection/n_episodes,10,eval_dump
easy,eval,2,eval/archetype/collider_selection/part_a,0.1618,eval_dump
easy,eval,2,eval/archetype/collider_selection/part_b,0.15,eval_dump
easy,eval,2,eval/archetype/collider_selection/pass_at_2,0.6,eval_dump
easy,eval,2,eval/archetype/collider_selection/recompute_matches,True,eval_dump
easy,eval,2,eval/archetype/collider_selection/recomputed_avg_score,0.13784444444444444,eval_dump
easy,eval,2,eval/archetype/collider_selection/score,0.13784444444444444,eval_dump
easy,eval,2,eval/archetype/collider_selection/truncated,0.5,eval_dump
easy,eval,2,eval/archetype/collider_selection/turns,5.5,eval_dump
easy,eval,2,eval/archetype/competing_causes/avg_score,0.22713690476190473,eval_dump
easy,eval,2,eval/archetype/competing_causes/episodes,10.0,eval_dump
easy,eval,2,eval/archetype/competing_causes/mean_positive_reward,0.22713690476190473,eval_dump
easy,eval,2,eval/archetype/competing_causes/n_episodes,10,eval_dump
easy,eval,2,eval/archetype/competing_causes/part_a,0.27599999999999997,eval_dump
easy,eval,2,eval/archetype/competing_causes/part_b,0.2,eval_dump
easy,eval,2,eval/archetype/competing_causes/pass_at_2,0.8,eval_dump
easy,eval,2,eval/archetype/competing_causes/recompute_matches,True,eval_dump
easy,eval,2,eval/archetype/competing_causes/recomputed_avg_score,0.22713690476190473,eval_dump
easy,eval,2,eval/archetype/competing_causes/score,0.22713690476190473,eval_dump
easy,eval,2,eval/archetype/competing_causes/truncated,0.4,eval_dump
easy,eval,2,eval/archetype/competing_causes/turns,5.9,eval_dump
easy,eval,2,eval/archetype/confounded_chain/avg_score,0.32604999999999995,eval_dump
easy,eval,2,eval/archetype/confounded_chain/episodes,10.0,eval_dump
easy,eval,2,eval/archetype/confounded_chain/mean_positive_reward,0.32604999999999995,eval_dump
easy,eval,2,eval/archetype/confounded_chain/n_episodes,10,eval_dump
easy,eval,2,eval/archetype/confounded_chain/part_a,0.35509999999999997,eval_dump
easy,eval,2,eval/archetype/confounded_chain/part_b,0.29700000000000004,eval_dump
easy,eval,2,eval/archetype/confounded_chain/pass_at_2,1.0,eval_dump
easy,eval,2,eval/archetype/confounded_chain/recompute_matches,True,eval_dump
easy,eval,2,eval/archetype/confounded_chain/recomputed_avg_score,0.32605,eval_dump
easy,eval,2,eval/archetype/confounded_chain/score,0.32605,eval_dump
easy,eval,2,eval/archetype/confounded_chain/truncated,0.3,eval_dump
easy,eval,2,eval/archetype/confounded_chain/turns,5.3,eval_dump
easy,eval,2,eval/archetype/confounded_reversal/avg_score,0.09115,eval_dump
easy,eval,2,eval/archetype/confounded_reversal/episodes,10.0,eval_dump
easy,eval,2,eval/archetype/confounded_reversal/mean_positive_reward,0.09355,eval_dump
easy,eval,2,eval/archetype/confounded_reversal/n_episodes,10,eval_dump
easy,eval,2,eval/archetype/confounded_reversal/part_a,0.0019,eval_dump
easy,eval,2,eval/archetype/confounded_reversal/part_b,0.1854,eval_dump
easy,eval,2,eval/archetype/confounded_reversal/pass_at_2,1.0,eval_dump
easy,eval,2,eval/archetype/confounded_reversal/recompute_matches,True,eval_dump
easy,eval,2,eval/archetype/confounded_reversal/recomputed_avg_score,0.09115,eval_dump
easy,eval,2,eval/archetype/confounded_reversal/score,0.09115,eval_dump
easy,eval,2,eval/archetype/confounded_reversal/truncated,0.2,eval_dump
easy,eval,2,eval/archetype/confounded_reversal/turns,6.4,eval_dump
easy,eval,2,eval/archetype/dose_window/avg_score,0.15655000000000002,eval_dump
easy,eval,2,eval/archetype/dose_window/episodes,10.0,eval_dump
easy,eval,2,eval/archetype/dose_window/mean_positive_reward,0.15655000000000002,eval_dump
easy,eval,2,eval/archetype/dose_window/n_episodes,10,eval_dump
easy,eval,2,eval/archetype/dose_window/part_a,0.195,eval_dump
easy,eval,2,eval/archetype/dose_window/part_b,0.1306,eval_dump
easy,eval,2,eval/archetype/dose_window/pass_at_2,1.0,eval_dump
easy,eval,2,eval/archetype/dose_window/recompute_matches,True,eval_dump
easy,eval,2,eval/archetype/dose_window/recomputed_avg_score,0.15655000000000002,eval_dump
easy,eval,2,eval/archetype/dose_window/score,0.15655000000000002,eval_dump
easy,eval,2,eval/archetype/dose_window/truncated,0.3,eval_dump
easy,eval,2,eval/archetype/dose_window/turns,5.7,eval_dump
easy,eval,2,eval/archetype/hidden_subtype/avg_score,0.26407500000000006,eval_dump
easy,eval,2,eval/archetype/hidden_subtype/episodes,10.0,eval_dump
easy,eval,2,eval/archetype/hidden_subtype/mean_positive_reward,0.26407500000000006,eval_dump
easy,eval,2,eval/archetype/hidden_subtype/n_episodes,10,eval_dump
easy,eval,2,eval/archetype/hidden_subtype/part_a,0.21459999999999999,eval_dump
easy,eval,2,eval/archetype/hidden_subtype/part_b,0.33730000000000004,eval_dump
easy,eval,2,eval/archetype/hidden_subtype/pass_at_2,0.8,eval_dump
easy,eval,2,eval/archetype/hidden_subtype/recompute_matches,True,eval_dump
easy,eval,2,eval/archetype/hidden_subtype/recomputed_avg_score,0.264075,eval_dump
easy,eval,2,eval/archetype/hidden_subtype/score,0.264075,eval_dump
easy,eval,2,eval/archetype/hidden_subtype/truncated,0.3,eval_dump
easy,eval,2,eval/archetype/hidden_subtype/turns,5.6,eval_dump
easy,eval,2,eval/archetype/instrument_only/avg_score,0.26231190476190475,eval_dump
easy,eval,2,eval/archetype/instrument_only/episodes,10.0,eval_dump
easy,eval,2,eval/archetype/instrument_only/mean_positive_reward,0.26231190476190475,eval_dump
easy,eval,2,eval/archetype/instrument_only/n_episodes,10,eval_dump
easy,eval,2,eval/archetype/instrument_only/part_a,0.238,eval_dump
easy,eval,2,eval/archetype/instrument_only/part_b,0.30710000000000004,eval_dump
easy,eval,2,eval/archetype/instrument_only/pass_at_2,1.0,eval_dump
easy,eval,2,eval/archetype/instrument_only/recompute_matches,True,eval_dump
easy,eval,2,eval/archetype/instrument_only/recomputed_avg_score,0.2623119047619048,eval_dump
easy,eval,2,eval/archetype/instrument_only/score,0.2623119047619048,eval_dump
easy,eval,2,eval/archetype/instrument_only/truncated,0.1,eval_dump
easy,eval,2,eval/archetype/instrument_only/turns,6.8,eval_dump
easy,eval,2,eval/archetype/surrogate_trap/avg_score,0.3060502136752136,eval_dump
easy,eval,2,eval/archetype/surrogate_trap/episodes,10.0,eval_dump
easy,eval,2,eval/archetype/surrogate_trap/mean_positive_reward,0.3060502136752136,eval_dump
easy,eval,2,eval/archetype/surrogate_trap/n_episodes,10,eval_dump
easy,eval,2,eval/archetype/surrogate_trap/part_a,0.3706,eval_dump
easy,eval,2,eval/archetype/surrogate_trap/part_b,0.27040000000000003,eval_dump
easy,eval,2,eval/archetype/surrogate_trap/pass_at_2,0.8,eval_dump
easy,eval,2,eval/archetype/surrogate_trap/recompute_matches,True,eval_dump
easy,eval,2,eval/archetype/surrogate_trap/recomputed_avg_score,0.3060502136752137,eval_dump
easy,eval,2,eval/archetype/surrogate_trap/score,0.3060502136752137,eval_dump
easy,eval,2,eval/archetype/surrogate_trap/truncated,0.4,eval_dump
easy,eval,2,eval/archetype/surrogate_trap/turns,6.0,eval_dump
easy,eval,2,eval/archetype/synergy_pair/avg_score,0.2683844155844156,eval_dump
easy,eval,2,eval/archetype/synergy_pair/episodes,10.0,eval_dump
easy,eval,2,eval/archetype/synergy_pair/mean_positive_reward,0.2683844155844156,eval_dump
easy,eval,2,eval/archetype/synergy_pair/n_episodes,10,eval_dump
easy,eval,2,eval/archetype/synergy_pair/part_a,0.18560000000000001,eval_dump
easy,eval,2,eval/archetype/synergy_pair/part_b,0.37,eval_dump
easy,eval,2,eval/archetype/synergy_pair/pass_at_2,1.0,eval_dump
easy,eval,2,eval/archetype/synergy_pair/recompute_matches,True,eval_dump
easy,eval,2,eval/archetype/synergy_pair/recomputed_avg_score,0.2683844155844156,eval_dump
easy,eval,2,eval/archetype/synergy_pair/score,0.2683844155844156,eval_dump
easy,eval,2,eval/archetype/synergy_pair/truncated,0.1,eval_dump
easy,eval,2,eval/archetype/synergy_pair/turns,4.8,eval_dump
easy,eval,2,eval/rpg_v9_eval_collider_selection/avg_score,0.13784444444444444,eval_dump
easy,eval,2,eval/rpg_v9_eval_collider_selection/mean_positive_reward,0.13923333333333332,eval_dump
easy,eval,2,eval/rpg_v9_eval_collider_selection/pass_at_2,0.6,eval_dump
easy,eval,2,eval/rpg_v9_eval_competing_causes/avg_score,0.22713690476190473,eval_dump
easy,eval,2,eval/rpg_v9_eval_competing_causes/mean_positive_reward,0.22713690476190473,eval_dump
easy,eval,2,eval/rpg_v9_eval_competing_causes/pass_at_2,0.8,eval_dump
easy,eval,2,eval/rpg_v9_eval_confounded_chain/avg_score,0.32604999999999995,eval_dump
easy,eval,2,eval/rpg_v9_eval_confounded_chain/mean_positive_reward,0.32604999999999995,eval_dump
easy,eval,2,eval/rpg_v9_eval_confounded_chain/pass_at_2,1.0,eval_dump
easy,eval,2,eval/rpg_v9_eval_confounded_reversal/avg_score,0.09115,eval_dump
easy,eval,2,eval/rpg_v9_eval_confounded_reversal/mean_positive_reward,0.09355,eval_dump
easy,eval,2,eval/rpg_v9_eval_confounded_reversal/pass_at_2,1.0,eval_dump
easy,eval,2,eval/rpg_v9_eval_dose_window/avg_score,0.15655000000000002,eval_dump
easy,eval,2,eval/rpg_v9_eval_dose_window/mean_positive_reward,0.15655000000000002,eval_dump
easy,eval,2,eval/rpg_v9_eval_dose_window/pass_at_2,1.0,eval_dump
easy,eval,2,eval/rpg_v9_eval_hidden_subtype/avg_score,0.26407500000000006,eval_dump
easy,eval,2,eval/rpg_v9_eval_hidden_subtype/mean_positive_reward,0.26407500000000006,eval_dump
easy,eval,2,eval/rpg_v9_eval_hidden_subtype/pass_at_2,0.8,eval_dump
easy,eval,2,eval/rpg_v9_eval_instrument_only/avg_score,0.26231190476190475,eval_dump
easy,eval,2,eval/rpg_v9_eval_instrument_only/mean_positive_reward,0.26231190476190475,eval_dump
easy,eval,2,eval/rpg_v9_eval_instrument_only/pass_at_2,1.0,eval_dump
easy,eval,2,eval/rpg_v9_eval_surrogate_trap/avg_score,0.3060502136752136,eval_dump
easy,eval,2,eval/rpg_v9_eval_surrogate_trap/mean_positive_reward,0.3060502136752136,eval_dump
easy,eval,2,eval/rpg_v9_eval_surrogate_trap/pass_at_2,0.8,eval_dump
easy,eval,2,eval/rpg_v9_eval_synergy_pair/avg_score,0.2683844155844156,eval_dump
easy,eval,2,eval/rpg_v9_eval_synergy_pair/mean_positive_reward,0.2683844155844156,eval_dump
easy,eval,2,eval/rpg_v9_eval_synergy_pair/pass_at_2,1.0,eval_dump
easy,eval,4,eval/all/avg_score,0.23915072375642552,eval_dump
easy,eval,4,eval/all/environment/accepted,0.022222222222222223,eval_dump
easy,eval,4,eval/all/environment/archetype/collider_selection/episodes,10.0,eval_dump
easy,eval,4,eval/all/environment/archetype/collider_selection/part_a,0.30219999999999997,eval_dump
easy,eval,4,eval/all/environment/archetype/collider_selection/part_b,0.26749999999999996,eval_dump
easy,eval,4,eval/all/environment/archetype/collider_selection/score,0.275475,eval_dump
easy,eval,4,eval/all/environment/archetype/collider_selection/truncated,0.4,eval_dump
easy,eval,4,eval/all/environment/archetype/collider_selection/turns,5.3,eval_dump
easy,eval,4,eval/all/environment/archetype/competing_causes/episodes,10.0,eval_dump
easy,eval,4,eval/all/environment/archetype/competing_causes/part_a,0.3343,eval_dump
easy,eval,4,eval/all/environment/archetype/competing_causes/part_b,0.3141,eval_dump
easy,eval,4,eval/all/environment/archetype/competing_causes/score,0.30628333333333335,eval_dump
easy,eval,4,eval/all/environment/archetype/competing_causes/truncated,0.3,eval_dump
easy,eval,4,eval/all/environment/archetype/competing_causes/turns,5.4,eval_dump
easy,eval,4,eval/all/environment/archetype/confounded_chain/episodes,10.0,eval_dump
easy,eval,4,eval/all/environment/archetype/confounded_chain/part_a,0.49939999999999996,eval_dump
easy,eval,4,eval/all/environment/archetype/confounded_chain/part_b,0.3879,eval_dump
easy,eval,4,eval/all/environment/archetype/confounded_chain/score,0.4232839807852966,eval_dump
easy,eval,4,eval/all/environment/archetype/confounded_chain/truncated,0.1,eval_dump
easy,eval,4,eval/all/environment/archetype/confounded_chain/turns,6.2,eval_dump
easy,eval,4,eval/all/environment/archetype/confounded_reversal/episodes,10.0,eval_dump
easy,eval,4,eval/all/environment/archetype/confounded_reversal/part_a,0.0017000000000000001,eval_dump
easy,eval,4,eval/all/environment/archetype/confounded_reversal/part_b,0.1633,eval_dump
easy,eval,4,eval/all/environment/archetype/confounded_reversal/score,0.07312500000000001,eval_dump
easy,eval,4,eval/all/environment/archetype/confounded_reversal/truncated,0.3,eval_dump
easy,eval,4,eval/all/environment/archetype/confounded_reversal/turns,5.9,eval_dump
easy,eval,4,eval/all/environment/archetype/dose_window/episodes,10.0,eval_dump
easy,eval,4,eval/all/environment/archetype/dose_window/part_a,0.1915,eval_dump
easy,eval,4,eval/all/environment/archetype/dose_window/part_b,0.1733,eval_dump
easy,eval,4,eval/all/environment/archetype/dose_window/score,0.1824,eval_dump
easy,eval,4,eval/all/environment/archetype/dose_window/truncated,0.3,eval_dump
easy,eval,4,eval/all/environment/archetype/dose_window/turns,5.9,eval_dump
easy,eval,4,eval/all/environment/archetype/hidden_subtype/episodes,10.0,eval_dump
easy,eval,4,eval/all/environment/archetype/hidden_subtype/part_a,0.14079999999999998,eval_dump
easy,eval,4,eval/all/environment/archetype/hidden_subtype/part_b,0.3321,eval_dump
easy,eval,4,eval/all/environment/archetype/hidden_subtype/score,0.23260384615384616,eval_dump
easy,eval,4,eval/all/environment/archetype/hidden_subtype/truncated,0.3,eval_dump
easy,eval,4,eval/all/environment/archetype/hidden_subtype/turns,5.2,eval_dump
easy,eval,4,eval/all/environment/archetype/instrument_only/episodes,10.0,eval_dump
easy,eval,4,eval/all/environment/archetype/instrument_only/part_a,0.0023,eval_dump
easy,eval,4,eval/all/environment/archetype/instrument_only/part_b,0.0926,eval_dump
easy,eval,4,eval/all/environment/archetype/instrument_only/score,0.044672222222222224,eval_dump
easy,eval,4,eval/all/environment/archetype/instrument_only/truncated,0.4,eval_dump
easy,eval,4,eval/all/environment/archetype/instrument_only/turns,5.9,eval_dump
easy,eval,4,eval/all/environment/archetype/surrogate_trap/episodes,10.0,eval_dump
easy,eval,4,eval/all/environment/archetype/surrogate_trap/part_a,0.2541,eval_dump
easy,eval,4,eval/all/environment/archetype/surrogate_trap/part_b,0.3319,eval_dump
easy,eval,4,eval/all/environment/archetype/surrogate_trap/score,0.2857272727272727,eval_dump
easy,eval,4,eval/all/environment/archetype/surrogate_trap/truncated,0.3,eval_dump
easy,eval,4,eval/all/environment/archetype/surrogate_trap/turns,5.9,eval_dump
easy,eval,4,eval/all/environment/archetype/synergy_pair/episodes,10.0,eval_dump
easy,eval,4,eval/all/environment/archetype/synergy_pair/part_a,0.23610000000000003,eval_dump
easy,eval,4,eval/all/environment/archetype/synergy_pair/part_b,0.4593,eval_dump
easy,eval,4,eval/all/environment/archetype/synergy_pair/score,0.3287858585858586,eval_dump
easy,eval,4,eval/all/environment/archetype/synergy_pair/truncated,0.2,eval_dump
easy,eval,4,eval/all/environment/archetype/synergy_pair/turns,5.9,eval_dump
easy,eval,4,eval/all/environment/completed,0.7111111111111111,eval_dump
easy,eval,4,eval/all/environment/forced_no_answer,0.0,eval_dump
easy,eval,4,eval/all/environment/interventions,2.3666666666666667,eval_dump
easy,eval,4,eval/all/environment/invalid_id_fraction,0.03993043830763129,eval_dump
easy,eval,4,eval/all/environment/parse_failures,0.23333333333333334,eval_dump
easy,eval,4,eval/all/environment/part_a,0.21804444444444443,eval_dump
easy,eval,4,eval/all/environment/part_b,0.2802222222222222,eval_dump
easy,eval,4,eval/all/environment/queries_used,3.6777777777777776,eval_dump
easy,eval,4,eval/all/environment/reward_error,0.0,eval_dump
easy,eval,4,eval/all/environment/score,0.23915072375642552,eval_dump
easy,eval,4,eval/all/environment/truncated,0.28888888888888886,eval_dump
easy,eval,4,eval/all/environment/turns,5.733333333333333,eval_dump
easy,eval,4,eval/all/generate/avg_assistant_tokens,10330.877777777778,eval_dump
easy,eval,4,eval/all/generate/avg_num_tokens,13150.5,eval_dump
easy,eval,4,eval/all/generate/avg_tokens_non_zero_rewards,10818.9,eval_dump
easy,eval,4,eval/all/generate/avg_tokens_zero_rewards,17813.7,eval_dump
easy,eval,4,eval/all/generate/max_assistant_tokens,20356,eval_dump
easy,eval,4,eval/all/generate/max_num_tokens,23170,eval_dump
easy,eval,4,eval/all/generate/min_assistant_tokens,2841,eval_dump
easy,eval,4,eval/all/generate/min_num_tokens,4083,eval_dump
easy,eval,4,eval/all/generate/std_assistant_tokens,4912.527509287472,eval_dump
easy,eval,4,eval/all/generate/std_num_tokens,4860.595172175706,eval_dump
easy,eval,4,eval/all/generate/tokens_per_turn_max,8192,eval_dump
easy,eval,4,eval/all/generate/tokens_per_turn_mean,1801.8972868217054,eval_dump
easy,eval,4,eval/all/generate/tokens_per_turn_std,1784.6997649683015,eval_dump
easy,eval,4,eval/all/generate/trajectory_time_completion_max,910.8024780149572,eval_dump
easy,eval,4,eval/all/generate/trajectory_time_completion_mean,583.9036185485,eval_dump
easy,eval,4,eval/all/generate/trajectory_time_completion_p90,822.0997584757397,eval_dump
easy,eval,4,eval/all/generate/trajectory_time_env_max,5.249987514689565,eval_dump
easy,eval,4,eval/all/generate/trajectory_time_env_mean,0.8958716602944251,eval_dump
easy,eval,4,eval/all/generate/trajectory_time_env_p90,2.8679624238051526,eval_dump
easy,eval,4,eval/all/generate/trajectory_time_llm_max,873.918534708675,eval_dump
easy,eval,4,eval/all/generate/trajectory_time_llm_mean,553.3789212644876,eval_dump
easy,eval,4,eval/all/generate/trajectory_time_llm_p90,801.9740857172292,eval_dump
easy,eval,4,eval/all/generate/trajectory_time_other_max,59.29053336614743,eval_dump
easy,eval,4,eval/all/generate/trajectory_time_other_mean,29.628825623717987,eval_dump
easy,eval,4,eval/all/generate/trajectory_time_other_p90,52.25372125739233,eval_dump
easy,eval,4,eval/all/mean_positive_reward,0.23915072375642552,eval_dump
easy,eval,4,eval/all/pass_at_2,0.8444444444444444,eval_dump
easy,eval,4,eval/archetype/collider_selection/avg_score,0.275475,eval_dump
easy,eval,4,eval/archetype/collider_selection/episodes,10.0,eval_dump
easy,eval,4,eval/archetype/collider_selection/mean_positive_reward,0.275475,eval_dump
easy,eval,4,eval/archetype/collider_selection/n_episodes,10,eval_dump
easy,eval,4,eval/archetype/collider_selection/part_a,0.30219999999999997,eval_dump
easy,eval,4,eval/archetype/collider_selection/part_b,0.26749999999999996,eval_dump
easy,eval,4,eval/archetype/collider_selection/pass_at_2,0.8,eval_dump
easy,eval,4,eval/archetype/collider_selection/recompute_matches,True,eval_dump
easy,eval,4,eval/archetype/collider_selection/recomputed_avg_score,0.275475,eval_dump
easy,eval,4,eval/archetype/collider_selection/score,0.275475,eval_dump
easy,eval,4,eval/archetype/collider_selection/truncated,0.4,eval_dump
easy,eval,4,eval/archetype/collider_selection/turns,5.3,eval_dump
easy,eval,4,eval/archetype/competing_causes/avg_score,0.3062833333333333,eval_dump
easy,eval,4,eval/archetype/competing_causes/episodes,10.0,eval_dump
easy,eval,4,eval/archetype/competing_causes/mean_positive_reward,0.3062833333333333,eval_dump
easy,eval,4,eval/archetype/competing_causes/n_episodes,10,eval_dump
easy,eval,4,eval/archetype/competing_causes/part_a,0.3343,eval_dump
easy,eval,4,eval/archetype/competing_causes/part_b,0.3141,eval_dump
easy,eval,4,eval/archetype/competing_causes/pass_at_2,1.0,eval_dump
easy,eval,4,eval/archetype/competing_causes/recompute_matches,True,eval_dump
easy,eval,4,eval/archetype/competing_causes/recomputed_avg_score,0.30628333333333335,eval_dump
easy,eval,4,eval/archetype/competing_causes/score,0.30628333333333335,eval_dump
easy,eval,4,eval/archetype/competing_causes/truncated,0.3,eval_dump
easy,eval,4,eval/archetype/competing_causes/turns,5.4,eval_dump
easy,eval,4,eval/archetype/confounded_chain/avg_score,0.4232839807852966,eval_dump
easy,eval,4,eval/archetype/confounded_chain/episodes,10.0,eval_dump
easy,eval,4,eval/archetype/confounded_chain/mean_positive_reward,0.4232839807852966,eval_dump
easy,eval,4,eval/archetype/confounded_chain/n_episodes,10,eval_dump
easy,eval,4,eval/archetype/confounded_chain/part_a,0.49939999999999996,eval_dump
easy,eval,4,eval/archetype/confounded_chain/part_b,0.3879,eval_dump
easy,eval,4,eval/archetype/confounded_chain/pass_at_2,1.0,eval_dump
easy,eval,4,eval/archetype/confounded_chain/recompute_matches,True,eval_dump
easy,eval,4,eval/archetype/confounded_chain/recomputed_avg_score,0.4232839807852966,eval_dump
easy,eval,4,eval/archetype/confounded_chain/score,0.4232839807852966,eval_dump
easy,eval,4,eval/archetype/confounded_chain/truncated,0.1,eval_dump
easy,eval,4,eval/archetype/confounded_chain/turns,6.2,eval_dump
easy,eval,4,eval/archetype/confounded_reversal/avg_score,0.07312500000000001,eval_dump
easy,eval,4,eval/archetype/confounded_reversal/episodes,10.0,eval_dump
easy,eval,4,eval/archetype/confounded_reversal/mean_positive_reward,0.07312500000000001,eval_dump
easy,eval,4,eval/archetype/confounded_reversal/n_episodes,10,eval_dump
easy,eval,4,eval/archetype/confounded_reversal/part_a,0.0017000000000000001,eval_dump
easy,eval,4,eval/archetype/confounded_reversal/part_b,0.1633,eval_dump
easy,eval,4,eval/archetype/confounded_reversal/pass_at_2,0.8,eval_dump
easy,eval,4,eval/archetype/confounded_reversal/recompute_matches,True,eval_dump
easy,eval,4,eval/archetype/confounded_reversal/recomputed_avg_score,0.07312500000000001,eval_dump
easy,eval,4,eval/archetype/confounded_reversal/score,0.07312500000000001,eval_dump
easy,eval,4,eval/archetype/confounded_reversal/truncated,0.3,eval_dump
easy,eval,4,eval/archetype/confounded_reversal/turns,5.9,eval_dump
easy,eval,4,eval/archetype/dose_window/avg_score,0.1824,eval_dump
easy,eval,4,eval/archetype/dose_window/episodes,10.0,eval_dump
easy,eval,4,eval/archetype/dose_window/mean_positive_reward,0.1824,eval_dump
easy,eval,4,eval/archetype/dose_window/n_episodes,10,eval_dump
easy,eval,4,eval/archetype/dose_window/part_a,0.1915,eval_dump
easy,eval,4,eval/archetype/dose_window/part_b,0.1733,eval_dump
easy,eval,4,eval/archetype/dose_window/pass_at_2,0.8,eval_dump
easy,eval,4,eval/archetype/dose_window/recompute_matches,True,eval_dump
easy,eval,4,eval/archetype/dose_window/recomputed_avg_score,0.1824,eval_dump
easy,eval,4,eval/archetype/dose_window/score,0.1824,eval_dump
easy,eval,4,eval/archetype/dose_window/truncated,0.3,eval_dump
easy,eval,4,eval/archetype/dose_window/turns,5.9,eval_dump
easy,eval,4,eval/archetype/hidden_subtype/avg_score,0.23260384615384613,eval_dump
easy,eval,4,eval/archetype/hidden_subtype/episodes,10.0,eval_dump
easy,eval,4,eval/archetype/hidden_subtype/mean_positive_reward,0.23260384615384613,eval_dump
easy,eval,4,eval/archetype/hidden_subtype/n_episodes,10,eval_dump
easy,eval,4,eval/archetype/hidden_subtype/part_a,0.14079999999999998,eval_dump
easy,eval,4,eval/archetype/hidden_subtype/part_b,0.3321,eval_dump
easy,eval,4,eval/archetype/hidden_subtype/pass_at_2,0.8,eval_dump
easy,eval,4,eval/archetype/hidden_subtype/recompute_matches,True,eval_dump
easy,eval,4,eval/archetype/hidden_subtype/recomputed_avg_score,0.23260384615384616,eval_dump
easy,eval,4,eval/archetype/hidden_subtype/score,0.23260384615384616,eval_dump
easy,eval,4,eval/archetype/hidden_subtype/truncated,0.3,eval_dump
easy,eval,4,eval/archetype/hidden_subtype/turns,5.2,eval_dump
easy,eval,4,eval/archetype/instrument_only/avg_score,0.044672222222222224,eval_dump
easy,eval,4,eval/archetype/instrument_only/episodes,10.0,eval_dump
easy,eval,4,eval/archetype/instrument_only/mean_positive_reward,0.044672222222222224,eval_dump
easy,eval,4,eval/archetype/instrument_only/n_episodes,10,eval_dump
easy,eval,4,eval/archetype/instrument_only/part_a,0.0023,eval_dump
easy,eval,4,eval/archetype/instrument_only/part_b,0.0926,eval_dump
easy,eval,4,eval/archetype/instrument_only/pass_at_2,0.6,eval_dump
easy,eval,4,eval/archetype/instrument_only/recompute_matches,True,eval_dump
easy,eval,4,eval/archetype/instrument_only/recomputed_avg_score,0.044672222222222224,eval_dump
easy,eval,4,eval/archetype/instrument_only/score,0.044672222222222224,eval_dump
easy,eval,4,eval/archetype/instrument_only/truncated,0.4,eval_dump
easy,eval,4,eval/archetype/instrument_only/turns,5.9,eval_dump
easy,eval,4,eval/archetype/surrogate_trap/avg_score,0.2857272727272727,eval_dump
easy,eval,4,eval/archetype/surrogate_trap/episodes,10.0,eval_dump
easy,eval,4,eval/archetype/surrogate_trap/mean_positive_reward,0.2857272727272727,eval_dump
easy,eval,4,eval/archetype/surrogate_trap/n_episodes,10,eval_dump
easy,eval,4,eval/archetype/surrogate_trap/part_a,0.2541,eval_dump
easy,eval,4,eval/archetype/surrogate_trap/part_b,0.3319,eval_dump
easy,eval,4,eval/archetype/surrogate_trap/pass_at_2,1.0,eval_dump
easy,eval,4,eval/archetype/surrogate_trap/recompute_matches,True,eval_dump
easy,eval,4,eval/archetype/surrogate_trap/recomputed_avg_score,0.2857272727272727,eval_dump
easy,eval,4,eval/archetype/surrogate_trap/score,0.2857272727272727,eval_dump
easy,eval,4,eval/archetype/surrogate_trap/truncated,0.3,eval_dump
easy,eval,4,eval/archetype/surrogate_trap/turns,5.9,eval_dump
easy,eval,4,eval/archetype/synergy_pair/avg_score,0.3287858585858586,eval_dump
easy,eval,4,eval/archetype/synergy_pair/episodes,10.0,eval_dump
easy,eval,4,eval/archetype/synergy_pair/mean_positive_reward,0.3287858585858586,eval_dump
easy,eval,4,eval/archetype/synergy_pair/n_episodes,10,eval_dump
easy,eval,4,eval/archetype/synergy_pair/part_a,0.23610000000000003,eval_dump
easy,eval,4,eval/archetype/synergy_pair/part_b,0.4593,eval_dump
easy,eval,4,eval/archetype/synergy_pair/pass_at_2,0.8,eval_dump
easy,eval,4,eval/archetype/synergy_pair/recompute_matches,True,eval_dump
easy,eval,4,eval/archetype/synergy_pair/recomputed_avg_score,0.3287858585858586,eval_dump
easy,eval,4,eval/archetype/synergy_pair/score,0.3287858585858586,eval_dump
easy,eval,4,eval/archetype/synergy_pair/truncated,0.2,eval_dump
easy,eval,4,eval/archetype/synergy_pair/turns,5.9,eval_dump
easy,eval,4,eval/rpg_v9_eval_collider_selection/avg_score,0.275475,eval_dump
easy,eval,4,eval/rpg_v9_eval_collider_selection/mean_positive_reward,0.275475,eval_dump
easy,eval,4,eval/rpg_v9_eval_collider_selection/pass_at_2,0.8,eval_dump
easy,eval,4,eval/rpg_v9_eval_competing_causes/avg_score,0.3062833333333333,eval_dump
easy,eval,4,eval/rpg_v9_eval_competing_causes/mean_positive_reward,0.3062833333333333,eval_dump
easy,eval,4,eval/rpg_v9_eval_competing_causes/pass_at_2,1.0,eval_dump
easy,eval,4,eval/rpg_v9_eval_confounded_chain/avg_score,0.4232839807852966,eval_dump
easy,eval,4,eval/rpg_v9_eval_confounded_chain/mean_positive_reward,0.4232839807852966,eval_dump
easy,eval,4,eval/rpg_v9_eval_confounded_chain/pass_at_2,1.0,eval_dump
easy,eval,4,eval/rpg_v9_eval_confounded_reversal/avg_score,0.07312500000000001,eval_dump
easy,eval,4,eval/rpg_v9_eval_confounded_reversal/mean_positive_reward,0.07312500000000001,eval_dump
easy,eval,4,eval/rpg_v9_eval_confounded_reversal/pass_at_2,0.8,eval_dump
easy,eval,4,eval/rpg_v9_eval_dose_window/avg_score,0.1824,eval_dump
easy,eval,4,eval/rpg_v9_eval_dose_window/mean_positive_reward,0.1824,eval_dump
easy,eval,4,eval/rpg_v9_eval_dose_window/pass_at_2,0.8,eval_dump
easy,eval,4,eval/rpg_v9_eval_hidden_subtype/avg_score,0.23260384615384613,eval_dump
easy,eval,4,eval/rpg_v9_eval_hidden_subtype/mean_positive_reward,0.23260384615384613,eval_dump
easy,eval,4,eval/rpg_v9_eval_hidden_subtype/pass_at_2,0.8,eval_dump
easy,eval,4,eval/rpg_v9_eval_instrument_only/avg_score,0.044672222222222224,eval_dump
easy,eval,4,eval/rpg_v9_eval_instrument_only/mean_positive_reward,0.044672222222222224,eval_dump
easy,eval,4,eval/rpg_v9_eval_instrument_only/pass_at_2,0.6,eval_dump
easy,eval,4,eval/rpg_v9_eval_surrogate_trap/avg_score,0.2857272727272727,eval_dump
easy,eval,4,eval/rpg_v9_eval_surrogate_trap/mean_positive_reward,0.2857272727272727,eval_dump
easy,eval,4,eval/rpg_v9_eval_surrogate_trap/pass_at_2,1.0,eval_dump
easy,eval,4,eval/rpg_v9_eval_synergy_pair/avg_score,0.3287858585858586,eval_dump
easy,eval,4,eval/rpg_v9_eval_synergy_pair/mean_positive_reward,0.3287858585858586,eval_dump
easy,eval,4,eval/rpg_v9_eval_synergy_pair/pass_at_2,0.8,eval_dump
easy,eval,6,eval/all/avg_score,0.26133707693283287,eval_dump
easy,eval,6,eval/all/environment/accepted,0.011111111111111112,eval_dump
easy,eval,6,eval/all/environment/archetype/collider_selection/episodes,10.0,eval_dump
easy,eval,6,eval/all/environment/archetype/collider_selection/part_a,0.2797,eval_dump
easy,eval,6,eval/all/environment/archetype/collider_selection/part_b,0.2678,eval_dump
easy,eval,6,eval/all/environment/archetype/collider_selection/score,0.27375,eval_dump
easy,eval,6,eval/all/environment/archetype/collider_selection/truncated,0.2,eval_dump
easy,eval,6,eval/all/environment/archetype/collider_selection/turns,5.9,eval_dump
easy,eval,6,eval/all/environment/archetype/competing_causes/episodes,10.0,eval_dump
easy,eval,6,eval/all/environment/archetype/competing_causes/part_a,0.279,eval_dump
easy,eval,6,eval/all/environment/archetype/competing_causes/part_b,0.3825,eval_dump
easy,eval,6,eval/all/environment/archetype/competing_causes/score,0.315385832004253,eval_dump
easy,eval,6,eval/all/environment/archetype/competing_causes/truncated,0.3,eval_dump
easy,eval,6,eval/all/environment/archetype/competing_causes/turns,5.5,eval_dump
easy,eval,6,eval/all/environment/archetype/confounded_chain/episodes,10.0,eval_dump
easy,eval,6,eval/all/environment/archetype/confounded_chain/part_a,0.365,eval_dump
easy,eval,6,eval/all/environment/archetype/confounded_chain/part_b,0.29779999999999995,eval_dump
easy,eval,6,eval/all/environment/archetype/confounded_chain/score,0.328275,eval_dump
easy,eval,6,eval/all/environment/archetype/confounded_chain/truncated,0.1,eval_dump
easy,eval,6,eval/all/environment/archetype/confounded_chain/turns,5.6,eval_dump
easy,eval,6,eval/all/environment/archetype/confounded_reversal/episodes,10.0,eval_dump
easy,eval,6,eval/all/environment/archetype/confounded_reversal/part_a,0.026600000000000002,eval_dump
easy,eval,6,eval/all/environment/archetype/confounded_reversal/part_b,0.1233,eval_dump
easy,eval,6,eval/all/environment/archetype/confounded_reversal/score,0.06661666666666667,eval_dump
easy,eval,6,eval/all/environment/archetype/confounded_reversal/truncated,0.4,eval_dump
easy,eval,6,eval/all/environment/archetype/confounded_reversal/turns,6.6,eval_dump
easy,eval,6,eval/all/environment/archetype/dose_window/episodes,10.0,eval_dump
easy,eval,6,eval/all/environment/archetype/dose_window/part_a,0.41180000000000005,eval_dump
easy,eval,6,eval/all/environment/archetype/dose_window/part_b,0.33690000000000003,eval_dump
easy,eval,6,eval/all/environment/archetype/dose_window/score,0.368725,eval_dump
easy,eval,6,eval/all/environment/archetype/dose_window/truncated,0.0,eval_dump
easy,eval,6,eval/all/environment/archetype/dose_window/turns,6.2,eval_dump
easy,eval,6,eval/all/environment/archetype/hidden_subtype/episodes,10.0,eval_dump
easy,eval,6,eval/all/environment/archetype/hidden_subtype/part_a,0.1985,eval_dump
easy,eval,6,eval/all/environment/archetype/hidden_subtype/part_b,0.261,eval_dump
easy,eval,6,eval/all/environment/archetype/hidden_subtype/score,0.21944624125874124,eval_dump
easy,eval,6,eval/all/environment/archetype/hidden_subtype/truncated,0.2,eval_dump
easy,eval,6,eval/all/environment/archetype/hidden_subtype/turns,5.6,eval_dump
easy,eval,6,eval/all/environment/archetype/instrument_only/episodes,10.0,eval_dump
easy,eval,6,eval/all/environment/archetype/instrument_only/part_a,0.12409999999999999,eval_dump
easy,eval,6,eval/all/environment/archetype/instrument_only/part_b,0.24,eval_dump
easy,eval,6,eval/all/environment/archetype/instrument_only/score,0.15800439691027926,eval_dump
easy,eval,6,eval/all/environment/archetype/instrument_only/truncated,0.2,eval_dump
easy,eval,6,eval/all/environment/archetype/instrument_only/turns,6.6,eval_dump
easy,eval,6,eval/all/environment/archetype/surrogate_trap/episodes,10.0,eval_dump
easy,eval,6,eval/all/environment/archetype/surrogate_trap/part_a,0.2888,eval_dump
easy,eval,6,eval/all/environment/archetype/surrogate_trap/part_b,0.27090000000000003,eval_dump
easy,eval,6,eval/all/environment/archetype/surrogate_trap/score,0.27290555555555557,eval_dump
easy,eval,6,eval/all/environment/archetype/surrogate_trap/truncated,0.1,eval_dump
easy,eval,6,eval/all/environment/archetype/surrogate_trap/turns,7.4,eval_dump
easy,eval,6,eval/all/environment/archetype/synergy_pair/episodes,10.0,eval_dump
easy,eval,6,eval/all/environment/archetype/synergy_pair/part_a,0.2682,eval_dump
easy,eval,6,eval/all/environment/archetype/synergy_pair/part_b,0.4359,eval_dump
easy,eval,6,eval/all/environment/archetype/synergy_pair/score,0.34892500000000004,eval_dump
easy,eval,6,eval/all/environment/archetype/synergy_pair/truncated,0.1,eval_dump
easy,eval,6,eval/all/environment/archetype/synergy_pair/turns,6.8,eval_dump
easy,eval,6,eval/all/environment/completed,0.8222222222222222,eval_dump
easy,eval,6,eval/all/environment/forced_no_answer,0.0,eval_dump
easy,eval,6,eval/all/environment/interventions,2.8222222222222224,eval_dump
easy,eval,6,eval/all/environment/invalid_id_fraction,0.034162803379779644,eval_dump
easy,eval,6,eval/all/environment/parse_failures,0.044444444444444446,eval_dump
easy,eval,6,eval/all/environment/part_a,0.24907777777777776,eval_dump
easy,eval,6,eval/all/environment/part_b,0.2906777777777778,eval_dump
easy,eval,6,eval/all/environment/queries_used,4.144444444444445,eval_dump
easy,eval,6,eval/all/environment/reward_error,0.0,eval_dump
easy,eval,6,eval/all/environment/score,0.26133707693283287,eval_dump
easy,eval,6,eval/all/environment/truncated,0.17777777777777778,eval_dump
easy,eval,6,eval/all/environment/turns,6.2444444444444445,eval_dump
easy,eval,6,eval/all/generate/avg_assistant_tokens,8738.122222222222,eval_dump
easy,eval,6,eval/all/generate/avg_num_tokens,11632.177777777777,eval_dump
easy,eval,6,eval/all/generate/avg_tokens_non_zero_rewards,10028.375,eval_dump
easy,eval,6,eval/all/generate/avg_tokens_zero_rewards,18047.38888888889,eval_dump
easy,eval,6,eval/all/generate/max_assistant_tokens,21761,eval_dump
easy,eval,6,eval/all/generate/max_num_tokens,23242,eval_dump
easy,eval,6,eval/all/generate/min_assistant_tokens,2404,eval_dump
easy,eval,6,eval/all/generate/min_num_tokens,3223,eval_dump
easy,eval,6,eval/all/generate/std_assistant_tokens,4338.379615139935,eval_dump
easy,eval,6,eval/all/generate/std_num_tokens,4638.688321732,eval_dump
easy,eval,6,eval/all/generate/tokens_per_turn_max,8192,eval_dump
easy,eval,6,eval/all/generate/tokens_per_turn_mean,1399.3434163701068,eval_dump
easy,eval,6,eval/all/generate/tokens_per_turn_std,1432.0523626089266,eval_dump
easy,eval,6,eval/all/generate/trajectory_time_completion_max,933.3490827772766,eval_dump
easy,eval,6,eval/all/generate/trajectory_time_completion_mean,557.6190153114084,eval_dump
easy,eval,6,eval/all/generate/trajectory_time_completion_p90,784.4197562154849,eval_dump
easy,eval,6,eval/all/generate/trajectory_time_env_max,7.578241042327136,eval_dump
easy,eval,6,eval/all/generate/trajectory_time_env_mean,1.0711508341288816,eval_dump
easy,eval,6,eval/all/generate/trajectory_time_env_p90,2.9775502222124537,eval_dump
easy,eval,6,eval/all/generate/trajectory_time_llm_max,904.0886460226029,eval_dump
easy,eval,6,eval/all/generate/trajectory_time_llm_mean,528.0834025875045,eval_dump
easy,eval,6,eval/all/generate/trajectory_time_llm_p90,764.3927263960708,eval_dump
easy,eval,6,eval/all/generate/trajectory_time_other_max,59.10556343989447,eval_dump
easy,eval,6,eval/all/generate/trajectory_time_other_mean,28.464461889775055,eval_dump
easy,eval,6,eval/all/generate/trajectory_time_other_p90,52.685921528562915,eval_dump
easy,eval,6,eval/all/mean_positive_reward,0.26133707693283287,eval_dump
easy,eval,6,eval/all/pass_at_2,1.0,eval_dump
easy,eval,6,eval/archetype/collider_selection/avg_score,0.27375,eval_dump
easy,eval,6,eval/archetype/collider_selection/episodes,10.0,eval_dump
easy,eval,6,eval/archetype/collider_selection/mean_positive_reward,0.27375,eval_dump
easy,eval,6,eval/archetype/collider_selection/n_episodes,10,eval_dump
easy,eval,6,eval/archetype/collider_selection/part_a,0.2797,eval_dump
easy,eval,6,eval/archetype/collider_selection/part_b,0.2678,eval_dump
easy,eval,6,eval/archetype/collider_selection/pass_at_2,1.0,eval_dump
easy,eval,6,eval/archetype/collider_selection/recompute_matches,True,eval_dump
easy,eval,6,eval/archetype/collider_selection/recomputed_avg_score,0.27375,eval_dump
easy,eval,6,eval/archetype/collider_selection/score,0.27375,eval_dump
easy,eval,6,eval/archetype/collider_selection/truncated,0.2,eval_dump
easy,eval,6,eval/archetype/collider_selection/turns,5.9,eval_dump
easy,eval,6,eval/archetype/competing_causes/avg_score,0.3153858320042531,eval_dump
easy,eval,6,eval/archetype/competing_causes/episodes,10.0,eval_dump
easy,eval,6,eval/archetype/competing_causes/mean_positive_reward,0.3153858320042531,eval_dump
easy,eval,6,eval/archetype/competing_causes/n_episodes,10,eval_dump
easy,eval,6,eval/archetype/competing_causes/part_a,0.279,eval_dump
easy,eval,6,eval/archetype/competing_causes/part_b,0.3825,eval_dump
easy,eval,6,eval/archetype/competing_causes/pass_at_2,1.0,eval_dump
easy,eval,6,eval/archetype/competing_causes/recompute_matches,True,eval_dump
easy,eval,6,eval/archetype/competing_causes/recomputed_avg_score,0.315385832004253,eval_dump
easy,eval,6,eval/archetype/competing_causes/score,0.315385832004253,eval_dump
easy,eval,6,eval/archetype/competing_causes/truncated,0.3,eval_dump
easy,eval,6,eval/archetype/competing_causes/turns,5.5,eval_dump
easy,eval,6,eval/archetype/confounded_chain/avg_score,0.328275,eval_dump
easy,eval,6,eval/archetype/confounded_chain/episodes,10.0,eval_dump
easy,eval,6,eval/archetype/confounded_chain/mean_positive_reward,0.328275,eval_dump
easy,eval,6,eval/archetype/confounded_chain/n_episodes,10,eval_dump
easy,eval,6,eval/archetype/confounded_chain/part_a,0.365,eval_dump
easy,eval,6,eval/archetype/confounded_chain/part_b,0.29779999999999995,eval_dump
easy,eval,6,eval/archetype/confounded_chain/pass_at_2,1.0,eval_dump
easy,eval,6,eval/archetype/confounded_chain/recompute_matches,True,eval_dump
easy,eval,6,eval/archetype/confounded_chain/recomputed_avg_score,0.328275,eval_dump
easy,eval,6,eval/archetype/confounded_chain/score,0.328275,eval_dump
easy,eval,6,eval/archetype/confounded_chain/truncated,0.1,eval_dump
easy,eval,6,eval/archetype/confounded_chain/turns,5.6,eval_dump
easy,eval,6,eval/archetype/confounded_reversal/avg_score,0.06661666666666667,eval_dump
easy,eval,6,eval/archetype/confounded_reversal/episodes,10.0,eval_dump
easy,eval,6,eval/archetype/confounded_reversal/mean_positive_reward,0.06661666666666667,eval_dump
easy,eval,6,eval/archetype/confounded_reversal/n_episodes,10,eval_dump
easy,eval,6,eval/archetype/confounded_reversal/part_a,0.026600000000000002,eval_dump
easy,eval,6,eval/archetype/confounded_reversal/part_b,0.1233,eval_dump
easy,eval,6,eval/archetype/confounded_reversal/pass_at_2,1.0,eval_dump
easy,eval,6,eval/archetype/confounded_reversal/recompute_matches,True,eval_dump
easy,eval,6,eval/archetype/confounded_reversal/recomputed_avg_score,0.06661666666666667,eval_dump
easy,eval,6,eval/archetype/confounded_reversal/score,0.06661666666666667,eval_dump
easy,eval,6,eval/archetype/confounded_reversal/truncated,0.4,eval_dump
easy,eval,6,eval/archetype/confounded_reversal/turns,6.6,eval_dump
easy,eval,6,eval/archetype/dose_window/avg_score,0.36872499999999997,eval_dump
easy,eval,6,eval/archetype/dose_window/episodes,10.0,eval_dump
easy,eval,6,eval/archetype/dose_window/mean_positive_reward,0.36872499999999997,eval_dump
easy,eval,6,eval/archetype/dose_window/n_episodes,10,eval_dump
easy,eval,6,eval/archetype/dose_window/part_a,0.41180000000000005,eval_dump
easy,eval,6,eval/archetype/dose_window/part_b,0.33690000000000003,eval_dump
easy,eval,6,eval/archetype/dose_window/pass_at_2,1.0,eval_dump
easy,eval,6,eval/archetype/dose_window/recompute_matches,True,eval_dump
easy,eval,6,eval/archetype/dose_window/recomputed_avg_score,0.368725,eval_dump
easy,eval,6,eval/archetype/dose_window/score,0.368725,eval_dump
easy,eval,6,eval/archetype/dose_window/truncated,0.0,eval_dump
easy,eval,6,eval/archetype/dose_window/turns,6.2,eval_dump
easy,eval,6,eval/archetype/hidden_subtype/avg_score,0.2194462412587413,eval_dump
easy,eval,6,eval/archetype/hidden_subtype/episodes,10.0,eval_dump
easy,eval,6,eval/archetype/hidden_subtype/mean_positive_reward,0.2194462412587413,eval_dump
easy,eval,6,eval/archetype/hidden_subtype/n_episodes,10,eval_dump
easy,eval,6,eval/archetype/hidden_subtype/part_a,0.1985,eval_dump
easy,eval,6,eval/archetype/hidden_subtype/part_b,0.261,eval_dump
easy,eval,6,eval/archetype/hidden_subtype/pass_at_2,1.0,eval_dump
easy,eval,6,eval/archetype/hidden_subtype/recompute_matches,True,eval_dump
easy,eval,6,eval/archetype/hidden_subtype/recomputed_avg_score,0.21944624125874124,eval_dump
easy,eval,6,eval/archetype/hidden_subtype/score,0.21944624125874124,eval_dump
easy,eval,6,eval/archetype/hidden_subtype/truncated,0.2,eval_dump
easy,eval,6,eval/archetype/hidden_subtype/turns,5.6,eval_dump
easy,eval,6,eval/archetype/instrument_only/avg_score,0.15800439691027926,eval_dump
easy,eval,6,eval/archetype/instrument_only/episodes,10.0,eval_dump
easy,eval,6,eval/archetype/instrument_only/mean_positive_reward,0.15800439691027926,eval_dump
easy,eval,6,eval/archetype/instrument_only/n_episodes,10,eval_dump
easy,eval,6,eval/archetype/instrument_only/part_a,0.12409999999999999,eval_dump
easy,eval,6,eval/archetype/instrument_only/part_b,0.24,eval_dump
easy,eval,6,eval/archetype/instrument_only/pass_at_2,1.0,eval_dump
easy,eval,6,eval/archetype/instrument_only/recompute_matches,True,eval_dump
easy,eval,6,eval/archetype/instrument_only/recomputed_avg_score,0.15800439691027926,eval_dump
easy,eval,6,eval/archetype/instrument_only/score,0.15800439691027926,eval_dump
easy,eval,6,eval/archetype/instrument_only/truncated,0.2,eval_dump
easy,eval,6,eval/archetype/instrument_only/turns,6.6,eval_dump
easy,eval,6,eval/archetype/surrogate_trap/avg_score,0.27290555555555557,eval_dump
easy,eval,6,eval/archetype/surrogate_trap/episodes,10.0,eval_dump
easy,eval,6,eval/archetype/surrogate_trap/mean_positive_reward,0.27290555555555557,eval_dump
easy,eval,6,eval/archetype/surrogate_trap/n_episodes,10,eval_dump
easy,eval,6,eval/archetype/surrogate_trap/part_a,0.2888,eval_dump
easy,eval,6,eval/archetype/surrogate_trap/part_b,0.27090000000000003,eval_dump
easy,eval,6,eval/archetype/surrogate_trap/pass_at_2,1.0,eval_dump
easy,eval,6,eval/archetype/surrogate_trap/recompute_matches,True,eval_dump
easy,eval,6,eval/archetype/surrogate_trap/recomputed_avg_score,0.27290555555555557,eval_dump
easy,eval,6,eval/archetype/surrogate_trap/score,0.27290555555555557,eval_dump
easy,eval,6,eval/archetype/surrogate_trap/truncated,0.1,eval_dump
easy,eval,6,eval/archetype/surrogate_trap/turns,7.4,eval_dump
easy,eval,6,eval/archetype/synergy_pair/avg_score,0.34892500000000004,eval_dump
easy,eval,6,eval/archetype/synergy_pair/episodes,10.0,eval_dump
easy,eval,6,eval/archetype/synergy_pair/mean_positive_reward,0.34892500000000004,eval_dump
easy,eval,6,eval/archetype/synergy_pair/n_episodes,10,eval_dump
easy,eval,6,eval/archetype/synergy_pair/part_a,0.2682,eval_dump
easy,eval,6,eval/archetype/synergy_pair/part_b,0.4359,eval_dump
easy,eval,6,eval/archetype/synergy_pair/pass_at_2,1.0,eval_dump
easy,eval,6,eval/archetype/synergy_pair/recompute_matches,True,eval_dump
easy,eval,6,eval/archetype/synergy_pair/recomputed_avg_score,0.34892500000000004,eval_dump
easy,eval,6,eval/archetype/synergy_pair/score,0.34892500000000004,eval_dump
easy,eval,6,eval/archetype/synergy_pair/truncated,0.1,eval_dump
easy,eval,6,eval/archetype/synergy_pair/turns,6.8,eval_dump
easy,eval,6,eval/rpg_v9_eval_collider_selection/avg_score,0.27375,eval_dump
easy,eval,6,eval/rpg_v9_eval_collider_selection/mean_positive_reward,0.27375,eval_dump
easy,eval,6,eval/rpg_v9_eval_collider_selection/pass_at_2,1.0,eval_dump
easy,eval,6,eval/rpg_v9_eval_competing_causes/avg_score,0.3153858320042531,eval_dump
easy,eval,6,eval/rpg_v9_eval_competing_causes/mean_positive_reward,0.3153858320042531,eval_dump
easy,eval,6,eval/rpg_v9_eval_competing_causes/pass_at_2,1.0,eval_dump
easy,eval,6,eval/rpg_v9_eval_confounded_chain/avg_score,0.328275,eval_dump
easy,eval,6,eval/rpg_v9_eval_confounded_chain/mean_positive_reward,0.328275,eval_dump
easy,eval,6,eval/rpg_v9_eval_confounded_chain/pass_at_2,1.0,eval_dump
easy,eval,6,eval/rpg_v9_eval_confounded_reversal/avg_score,0.06661666666666667,eval_dump
easy,eval,6,eval/rpg_v9_eval_confounded_reversal/mean_positive_reward,0.06661666666666667,eval_dump
easy,eval,6,eval/rpg_v9_eval_confounded_reversal/pass_at_2,1.0,eval_dump
easy,eval,6,eval/rpg_v9_eval_dose_window/avg_score,0.36872499999999997,eval_dump
easy,eval,6,eval/rpg_v9_eval_dose_window/mean_positive_reward,0.36872499999999997,eval_dump
easy,eval,6,eval/rpg_v9_eval_dose_window/pass_at_2,1.0,eval_dump
easy,eval,6,eval/rpg_v9_eval_hidden_subtype/avg_score,0.2194462412587413,eval_dump
easy,eval,6,eval/rpg_v9_eval_hidden_subtype/mean_positive_reward,0.2194462412587413,eval_dump
easy,eval,6,eval/rpg_v9_eval_hidden_subtype/pass_at_2,1.0,eval_dump
easy,eval,6,eval/rpg_v9_eval_instrument_only/avg_score,0.15800439691027926,eval_dump
easy,eval,6,eval/rpg_v9_eval_instrument_only/mean_positive_reward,0.15800439691027926,eval_dump
easy,eval,6,eval/rpg_v9_eval_instrument_only/pass_at_2,1.0,eval_dump
easy,eval,6,eval/rpg_v9_eval_surrogate_trap/avg_score,0.27290555555555557,eval_dump
easy,eval,6,eval/rpg_v9_eval_surrogate_trap/mean_positive_reward,0.27290555555555557,eval_dump
easy,eval,6,eval/rpg_v9_eval_surrogate_trap/pass_at_2,1.0,eval_dump
easy,eval,6,eval/rpg_v9_eval_synergy_pair/avg_score,0.34892500000000004,eval_dump
easy,eval,6,eval/rpg_v9_eval_synergy_pair/mean_positive_reward,0.34892500000000004,eval_dump
easy,eval,6,eval/rpg_v9_eval_synergy_pair/pass_at_2,1.0,eval_dump
easy,eval,8,eval/all/avg_score,0.25167667548500877,wandb_txlog
easy,eval,8,eval/all/avg_score,0.25167667548500877,eval_dump
easy,eval,8,eval/all/environment/accepted,0,wandb_txlog
easy,eval,8,eval/all/environment/accepted,0.0,eval_dump
easy,eval,8,eval/all/environment/archetype/collider_selection/episodes,10,wandb_txlog
easy,eval,8,eval/all/environment/archetype/collider_selection/episodes,10.0,eval_dump
easy,eval,8,eval/all/environment/archetype/collider_selection/part_a,0.09490000000000001,wandb_txlog
easy,eval,8,eval/all/environment/archetype/collider_selection/part_a,0.09490000000000001,eval_dump
easy,eval,8,eval/all/environment/archetype/collider_selection/part_b,0.2311,wandb_txlog
easy,eval,8,eval/all/environment/archetype/collider_selection/part_b,0.2311,eval_dump
easy,eval,8,eval/all/environment/archetype/collider_selection/score,0.15883333333333333,wandb_txlog
easy,eval,8,eval/all/environment/archetype/collider_selection/score,0.15883333333333333,eval_dump
easy,eval,8,eval/all/environment/archetype/collider_selection/truncated,0.4,wandb_txlog
easy,eval,8,eval/all/environment/archetype/collider_selection/truncated,0.4,eval_dump
easy,eval,8,eval/all/environment/archetype/collider_selection/turns,5.3,wandb_txlog
easy,eval,8,eval/all/environment/archetype/collider_selection/turns,5.3,eval_dump
easy,eval,8,eval/all/environment/archetype/competing_causes/episodes,10,wandb_txlog
easy,eval,8,eval/all/environment/archetype/competing_causes/episodes,10.0,eval_dump
easy,eval,8,eval/all/environment/archetype/competing_causes/part_a,0.1755,wandb_txlog
easy,eval,8,eval/all/environment/archetype/competing_causes/part_a,0.1755,eval_dump
easy,eval,8,eval/all/environment/archetype/competing_causes/part_b,0.17,wandb_txlog
easy,eval,8,eval/all/environment/archetype/competing_causes/part_b,0.17,eval_dump
easy,eval,8,eval/all/environment/archetype/competing_causes/score,0.155875,wandb_txlog
easy,eval,8,eval/all/environment/archetype/competing_causes/score,0.155875,eval_dump
easy,eval,8,eval/all/environment/archetype/competing_causes/truncated,0.5,wandb_txlog
easy,eval,8,eval/all/environment/archetype/competing_causes/truncated,0.5,eval_dump
easy,eval,8,eval/all/environment/archetype/competing_causes/turns,8.2,wandb_txlog
easy,eval,8,eval/all/environment/archetype/competing_causes/turns,8.2,eval_dump
easy,eval,8,eval/all/environment/archetype/confounded_chain/episodes,10,wandb_txlog
easy,eval,8,eval/all/environment/archetype/confounded_chain/episodes,10.0,eval_dump
easy,eval,8,eval/all/environment/archetype/confounded_chain/part_a,0.5886,wandb_txlog
easy,eval,8,eval/all/environment/archetype/confounded_chain/part_a,0.5886,eval_dump
easy,eval,8,eval/all/environment/archetype/confounded_chain/part_b,0.43,wandb_txlog
easy,eval,8,eval/all/environment/archetype/confounded_chain/part_b,0.43,eval_dump
easy,eval,8,eval/all/environment/archetype/confounded_chain/score,0.5009666666666667,wandb_txlog
easy,eval,8,eval/all/environment/archetype/confounded_chain/score,0.5009666666666667,eval_dump
easy,eval,8,eval/all/environment/archetype/confounded_chain/truncated,0.1,wandb_txlog
easy,eval,8,eval/all/environment/archetype/confounded_chain/truncated,0.1,eval_dump
easy,eval,8,eval/all/environment/archetype/confounded_chain/turns,5.4,wandb_txlog
easy,eval,8,eval/all/environment/archetype/confounded_chain/turns,5.4,eval_dump
easy,eval,8,eval/all/environment/archetype/confounded_reversal/episodes,10,wandb_txlog
easy,eval,8,eval/all/environment/archetype/confounded_reversal/episodes,10.0,eval_dump
easy,eval,8,eval/all/environment/archetype/confounded_reversal/part_a,0.2763,wandb_txlog
easy,eval,8,eval/all/environment/archetype/confounded_reversal/part_a,0.2763,eval_dump
easy,eval,8,eval/all/environment/archetype/confounded_reversal/part_b,0.3382,wandb_txlog
easy,eval,8,eval/all/environment/archetype/confounded_reversal/part_b,0.3382,eval_dump
easy,eval,8,eval/all/environment/archetype/confounded_reversal/score,0.29919444444444443,wandb_txlog
easy,eval,8,eval/all/environment/archetype/confounded_reversal/score,0.29919444444444443,eval_dump
easy,eval,8,eval/all/environment/archetype/confounded_reversal/truncated,0,wandb_txlog
easy,eval,8,eval/all/environment/archetype/confounded_reversal/truncated,0.0,eval_dump
easy,eval,8,eval/all/environment/archetype/confounded_reversal/turns,7.1,wandb_txlog
easy,eval,8,eval/all/environment/archetype/confounded_reversal/turns,7.1,eval_dump
easy,eval,8,eval/all/environment/archetype/dose_window/episodes,10,wandb_txlog
easy,eval,8,eval/all/environment/archetype/dose_window/episodes,10.0,eval_dump
easy,eval,8,eval/all/environment/archetype/dose_window/part_a,0.2599,wandb_txlog
easy,eval,8,eval/all/environment/archetype/dose_window/part_a,0.2599,eval_dump
easy,eval,8,eval/all/environment/archetype/dose_window/part_b,0.3512,wandb_txlog
easy,eval,8,eval/all/environment/archetype/dose_window/part_b,0.3512,eval_dump
easy,eval,8,eval/all/environment/archetype/dose_window/score,0.3027722222222222,wandb_txlog
easy,eval,8,eval/all/environment/archetype/dose_window/score,0.3027722222222222,eval_dump
easy,eval,8,eval/all/environment/archetype/dose_window/truncated,0,wandb_txlog
easy,eval,8,eval/all/environment/archetype/dose_window/truncated,0.0,eval_dump
easy,eval,8,eval/all/environment/archetype/dose_window/turns,6.7,wandb_txlog
easy,eval,8,eval/all/environment/archetype/dose_window/turns,6.7,eval_dump
easy,eval,8,eval/all/environment/archetype/hidden_subtype/episodes,10,wandb_txlog
easy,eval,8,eval/all/environment/archetype/hidden_subtype/episodes,10.0,eval_dump
easy,eval,8,eval/all/environment/archetype/hidden_subtype/part_a,0.06620000000000001,wandb_txlog
easy,eval,8,eval/all/environment/archetype/hidden_subtype/part_a,0.06620000000000001,eval_dump
easy,eval,8,eval/all/environment/archetype/hidden_subtype/part_b,0.1782,wandb_txlog
easy,eval,8,eval/all/environment/archetype/hidden_subtype/part_b,0.1782,eval_dump
easy,eval,8,eval/all/environment/archetype/hidden_subtype/score,0.1204142857142857,wandb_txlog
easy,eval,8,eval/all/environment/archetype/hidden_subtype/score,0.1204142857142857,eval_dump
easy,eval,8,eval/all/environment/archetype/hidden_subtype/truncated,0.3,wandb_txlog
easy,eval,8,eval/all/environment/archetype/hidden_subtype/truncated,0.3,eval_dump
easy,eval,8,eval/all/environment/archetype/hidden_subtype/turns,5.1,wandb_txlog
easy,eval,8,eval/all/environment/archetype/hidden_subtype/turns,5.1,eval_dump
easy,eval,8,eval/all/environment/archetype/instrument_only/episodes,10,wandb_txlog
easy,eval,8,eval/all/environment/archetype/instrument_only/episodes,10.0,eval_dump
easy,eval,8,eval/all/environment/archetype/instrument_only/part_a,0.174,wandb_txlog
easy,eval,8,eval/all/environment/archetype/instrument_only/part_a,0.174,eval_dump
easy,eval,8,eval/all/environment/archetype/instrument_only/part_b,0.2292,wandb_txlog
easy,eval,8,eval/all/environment/archetype/instrument_only/part_b,0.2292,eval_dump
easy,eval,8,eval/all/environment/archetype/instrument_only/score,0.19743333333333332,wandb_txlog
easy,eval,8,eval/all/environment/archetype/instrument_only/score,0.19743333333333332,eval_dump
easy,eval,8,eval/all/environment/archetype/instrument_only/truncated,0.4,wandb_txlog
easy,eval,8,eval/all/environment/archetype/instrument_only/truncated,0.4,eval_dump
easy,eval,8,eval/all/environment/archetype/instrument_only/turns,6.5,wandb_txlog
easy,eval,8,eval/all/environment/archetype/instrument_only/turns,6.5,eval_dump
easy,eval,8,eval/all/environment/archetype/surrogate_trap/episodes,10,wandb_txlog
easy,eval,8,eval/all/environment/archetype/surrogate_trap/episodes,10.0,eval_dump
easy,eval,8,eval/all/environment/archetype/surrogate_trap/part_a,0.4048,wandb_txlog
easy,eval,8,eval/all/environment/archetype/surrogate_trap/part_a,0.4048,eval_dump
easy,eval,8,eval/all/environment/archetype/surrogate_trap/part_b,0.2803,wandb_txlog
easy,eval,8,eval/all/environment/archetype/surrogate_trap/part_b,0.2803,eval_dump
easy,eval,8,eval/all/environment/archetype/surrogate_trap/score,0.3348119047619048,wandb_txlog
easy,eval,8,eval/all/environment/archetype/surrogate_trap/score,0.3348119047619048,eval_dump
easy,eval,8,eval/all/environment/archetype/surrogate_trap/truncated,0.2,wandb_txlog
easy,eval,8,eval/all/environment/archetype/surrogate_trap/truncated,0.2,eval_dump
easy,eval,8,eval/all/environment/archetype/surrogate_trap/turns,7.2,wandb_txlog
easy,eval,8,eval/all/environment/archetype/surrogate_trap/turns,7.2,eval_dump
easy,eval,8,eval/all/environment/archetype/synergy_pair/episodes,10,wandb_txlog
easy,eval,8,eval/all/environment/archetype/synergy_pair/episodes,10.0,eval_dump
easy,eval,8,eval/all/environment/archetype/synergy_pair/part_a,0.15560000000000002,wandb_txlog
easy,eval,8,eval/all/environment/archetype/synergy_pair/part_a,0.15560000000000002,eval_dump
easy,eval,8,eval/all/environment/archetype/synergy_pair/part_b,0.25620000000000004,wandb_txlog
easy,eval,8,eval/all/environment/archetype/synergy_pair/part_b,0.25620000000000004,eval_dump
easy,eval,8,eval/all/environment/archetype/synergy_pair/score,0.1947888888888889,wandb_txlog
easy,eval,8,eval/all/environment/archetype/synergy_pair/score,0.1947888888888889,eval_dump
easy,eval,8,eval/all/environment/archetype/synergy_pair/truncated,0.2,wandb_txlog
easy,eval,8,eval/all/environment/archetype/synergy_pair/truncated,0.2,eval_dump
easy,eval,8,eval/all/environment/archetype/synergy_pair/turns,6.5,wandb_txlog
easy,eval,8,eval/all/environment/archetype/synergy_pair/turns,6.5,eval_dump
easy,eval,8,eval/all/environment/completed,0.7666666666666667,wandb_txlog
easy,eval,8,eval/all/environment/completed,0.7666666666666667,eval_dump
easy,eval,8,eval/all/environment/forced_no_answer,0,wandb_txlog
easy,eval,8,eval/all/environment/forced_no_answer,0.0,eval_dump
easy,eval,8,eval/all/environment/interventions,2.8666666666666667,wandb_txlog
easy,eval,8,eval/all/environment/interventions,2.8666666666666667,eval_dump
easy,eval,8,eval/all/environment/invalid_id_fraction,0.02889329805996473,wandb_txlog
easy,eval,8,eval/all/environment/invalid_id_fraction,0.02889329805996473,eval_dump
easy,eval,8,eval/all/environment/parse_failures,0.24444444444444444,wandb_txlog
easy,eval,8,eval/all/environment/parse_failures,0.24444444444444444,eval_dump
easy,eval,8,eval/all/environment/part_a,0.24397777777777777,wandb_txlog
easy,eval,8,eval/all/environment/part_a,0.24397777777777777,eval_dump
easy,eval,8,eval/all/environment/part_b,0.27382222222222224,wandb_txlog
easy,eval,8,eval/all/environment/part_b,0.27382222222222224,eval_dump
easy,eval,8,eval/all/environment/queries_used,4.211111111111111,wandb_txlog
easy,eval,8,eval/all/environment/queries_used,4.211111111111111,eval_dump
easy,eval,8,eval/all/environment/reward_error,0,wandb_txlog
easy,eval,8,eval/all/environment/reward_error,0.0,eval_dump
easy,eval,8,eval/all/environment/score,0.2516766754850088,wandb_txlog
easy,eval,8,eval/all/environment/score,0.2516766754850088,eval_dump
easy,eval,8,eval/all/environment/truncated,0.23333333333333334,wandb_txlog
easy,eval,8,eval/all/environment/truncated,0.23333333333333334,eval_dump
easy,eval,8,eval/all/environment/turns,6.444444444444445,wandb_txlog
easy,eval,8,eval/all/environment/turns,6.444444444444445,eval_dump
easy,eval,8,eval/all/generate/avg_assistant_tokens,9386.744444444445,wandb_txlog
easy,eval,8,eval/all/generate/avg_assistant_tokens,9386.744444444445,eval_dump
easy,eval,8,eval/all/generate/avg_num_tokens,12289.655555555555,wandb_txlog
easy,eval,8,eval/all/generate/avg_num_tokens,12289.655555555555,eval_dump
easy,eval,8,eval/all/generate/avg_tokens_non_zero_rewards,10266.171875,wandb_txlog
easy,eval,8,eval/all/generate/avg_tokens_non_zero_rewards,10266.171875,eval_dump
easy,eval,8,eval/all/generate/avg_tokens_zero_rewards,17270.53846153846,wandb_txlog
easy,eval,8,eval/all/generate/avg_tokens_zero_rewards,17270.53846153846,eval_dump
easy,eval,8,eval/all/generate/max_assistant_tokens,20948,wandb_txlog
easy,eval,8,eval/all/generate/max_assistant_tokens,20948,eval_dump
easy,eval,8,eval/all/generate/max_num_tokens,23776,wandb_txlog
easy,eval,8,eval/all/generate/max_num_tokens,23776,eval_dump
easy,eval,8,eval/all/generate/min_assistant_tokens,2687,wandb_txlog
easy,eval,8,eval/all/generate/min_assistant_tokens,2687,eval_dump
easy,eval,8,eval/all/generate/min_num_tokens,4124,wandb_txlog
easy,eval,8,eval/all/generate/min_num_tokens,4124,eval_dump
easy,eval,8,eval/all/generate/std_assistant_tokens,4697.523086244757,wandb_txlog
easy,eval,8,eval/all/generate/std_assistant_tokens,4697.523086244757,eval_dump
easy,eval,8,eval/all/generate/std_num_tokens,4812.295211599165,wandb_txlog
easy,eval,8,eval/all/generate/std_num_tokens,4812.295211599165,eval_dump
easy,eval,8,eval/all/generate/tokens_per_turn_max,8192,wandb_txlog
easy,eval,8,eval/all/generate/tokens_per_turn_max,8192,eval_dump
easy,eval,8,eval/all/generate/tokens_per_turn_mean,1456.5637931034482,wandb_txlog
easy,eval,8,eval/all/generate/tokens_per_turn_mean,1456.5637931034482,eval_dump
easy,eval,8,eval/all/generate/tokens_per_turn_std,1573.160073973476,wandb_txlog
easy,eval,8,eval/all/generate/tokens_per_turn_std,1573.160073973476,eval_dump
easy,eval,8,eval/all/generate/trajectory_time_completion_max,482.98712234338745,wandb_txlog
easy,eval,8,eval/all/generate/trajectory_time_completion_max,482.98712234338745,eval_dump
easy,eval,8,eval/all/generate/trajectory_time_completion_mean,289.30262615872135,wandb_txlog
easy,eval,8,eval/all/generate/trajectory_time_completion_mean,289.30262615872135,eval_dump
easy,eval,8,eval/all/generate/trajectory_time_completion_p90,392.82787319133064,wandb_txlog
easy,eval,8,eval/all/generate/trajectory_time_completion_p90,392.82787319133064,eval_dump
easy,eval,8,eval/all/generate/trajectory_time_env_max,6.768027795944363,wandb_txlog
easy,eval,8,eval/all/generate/trajectory_time_env_max,6.768027795944363,eval_dump
easy,eval,8,eval/all/generate/trajectory_time_env_mean,0.9287832939014252,wandb_txlog
easy,eval,8,eval/all/generate/trajectory_time_env_mean,0.9287832939014252,eval_dump
easy,eval,8,eval/all/generate/trajectory_time_env_p90,2.675581679632888,wandb_txlog
easy,eval,8,eval/all/generate/trajectory_time_env_p90,2.675581679632888,eval_dump
easy,eval,8,eval/all/generate/trajectory_time_llm_max,413.4690765873529,wandb_txlog
easy,eval,8,eval/all/generate/trajectory_time_llm_max,413.4690765873529,eval_dump
easy,eval,8,eval/all/generate/trajectory_time_llm_mean,250.9212216362357,wandb_txlog
easy,eval,8,eval/all/generate/trajectory_time_llm_mean,250.9212216362357,eval_dump
easy,eval,8,eval/all/generate/trajectory_time_llm_p90,357.4095731238835,wandb_txlog
easy,eval,8,eval/all/generate/trajectory_time_llm_p90,357.4095731238835,eval_dump
easy,eval,8,eval/all/generate/trajectory_time_other_max,73.33317392785102,wandb_txlog
easy,eval,8,eval/all/generate/trajectory_time_other_max,73.33317392785102,eval_dump
easy,eval,8,eval/all/generate/trajectory_time_other_mean,37.45262122858419,wandb_txlog
easy,eval,8,eval/all/generate/trajectory_time_other_mean,37.45262122858419,eval_dump
easy,eval,8,eval/all/generate/trajectory_time_other_p90,66.09202875527554,wandb_txlog
easy,eval,8,eval/all/generate/trajectory_time_other_p90,66.09202875527554,eval_dump
easy,eval,8,eval/all/mean_positive_reward,0.25167667548500877,wandb_txlog
easy,eval,8,eval/all/mean_positive_reward,0.25167667548500877,eval_dump
easy,eval,8,eval/all/pass_at_2,0.9333333333333333,wandb_txlog
easy,eval,8,eval/all/pass_at_2,0.9333333333333333,eval_dump
easy,eval,8,eval/archetype/collider_selection/avg_score,0.15883333333333333,eval_dump
easy,eval,8,eval/archetype/collider_selection/episodes,10.0,eval_dump
easy,eval,8,eval/archetype/collider_selection/mean_positive_reward,0.15883333333333333,eval_dump
easy,eval,8,eval/archetype/collider_selection/n_episodes,10,eval_dump
easy,eval,8,eval/archetype/collider_selection/part_a,0.09490000000000001,eval_dump
easy,eval,8,eval/archetype/collider_selection/part_b,0.2311,eval_dump
easy,eval,8,eval/archetype/collider_selection/pass_at_2,1.0,eval_dump
easy,eval,8,eval/archetype/collider_selection/recompute_matches,True,eval_dump
easy,eval,8,eval/archetype/collider_selection/recomputed_avg_score,0.15883333333333333,eval_dump
easy,eval,8,eval/archetype/collider_selection/score,0.15883333333333333,eval_dump
easy,eval,8,eval/archetype/collider_selection/truncated,0.4,eval_dump
easy,eval,8,eval/archetype/collider_selection/turns,5.3,eval_dump
easy,eval,8,eval/archetype/competing_causes/avg_score,0.155875,eval_dump
easy,eval,8,eval/archetype/competing_causes/episodes,10.0,eval_dump
easy,eval,8,eval/archetype/competing_causes/mean_positive_reward,0.155875,eval_dump
easy,eval,8,eval/archetype/competing_causes/n_episodes,10,eval_dump
easy,eval,8,eval/archetype/competing_causes/part_a,0.1755,eval_dump
easy,eval,8,eval/archetype/competing_causes/part_b,0.17,eval_dump
easy,eval,8,eval/archetype/competing_causes/pass_at_2,0.8,eval_dump
easy,eval,8,eval/archetype/competing_causes/recompute_matches,True,eval_dump
easy,eval,8,eval/archetype/competing_causes/recomputed_avg_score,0.155875,eval_dump
easy,eval,8,eval/archetype/competing_causes/score,0.155875,eval_dump
easy,eval,8,eval/archetype/competing_causes/truncated,0.5,eval_dump
easy,eval,8,eval/archetype/competing_causes/turns,8.2,eval_dump
easy,eval,8,eval/archetype/confounded_chain/avg_score,0.5009666666666667,eval_dump
easy,eval,8,eval/archetype/confounded_chain/episodes,10.0,eval_dump
easy,eval,8,eval/archetype/confounded_chain/mean_positive_reward,0.5009666666666667,eval_dump
easy,eval,8,eval/archetype/confounded_chain/n_episodes,10,eval_dump
easy,eval,8,eval/archetype/confounded_chain/part_a,0.5886,eval_dump
easy,eval,8,eval/archetype/confounded_chain/part_b,0.43,eval_dump
easy,eval,8,eval/archetype/confounded_chain/pass_at_2,1.0,eval_dump
easy,eval,8,eval/archetype/confounded_chain/recompute_matches,True,eval_dump
easy,eval,8,eval/archetype/confounded_chain/recomputed_avg_score,0.5009666666666667,eval_dump
easy,eval,8,eval/archetype/confounded_chain/score,0.5009666666666667,eval_dump
easy,eval,8,eval/archetype/confounded_chain/truncated,0.1,eval_dump
easy,eval,8,eval/archetype/confounded_chain/turns,5.4,eval_dump
easy,eval,8,eval/archetype/confounded_reversal/avg_score,0.29919444444444443,eval_dump
easy,eval,8,eval/archetype/confounded_reversal/episodes,10.0,eval_dump
easy,eval,8,eval/archetype/confounded_reversal/mean_positive_reward,0.29919444444444443,eval_dump
easy,eval,8,eval/archetype/confounded_reversal/n_episodes,10,eval_dump
easy,eval,8,eval/archetype/confounded_reversal/part_a,0.2763,eval_dump
easy,eval,8,eval/archetype/confounded_reversal/part_b,0.3382,eval_dump
easy,eval,8,eval/archetype/confounded_reversal/pass_at_2,1.0,eval_dump
easy,eval,8,eval/archetype/confounded_reversal/recompute_matches,True,eval_dump
easy,eval,8,eval/archetype/confounded_reversal/recomputed_avg_score,0.29919444444444443,eval_dump
easy,eval,8,eval/archetype/confounded_reversal/score,0.29919444444444443,eval_dump
easy,eval,8,eval/archetype/confounded_reversal/truncated,0.0,eval_dump
easy,eval,8,eval/archetype/confounded_reversal/turns,7.1,eval_dump
easy,eval,8,eval/archetype/dose_window/avg_score,0.3027722222222222,eval_dump
easy,eval,8,eval/archetype/dose_window/episodes,10.0,eval_dump
easy,eval,8,eval/archetype/dose_window/mean_positive_reward,0.3027722222222222,eval_dump
easy,eval,8,eval/archetype/dose_window/n_episodes,10,eval_dump
easy,eval,8,eval/archetype/dose_window/part_a,0.2599,eval_dump
easy,eval,8,eval/archetype/dose_window/part_b,0.3512,eval_dump
easy,eval,8,eval/archetype/dose_window/pass_at_2,1.0,eval_dump
easy,eval,8,eval/archetype/dose_window/recompute_matches,True,eval_dump
easy,eval,8,eval/archetype/dose_window/recomputed_avg_score,0.3027722222222222,eval_dump
easy,eval,8,eval/archetype/dose_window/score,0.3027722222222222,eval_dump
easy,eval,8,eval/archetype/dose_window/truncated,0.0,eval_dump
easy,eval,8,eval/archetype/dose_window/turns,6.7,eval_dump
easy,eval,8,eval/archetype/hidden_subtype/avg_score,0.1204142857142857,eval_dump
easy,eval,8,eval/archetype/hidden_subtype/episodes,10.0,eval_dump
easy,eval,8,eval/archetype/hidden_subtype/mean_positive_reward,0.1204142857142857,eval_dump
easy,eval,8,eval/archetype/hidden_subtype/n_episodes,10,eval_dump
easy,eval,8,eval/archetype/hidden_subtype/part_a,0.06620000000000001,eval_dump
easy,eval,8,eval/archetype/hidden_subtype/part_b,0.1782,eval_dump
easy,eval,8,eval/archetype/hidden_subtype/pass_at_2,0.6,eval_dump
easy,eval,8,eval/archetype/hidden_subtype/recompute_matches,True,eval_dump
easy,eval,8,eval/archetype/hidden_subtype/recomputed_avg_score,0.1204142857142857,eval_dump
easy,eval,8,eval/archetype/hidden_subtype/score,0.1204142857142857,eval_dump
easy,eval,8,eval/archetype/hidden_subtype/truncated,0.3,eval_dump
easy,eval,8,eval/archetype/hidden_subtype/turns,5.1,eval_dump
easy,eval,8,eval/archetype/instrument_only/avg_score,0.1974333333333333,eval_dump
easy,eval,8,eval/archetype/instrument_only/episodes,10.0,eval_dump
easy,eval,8,eval/archetype/instrument_only/mean_positive_reward,0.1974333333333333,eval_dump
easy,eval,8,eval/archetype/instrument_only/n_episodes,10,eval_dump
easy,eval,8,eval/archetype/instrument_only/part_a,0.174,eval_dump
easy,eval,8,eval/archetype/instrument_only/part_b,0.2292,eval_dump
easy,eval,8,eval/archetype/instrument_only/pass_at_2,1.0,eval_dump
easy,eval,8,eval/archetype/instrument_only/recompute_matches,True,eval_dump
easy,eval,8,eval/archetype/instrument_only/recomputed_avg_score,0.19743333333333332,eval_dump
easy,eval,8,eval/archetype/instrument_only/score,0.19743333333333332,eval_dump
easy,eval,8,eval/archetype/instrument_only/truncated,0.4,eval_dump
easy,eval,8,eval/archetype/instrument_only/turns,6.5,eval_dump
easy,eval,8,eval/archetype/surrogate_trap/avg_score,0.3348119047619048,eval_dump
easy,eval,8,eval/archetype/surrogate_trap/episodes,10.0,eval_dump
easy,eval,8,eval/archetype/surrogate_trap/mean_positive_reward,0.3348119047619048,eval_dump
easy,eval,8,eval/archetype/surrogate_trap/n_episodes,10,eval_dump
easy,eval,8,eval/archetype/surrogate_trap/part_a,0.4048,eval_dump
easy,eval,8,eval/archetype/surrogate_trap/part_b,0.2803,eval_dump
easy,eval,8,eval/archetype/surrogate_trap/pass_at_2,1.0,eval_dump
easy,eval,8,eval/archetype/surrogate_trap/recompute_matches,True,eval_dump
easy,eval,8,eval/archetype/surrogate_trap/recomputed_avg_score,0.3348119047619048,eval_dump
easy,eval,8,eval/archetype/surrogate_trap/score,0.3348119047619048,eval_dump
easy,eval,8,eval/archetype/surrogate_trap/truncated,0.2,eval_dump
easy,eval,8,eval/archetype/surrogate_trap/turns,7.2,eval_dump
easy,eval,8,eval/archetype/synergy_pair/avg_score,0.1947888888888889,eval_dump
easy,eval,8,eval/archetype/synergy_pair/episodes,10.0,eval_dump
easy,eval,8,eval/archetype/synergy_pair/mean_positive_reward,0.1947888888888889,eval_dump
easy,eval,8,eval/archetype/synergy_pair/n_episodes,10,eval_dump
easy,eval,8,eval/archetype/synergy_pair/part_a,0.15560000000000002,eval_dump
easy,eval,8,eval/archetype/synergy_pair/part_b,0.25620000000000004,eval_dump
easy,eval,8,eval/archetype/synergy_pair/pass_at_2,1.0,eval_dump
easy,eval,8,eval/archetype/synergy_pair/recompute_matches,True,eval_dump
easy,eval,8,eval/archetype/synergy_pair/recomputed_avg_score,0.1947888888888889,eval_dump
easy,eval,8,eval/archetype/synergy_pair/score,0.1947888888888889,eval_dump
easy,eval,8,eval/archetype/synergy_pair/truncated,0.2,eval_dump
easy,eval,8,eval/archetype/synergy_pair/turns,6.5,eval_dump
easy,eval,8,eval/rpg_v9_eval_collider_selection/avg_score,0.15883333333333333,wandb_txlog
easy,eval,8,eval/rpg_v9_eval_collider_selection/avg_score,0.15883333333333333,eval_dump
easy,eval,8,eval/rpg_v9_eval_collider_selection/mean_positive_reward,0.15883333333333333,wandb_txlog
easy,eval,8,eval/rpg_v9_eval_collider_selection/mean_positive_reward,0.15883333333333333,eval_dump
easy,eval,8,eval/rpg_v9_eval_collider_selection/pass_at_2,1,wandb_txlog
easy,eval,8,eval/rpg_v9_eval_collider_selection/pass_at_2,1.0,eval_dump
easy,eval,8,eval/rpg_v9_eval_competing_causes/avg_score,0.155875,wandb_txlog
easy,eval,8,eval/rpg_v9_eval_competing_causes/avg_score,0.155875,eval_dump
easy,eval,8,eval/rpg_v9_eval_competing_causes/mean_positive_reward,0.155875,wandb_txlog
easy,eval,8,eval/rpg_v9_eval_competing_causes/mean_positive_reward,0.155875,eval_dump
easy,eval,8,eval/rpg_v9_eval_competing_causes/pass_at_2,0.8,wandb_txlog
easy,eval,8,eval/rpg_v9_eval_competing_causes/pass_at_2,0.8,eval_dump
easy,eval,8,eval/rpg_v9_eval_confounded_chain/avg_score,0.5009666666666667,wandb_txlog
easy,eval,8,eval/rpg_v9_eval_confounded_chain/avg_score,0.5009666666666667,eval_dump
easy,eval,8,eval/rpg_v9_eval_confounded_chain/mean_positive_reward,0.5009666666666667,wandb_txlog
easy,eval,8,eval/rpg_v9_eval_confounded_chain/mean_positive_reward,0.5009666666666667,eval_dump
easy,eval,8,eval/rpg_v9_eval_confounded_chain/pass_at_2,1,wandb_txlog
easy,eval,8,eval/rpg_v9_eval_confounded_chain/pass_at_2,1.0,eval_dump
easy,eval,8,eval/rpg_v9_eval_confounded_reversal/avg_score,0.29919444444444443,wandb_txlog
easy,eval,8,eval/rpg_v9_eval_confounded_reversal/avg_score,0.29919444444444443,eval_dump
easy,eval,8,eval/rpg_v9_eval_confounded_reversal/mean_positive_reward,0.29919444444444443,wandb_txlog
easy,eval,8,eval/rpg_v9_eval_confounded_reversal/mean_positive_reward,0.29919444444444443,eval_dump
easy,eval,8,eval/rpg_v9_eval_confounded_reversal/pass_at_2,1,wandb_txlog
easy,eval,8,eval/rpg_v9_eval_confounded_reversal/pass_at_2,1.0,eval_dump
easy,eval,8,eval/rpg_v9_eval_dose_window/avg_score,0.3027722222222222,wandb_txlog
easy,eval,8,eval/rpg_v9_eval_dose_window/avg_score,0.3027722222222222,eval_dump
easy,eval,8,eval/rpg_v9_eval_dose_window/mean_positive_reward,0.3027722222222222,wandb_txlog
easy,eval,8,eval/rpg_v9_eval_dose_window/mean_positive_reward,0.3027722222222222,eval_dump
easy,eval,8,eval/rpg_v9_eval_dose_window/pass_at_2,1,wandb_txlog
easy,eval,8,eval/rpg_v9_eval_dose_window/pass_at_2,1.0,eval_dump
easy,eval,8,eval/rpg_v9_eval_hidden_subtype/avg_score,0.1204142857142857,wandb_txlog
easy,eval,8,eval/rpg_v9_eval_hidden_subtype/avg_score,0.1204142857142857,eval_dump
easy,eval,8,eval/rpg_v9_eval_hidden_subtype/mean_positive_reward,0.1204142857142857,wandb_txlog
easy,eval,8,eval/rpg_v9_eval_hidden_subtype/mean_positive_reward,0.1204142857142857,eval_dump
easy,eval,8,eval/rpg_v9_eval_hidden_subtype/pass_at_2,0.6,wandb_txlog
easy,eval,8,eval/rpg_v9_eval_hidden_subtype/pass_at_2,0.6,eval_dump
easy,eval,8,eval/rpg_v9_eval_instrument_only/avg_score,0.1974333333333333,wandb_txlog
easy,eval,8,eval/rpg_v9_eval_instrument_only/avg_score,0.1974333333333333,eval_dump
easy,eval,8,eval/rpg_v9_eval_instrument_only/mean_positive_reward,0.1974333333333333,wandb_txlog
easy,eval,8,eval/rpg_v9_eval_instrument_only/mean_positive_reward,0.1974333333333333,eval_dump
easy,eval,8,eval/rpg_v9_eval_instrument_only/pass_at_2,1,wandb_txlog
easy,eval,8,eval/rpg_v9_eval_instrument_only/pass_at_2,1.0,eval_dump
easy,eval,8,eval/rpg_v9_eval_surrogate_trap/avg_score,0.3348119047619048,wandb_txlog
easy,eval,8,eval/rpg_v9_eval_surrogate_trap/avg_score,0.3348119047619048,eval_dump
easy,eval,8,eval/rpg_v9_eval_surrogate_trap/mean_positive_reward,0.3348119047619048,wandb_txlog
easy,eval,8,eval/rpg_v9_eval_surrogate_trap/mean_positive_reward,0.3348119047619048,eval_dump
easy,eval,8,eval/rpg_v9_eval_surrogate_trap/pass_at_2,1,wandb_txlog
easy,eval,8,eval/rpg_v9_eval_surrogate_trap/pass_at_2,1.0,eval_dump
easy,eval,8,eval/rpg_v9_eval_synergy_pair/avg_score,0.1947888888888889,wandb_txlog
easy,eval,8,eval/rpg_v9_eval_synergy_pair/avg_score,0.1947888888888889,eval_dump
easy,eval,8,eval/rpg_v9_eval_synergy_pair/mean_positive_reward,0.1947888888888889,wandb_txlog
easy,eval,8,eval/rpg_v9_eval_synergy_pair/mean_positive_reward,0.1947888888888889,eval_dump
easy,eval,8,eval/rpg_v9_eval_synergy_pair/pass_at_2,1,wandb_txlog
easy,eval,8,eval/rpg_v9_eval_synergy_pair/pass_at_2,1.0,eval_dump
easy,train,1,policy/final_loss,0.04646918177604675,train_log
easy,train,1,policy/grad_norm,0.008149723522365093,train_log
easy,train,1,policy/loss_metrics/clip_ratio,0.0,train_log
easy,train,1,policy/minibatch_rollout_logprobs_abs_diff_max,9.601690292358398,train_log
easy,train,1,policy/minibatch_rollout_logprobs_abs_diff_mean,0.09000074863433838,train_log
easy,train,1,policy/minibatch_rollout_logprobs_abs_diff_min,0.0,train_log
easy,train,1,policy/minibatch_rollout_logprobs_abs_diff_std,0.18285106669309192,train_log
easy,train,1,policy/num_microbatches,128.0,train_log
easy,train,1,policy/num_padding_microbatches,0.0,train_log
easy,train,1,policy/policy_entropy,0.7378841042518616,train_log
easy,train,1,policy/policy_loss,0.04646918177604675,train_log
easy,train,1,policy/policy_lr,0.0,train_log
easy,train,1,policy/response_length,24076.0,train_log
easy,train,1,reward/avg_pass_at_8,1.0,train_log
easy,train,1,reward/avg_raw_reward,0.26235241234459983,train_log
easy,train,1,reward/frac_nondegenerate_groups,1.0,train_log
easy,train,1,reward/group_reward_mean,0.2624,train_log
easy,train,1,reward/group_reward_var,0.0635,train_log
easy,train,1,reward/mean_positive_reward,0.263425701035076,train_log
easy,train,1,reward/num_groups,32.0,train_log
easy,train,1,timing/compute_advantages_and_returns,0.05,train_log
easy,train,1,timing/convert_to_training_input,66.45,train_log
easy,train,1,timing/fwd_logprobs_values_reward,343.73,train_log
easy,train,1,timing/generate,1669.95,train_log
easy,train,1,timing/log_train_results,0.0,train_log
easy,train,1,timing/policy_train,1009.11,train_log
easy,train,1,timing/postprocess_generator_output,0.2,train_log
easy,train,1,timing/step,3099.51,train_log
easy,train,1,timing/sync_weights,9.2,train_log
easy,train,1,timing/train_critic_and_policy,1009.55,train_log
easy,train,2,policy/final_loss,0.05448600649833679,train_log
easy,train,2,policy/grad_norm,0.008994875475764275,train_log
easy,train,2,policy/loss_metrics/clip_ratio,0.0,train_log
easy,train,2,policy/minibatch_rollout_logprobs_abs_diff_max,10.03126049041748,train_log
easy,train,2,policy/minibatch_rollout_logprobs_abs_diff_mean,0.08969652652740479,train_log
easy,train,2,policy/minibatch_rollout_logprobs_abs_diff_min,0.0,train_log
easy,train,2,policy/minibatch_rollout_logprobs_abs_diff_std,0.18131023458149464,train_log
easy,train,2,policy/num_microbatches,128.0,train_log
easy,train,2,policy/num_padding_microbatches,0.0,train_log
easy,train,2,policy/policy_entropy,0.7494747638702393,train_log
easy,train,2,policy/policy_loss,0.05448600649833679,train_log
easy,train,2,policy/policy_lr,4.999999873689376e-06,train_log
easy,train,2,policy/response_length,25193.0,train_log
easy,train,2,reward/avg_pass_at_8,1.0,train_log
easy,train,2,reward/avg_raw_reward,0.28472497171140265,train_log
easy,train,2,reward/frac_nondegenerate_groups,1.0,train_log
easy,train,2,reward/group_reward_mean,0.2847,train_log
easy,train,2,reward/group_reward_var,0.066,train_log
easy,train,2,reward/mean_positive_reward,0.2856380956967922,train_log
easy,train,2,reward/num_groups,32.0,train_log
easy,train,2,timing/cleanup_old_checkpoints,6.89,train_log
easy,train,2,timing/compute_advantages_and_returns,0.06,train_log
easy,train,2,timing/convert_to_training_input,26.66,train_log
easy,train,2,timing/dump_eval_results,0.31,train_log
easy,train,2,timing/eval,785.17,train_log
easy,train,2,timing/fwd_logprobs_values_reward,485.36,train_log
easy,train,2,timing/generate,1854.67,train_log
easy,train,2,timing/log_eval_results,0.0,train_log
easy,train,2,timing/log_train_results,0.0,train_log
easy,train,2,timing/policy_train,1074.69,train_log
easy,train,2,timing/postprocess_generator_output,0.21,train_log
easy,train,2,timing/save_checkpoints,68.51,train_log
easy,train,2,timing/step,3513.97,train_log
easy,train,2,timing/sync_weights,3.14,train_log
easy,train,2,timing/train_critic_and_policy,1075.03,train_log
easy,train,3,policy/final_loss,0.045654281973838806,train_log
easy,train,3,policy/grad_norm,0.007341907359659672,train_log
easy,train,3,policy/loss_metrics/clip_ratio,0.0,train_log
easy,train,3,policy/minibatch_rollout_logprobs_abs_diff_max,9.550612449645996,train_log
easy,train,3,policy/minibatch_rollout_logprobs_abs_diff_mean,0.08789719641208649,train_log
easy,train,3,policy/minibatch_rollout_logprobs_abs_diff_min,0.0,train_log
easy,train,3,policy/minibatch_rollout_logprobs_abs_diff_std,0.17905635398660955,train_log
easy,train,3,policy/num_microbatches,128.0,train_log
easy,train,3,policy/num_padding_microbatches,0.0,train_log
easy,train,3,policy/policy_entropy,0.740462064743042,train_log
easy,train,3,policy/policy_loss,0.045654281973838806,train_log
easy,train,3,policy/policy_lr,9.999999747378752e-06,train_log
easy,train,3,policy/response_length,25508.0,train_log
easy,train,3,reward/avg_pass_at_8,1.0,train_log
easy,train,3,reward/avg_raw_reward,0.23961417597728116,train_log
easy,train,3,reward/frac_nondegenerate_groups,1.0,train_log
easy,train,3,reward/group_reward_mean,0.2396,train_log
easy,train,3,reward/group_reward_var,0.0503,train_log
easy,train,3,reward/mean_positive_reward,0.24030857110038722,train_log
easy,train,3,reward/num_groups,32.0,train_log
easy,train,3,timing/cleanup_old_checkpoints,0.02,train_log
easy,train,3,timing/compute_advantages_and_returns,0.05,train_log
easy,train,3,timing/convert_to_training_input,77.09,train_log
easy,train,3,timing/fwd_logprobs_values_reward,294.81,train_log
easy,train,3,timing/generate,1796.93,train_log
easy,train,3,timing/log_train_results,0.0,train_log
easy,train,3,timing/policy_train,1324.24,train_log
easy,train,3,timing/postprocess_generator_output,0.22,train_log
easy,train,3,timing/save_checkpoints,49.06,train_log
easy,train,3,timing/step,3545.77,train_log
easy,train,3,timing/sync_weights,2.59,train_log
easy,train,3,timing/train_critic_and_policy,1324.7,train_log
easy,train,4,policy/final_loss,0.059374064207077026,train_log
easy,train,4,policy/grad_norm,0.009388868696987629,train_log
easy,train,4,policy/loss_metrics/clip_ratio,0.0,train_log
easy,train,4,policy/minibatch_rollout_logprobs_abs_diff_max,9.31297779083252,train_log
easy,train,4,policy/minibatch_rollout_logprobs_abs_diff_mean,0.08892938494682312,train_log
easy,train,4,policy/minibatch_rollout_logprobs_abs_diff_min,0.0,train_log
easy,train,4,policy/minibatch_rollout_logprobs_abs_diff_std,0.18170646282791675,train_log
easy,train,4,policy/num_microbatches,128.0,train_log
easy,train,4,policy/num_padding_microbatches,0.0,train_log
easy,train,4,policy/policy_entropy,0.7359473705291748,train_log
easy,train,4,policy/policy_loss,0.059374064207077026,train_log
easy,train,4,policy/policy_lr,9.999999747378752e-06,train_log
easy,train,4,policy/response_length,24385.0,train_log
easy,train,4,reward/avg_pass_at_8,1.0,train_log
easy,train,4,reward/avg_raw_reward,0.24490013404564187,train_log
easy,train,4,reward/frac_nondegenerate_groups,1.0,train_log
easy,train,4,reward/group_reward_mean,0.2449,train_log
easy,train,4,reward/group_reward_var,0.066,train_log
easy,train,4,reward/mean_positive_reward,0.24517017682837994,train_log
easy,train,4,reward/num_groups,32.0,train_log
easy,train,4,timing/cleanup_old_checkpoints,0.02,train_log
easy,train,4,timing/compute_advantages_and_returns,0.07,train_log
easy,train,4,timing/convert_to_training_input,17.55,train_log
easy,train,4,timing/dump_eval_results,0.31,train_log
easy,train,4,timing/eval,958.75,train_log
easy,train,4,timing/fwd_logprobs_values_reward,266.86,train_log
easy,train,4,timing/generate,2447.9,train_log
easy,train,4,timing/log_eval_results,0.0,train_log
easy,train,4,timing/log_train_results,0.0,train_log
easy,train,4,timing/policy_train,1689.09,train_log
easy,train,4,timing/postprocess_generator_output,0.23,train_log
easy,train,4,timing/save_checkpoints,84.56,train_log
easy,train,4,timing/step,4511.54,train_log
easy,train,4,timing/sync_weights,4.64,train_log
easy,train,4,timing/train_critic_and_policy,1689.42,train_log
easy,train,5,policy/final_loss,0.05591538920998573,train_log
easy,train,5,policy/grad_norm,0.009146333672106266,train_log
easy,train,5,policy/loss_metrics/clip_ratio,0.0,train_log
easy,train,5,policy/minibatch_rollout_logprobs_abs_diff_max,9.022736549377441,train_log
easy,train,5,policy/minibatch_rollout_logprobs_abs_diff_mean,0.0888475552201271,train_log
easy,train,5,policy/minibatch_rollout_logprobs_abs_diff_min,0.0,train_log
easy,train,5,policy/minibatch_rollout_logprobs_abs_diff_std,0.18102597825549382,train_log
easy,train,5,policy/num_microbatches,128.0,train_log
easy,train,5,policy/num_padding_microbatches,0.0,train_log
easy,train,5,policy/policy_entropy,0.722500205039978,train_log
easy,train,5,policy/policy_loss,0.05591538920998573,train_log
easy,train,5,policy/policy_lr,9.999999747378752e-06,train_log
easy,train,5,policy/response_length,23909.0,train_log
easy,train,5,reward/avg_pass_at_8,1.0,train_log
easy,train,5,reward/avg_raw_reward,0.2690967656092886,train_log
easy,train,5,reward/frac_nondegenerate_groups,1.0,train_log
easy,train,5,reward/group_reward_mean,0.2691,train_log
easy,train,5,reward/group_reward_var,0.0552,train_log
easy,train,5,reward/mean_positive_reward,0.2692633237690108,train_log
easy,train,5,reward/num_groups,32.0,train_log
easy,train,5,timing/compute_advantages_and_returns,0.04,train_log
easy,train,5,timing/convert_to_training_input,0.31,train_log
easy,train,5,timing/fwd_logprobs_values_reward,568.58,train_log
easy,train,5,timing/generate,2841.26,train_log
easy,train,5,timing/log_train_results,0.0,train_log
easy,train,5,timing/policy_train,1735.81,train_log
easy,train,5,timing/postprocess_generator_output,0.2,train_log
easy,train,5,timing/step,5152.39,train_log
easy,train,5,timing/sync_weights,5.58,train_log
easy,train,5,timing/train_critic_and_policy,1736.14,train_log
easy,train,6,policy/final_loss,0.05657866597175598,train_log
easy,train,6,policy/grad_norm,0.009079651907086372,train_log
easy,train,6,policy/loss_metrics/clip_ratio,0.0,train_log
easy,train,6,policy/minibatch_rollout_logprobs_abs_diff_max,9.366060256958008,train_log
easy,train,6,policy/minibatch_rollout_logprobs_abs_diff_mean,0.08901657164096832,train_log
easy,train,6,policy/minibatch_rollout_logprobs_abs_diff_min,0.0,train_log
easy,train,6,policy/minibatch_rollout_logprobs_abs_diff_std,0.18197282399156664,train_log
easy,train,6,policy/num_microbatches,128.0,train_log
easy,train,6,policy/num_padding_microbatches,0.0,train_log
easy,train,6,policy/policy_entropy,0.7354955673217773,train_log
easy,train,6,policy/policy_loss,0.05657866597175598,train_log
easy,train,6,policy/policy_lr,9.999999747378752e-06,train_log
easy,train,6,policy/response_length,25348.0,train_log
easy,train,6,reward/avg_pass_at_8,1.0,train_log
easy,train,6,reward/avg_raw_reward,0.26969224427110394,train_log
easy,train,6,reward/frac_nondegenerate_groups,1.0,train_log
easy,train,6,reward/group_reward_mean,0.2697,train_log
easy,train,6,reward/group_reward_var,0.0688,train_log
easy,train,6,reward/mean_positive_reward,0.269887556771104,train_log
easy,train,6,reward/num_groups,32.0,train_log
easy,train,6,timing/cleanup_old_checkpoints,0.02,train_log
easy,train,6,timing/compute_advantages_and_returns,0.05,train_log
easy,train,6,timing/convert_to_training_input,0.33,train_log
easy,train,6,timing/dump_eval_results,0.27,train_log
easy,train,6,timing/eval,987.65,train_log
easy,train,6,timing/fwd_logprobs_values_reward,594.74,train_log
easy,train,6,timing/generate,2853.68,train_log
easy,train,6,timing/log_eval_results,0.0,train_log
easy,train,6,timing/log_train_results,0.0,train_log
easy,train,6,timing/policy_train,1870.22,train_log
easy,train,6,timing/postprocess_generator_output,0.2,train_log
easy,train,6,timing/save_checkpoints,55.27,train_log
easy,train,6,timing/step,5379.34,train_log
easy,train,6,timing/sync_weights,4.14,train_log
easy,train,6,timing/train_critic_and_policy,1870.57,train_log
easy,train,7,_runtime,33354.349285862,wandb_txlog
easy,train,7,_step,7,wandb_txlog
easy,train,7,_timestamp,1788470971.944798,wandb_txlog
easy,train,7,environment/accepted,0.00390625,wandb_txlog
easy,train,7,environment/archetype/dose_window/episodes,256,wandb_txlog
easy,train,7,environment/archetype/dose_window/part_a,0.2885234375,wandb_txlog
easy,train,7,environment/archetype/dose_window/part_b,0.2635,wandb_txlog
easy,train,7,environment/archetype/dose_window/score,0.2673451471545146,wandb_txlog
easy,train,7,environment/archetype/dose_window/truncated,0.265625,wandb_txlog
easy,train,7,environment/archetype/dose_window/turns,6.015625,wandb_txlog
easy,train,7,environment/completed,0.734375,wandb_txlog
easy,train,7,environment/forced_no_answer,0,wandb_txlog
easy,train,7,environment/interventions,2.3671875,wandb_txlog
easy,train,7,environment/invalid_id_fraction,0.034666286381941774,wandb_txlog
easy,train,7,environment/parse_failures,0.17578125,wandb_txlog
easy,train,7,environment/part_a,0.2885234375,wandb_txlog
easy,train,7,environment/part_b,0.2635,wandb_txlog
easy,train,7,environment/queries_used,3.74609375,wandb_txlog
easy,train,7,environment/reward_error,0,wandb_txlog
easy,train,7,environment/score,0.2673451471545146,wandb_txlog
easy,train,7,environment/truncated,0.265625,wandb_txlog
easy,train,7,environment/turns,6.015625,wandb_txlog
easy,train,7,generate/avg_assistant_tokens,10010.31640625,wandb_txlog
easy,train,7,generate/avg_num_tokens,12874.46484375,wandb_txlog
easy,train,7,generate/avg_tokens_non_zero_rewards,10571.098360655738,wandb_txlog
easy,train,7,generate/avg_tokens_zero_rewards,18744.277777777777,wandb_txlog
easy,train,7,generate/batch_num_seq,256,wandb_txlog
easy,train,7,generate/batch_padded_seq_len,25661,wandb_txlog
easy,train,7,generate/max_assistant_tokens,22594,wandb_txlog
easy,train,7,generate/max_num_tokens,24572,wandb_txlog
easy,train,7,generate/min_assistant_tokens,2505,wandb_txlog
easy,train,7,generate/min_num_tokens,3540,wandb_txlog
easy,train,7,generate/std_assistant_tokens,5044.494184322977,wandb_txlog
easy,train,7,generate/std_num_tokens,4970.81797912341,wandb_txlog
easy,train,7,generate/tokens_per_turn_max,8192,wandb_txlog
easy,train,7,generate/tokens_per_turn_mean,1664.0525974025975,wandb_txlog
easy,train,7,generate/tokens_per_turn_std,1761.5241711867232,wandb_txlog
easy,train,7,generate/trajectory_time_completion_max,1812.8629996418022,wandb_txlog
easy,train,7,generate/trajectory_time_completion_mean,1455.92628330154,wandb_txlog
easy,train,7,generate/trajectory_time_completion_p90,1725.3888216470368,wandb_txlog
easy,train,7,generate/trajectory_time_env_max,32.932220961898565,wandb_txlog
easy,train,7,generate/trajectory_time_env_mean,1.2763905772699218,wandb_txlog
easy,train,7,generate/trajectory_time_env_p90,3.4343279721215367,wandb_txlog
easy,train,7,generate/trajectory_time_llm_max,1718.5819225781597,wandb_txlog
easy,train,7,generate/trajectory_time_llm_mean,1384.2313369622098,wandb_txlog
easy,train,7,generate/trajectory_time_llm_p90,1646.7013050301466,wandb_txlog
easy,train,7,generate/trajectory_time_other_max,139.86141348117962,wandb_txlog
easy,train,7,generate/trajectory_time_other_mean,70.41855576206035,wandb_txlog
easy,train,7,generate/trajectory_time_other_p90,126.0866872065235,wandb_txlog
easy,train,7,loss/avg_final_rewards,0.2673451602458954,wandb_txlog
easy,train,7,loss/avg_raw_advantages,-0.054397352039813995,wandb_txlog
easy,train,7,loss/avg_raw_advantages_abs,0.22317281365394592,wandb_txlog
easy,train,7,policy/final_loss,0.07152619957923889,train_log
easy,train,7,policy/final_loss,0.07152619957923889,wandb_txlog
easy,train,7,policy/grad_norm,0.011495385318994522,train_log
easy,train,7,policy/grad_norm,0.011495385318994522,wandb_txlog
easy,train,7,policy/loss_metrics/clip_ratio,0.0,train_log
easy,train,7,policy/loss_metrics/clip_ratio,0,wandb_txlog
easy,train,7,policy/minibatch_rollout_logprobs_abs_diff_max,13.074170112609863,train_log
easy,train,7,policy/minibatch_rollout_logprobs_abs_diff_max,13.074170112609863,wandb_txlog
easy,train,7,policy/minibatch_rollout_logprobs_abs_diff_mean,0.08860449492931366,train_log
easy,train,7,policy/minibatch_rollout_logprobs_abs_diff_mean,0.08860449492931366,wandb_txlog
easy,train,7,policy/minibatch_rollout_logprobs_abs_diff_min,0.0,train_log
easy,train,7,policy/minibatch_rollout_logprobs_abs_diff_min,0,wandb_txlog
easy,train,7,policy/minibatch_rollout_logprobs_abs_diff_std,0.1821310395344237,train_log
easy,train,7,policy/minibatch_rollout_logprobs_abs_diff_std,0.1821310395344237,wandb_txlog
easy,train,7,policy/num_microbatches,128.0,train_log
easy,train,7,policy/num_microbatches,128,wandb_txlog
easy,train,7,policy/num_padding_microbatches,0.0,train_log
easy,train,7,policy/num_padding_microbatches,0,wandb_txlog
easy,train,7,policy/policy_entropy,0.7166014313697815,train_log
easy,train,7,policy/policy_entropy,0.7166014313697815,wandb_txlog
easy,train,7,policy/policy_loss,0.07152619957923889,train_log
easy,train,7,policy/policy_loss,0.07152619957923889,wandb_txlog
easy,train,7,policy/policy_lr,9.999999747378752e-06,train_log
easy,train,7,policy/policy_lr,9.999999747378752e-06,wandb_txlog
easy,train,7,policy/response_length,24572.0,train_log
easy,train,7,policy/response_length,24572,wandb_txlog
easy,train,7,policy/rollout_train_logprobs_abs_diff_max,13.074170112609863,wandb_txlog
easy,train,7,policy/rollout_train_logprobs_abs_diff_mean,0.08478175848722458,wandb_txlog
easy,train,7,policy/rollout_train_logprobs_abs_diff_min,0,wandb_txlog
easy,train,7,policy/rollout_train_logprobs_abs_diff_std,0.1726355105638504,wandb_txlog
easy,train,7,reward/avg_pass_at_8,1.0,train_log
easy,train,7,reward/avg_pass_at_8,1,wandb_txlog
easy,train,7,reward/avg_raw_reward,0.2673451471545145,train_log
easy,train,7,reward/avg_raw_reward,0.2673451471545145,wandb_txlog
easy,train,7,reward/frac_nondegenerate_groups,1.0,train_log
easy,train,7,reward/frac_nondegenerate_groups,1,wandb_txlog
easy,train,7,reward/group_reward_mean,0.2673,train_log
easy,train,7,reward/group_reward_mean,0.2673451471545146,wandb_txlog
easy,train,7,reward/group_reward_var,0.0658,train_log
easy,train,7,reward/group_reward_var,0.0657801800849803,wandb_txlog
easy,train,7,reward/group_reward_var_between,0.012796090665952472,wandb_txlog
easy,train,7,reward/group_reward_var_max,0.128082125,wandb_txlog
easy,train,7,reward/group_reward_var_min,0.004071267223324515,wandb_txlog
easy,train,7,reward/group_size_max,8,wandb_txlog
easy,train,7,reward/group_size_min,8,wandb_txlog
easy,train,7,reward/mean_positive_reward,0.26742435722395896,train_log
easy,train,7,reward/mean_positive_reward,0.26742435722395896,wandb_txlog
easy,train,7,reward/num_groups,32.0,train_log
easy,train,7,reward/num_groups,32,wandb_txlog
easy,train,7,timing/compute_advantages_and_returns,0.04,train_log
easy,train,7,timing/compute_advantages_and_returns,0.044199228286743164,wandb_txlog
easy,train,7,timing/convert_to_training_input,0.31,train_log
easy,train,7,timing/convert_to_training_input,0.3135068416595459,wandb_txlog
easy,train,7,timing/fwd_logprobs_values_reward,259.78,train_log
easy,train,7,timing/fwd_logprobs_values_reward,259.78344321250916,wandb_txlog
easy,train,7,timing/generate,1861.39,train_log
easy,train,7,timing/generate,1861.3922946453094,wandb_txlog
easy,train,7,timing/log_train_results,0.0,train_log
easy,train,7,timing/policy_train,851.18,train_log
easy,train,7,timing/policy_train,851.1767053604126,wandb_txlog
easy,train,7,timing/postprocess_generator_output,0.23,train_log
easy,train,7,timing/postprocess_generator_output,0.2334733009338379,wandb_txlog
easy,train,7,timing/step,2976.37,train_log
easy,train,7,timing/step,2976.37073302269,wandb_txlog
easy,train,7,timing/sync_weights,2.81,train_log
easy,train,7,timing/sync_weights,2.805905818939209,wandb_txlog
easy,train,7,timing/train_critic_and_policy,851.51,train_log
easy,train,7,timing/train_critic_and_policy,851.5086777210236,wandb_txlog
easy,train,7,trainer/epoch,2,wandb_txlog
easy,train,7,trainer/global_step,7,wandb_txlog
easy,train,7,trainer/tokens_per_second_per_gpu,2104.034341487916,wandb_txlog
easy,train,8,_runtime,36618.527547183,wandb_txlog
easy,train,8,_step,8,wandb_txlog
easy,train,8,_timestamp,1788474236.1233547,wandb_txlog
easy,train,8,environment/accepted,0.00390625,wandb_txlog
easy,train,8,environment/archetype/dose_window/episodes,256,wandb_txlog
easy,train,8,environment/archetype/dose_window/part_a,0.3083359375,wandb_txlog
easy,train,8,environment/archetype/dose_window/part_b,0.27265625,wandb_txlog
easy,train,8,environment/archetype/dose_window/score,0.2810713848868146,wandb_txlog
easy,train,8,environment/archetype/dose_window/truncated,0.234375,wandb_txlog
easy,train,8,environment/archetype/dose_window/turns,6.01953125,wandb_txlog
easy,train,8,environment/completed,0.765625,wandb_txlog
easy,train,8,environment/forced_no_answer,0,wandb_txlog
easy,train,8,environment/interventions,2.5859375,wandb_txlog
easy,train,8,environment/invalid_id_fraction,0.037698835452741705,wandb_txlog
easy,train,8,environment/parse_failures,0.1328125,wandb_txlog
easy,train,8,environment/part_a,0.3083359375,wandb_txlog
easy,train,8,environment/part_b,0.27265625,wandb_txlog
easy,train,8,environment/queries_used,4.0078125,wandb_txlog
easy,train,8,environment/reward_error,0,wandb_txlog
easy,train,8,environment/score,0.2810713848868146,wandb_txlog
easy,train,8,environment/truncated,0.234375,wandb_txlog
easy,train,8,environment/turns,6.01953125,wandb_txlog
easy,train,8,generate/avg_assistant_tokens,9867.90234375,wandb_txlog
easy,train,8,generate/avg_num_tokens,12679.84765625,wandb_txlog
easy,train,8,generate/avg_tokens_non_zero_rewards,10660.77659574468,wandb_txlog
easy,train,8,generate/avg_tokens_zero_rewards,18844.825396825396,wandb_txlog
easy,train,8,generate/batch_num_seq,256,wandb_txlog
easy,train,8,generate/batch_padded_seq_len,26517,wandb_txlog
easy,train,8,generate/max_assistant_tokens,24202,wandb_txlog
easy,train,8,generate/max_num_tokens,25409,wandb_txlog
easy,train,8,generate/min_assistant_tokens,2678,wandb_txlog
easy,train,8,generate/min_num_tokens,4139,wandb_txlog
easy,train,8,generate/std_assistant_tokens,4883.686192857503,wandb_txlog
easy,train,8,generate/std_num_tokens,4751.795825436435,wandb_txlog
easy,train,8,generate/tokens_per_turn_max,8192,wandb_txlog
easy,train,8,generate/tokens_per_turn_mean,1639.3140817650876,wandb_txlog
easy,train,8,generate/tokens_per_turn_std,1757.5067899718515,wandb_txlog
easy,train,8,generate/trajectory_time_completion_max,1521.5203649150208,wandb_txlog
easy,train,8,generate/trajectory_time_completion_mean,1195.7456491022203,wandb_txlog
easy,train,8,generate/trajectory_time_completion_p90,1425.1771834020037,wandb_txlog
easy,train,8,generate/trajectory_time_env_max,31.070616682525724,wandb_txlog
easy,train,8,generate/trajectory_time_env_mean,1.0285964376053016,wandb_txlog
easy,train,8,generate/trajectory_time_env_p90,2.75623187283054,wandb_txlog
easy,train,8,generate/trajectory_time_llm_max,1394.9034861209802,wandb_txlog
easy,train,8,generate/trajectory_time_llm_mean,1122.0825468717812,wandb_txlog
easy,train,8,generate/trajectory_time_llm_p90,1345.151957709575,wandb_txlog
easy,train,8,generate/trajectory_time_other_max,144.25740278651938,wandb_txlog
easy,train,8,generate/trajectory_time_other_mean,72.6345057928338,wandb_txlog
easy,train,8,generate/trajectory_time_other_p90,130.00033891946077,wandb_txlog
easy,train,8,loss/avg_final_rewards,0.28107139468193054,wandb_txlog
easy,train,8,loss/avg_raw_advantages,-0.03942760080099106,wandb_txlog
easy,train,8,loss/avg_raw_advantages_abs,0.2149668037891388,wandb_txlog
easy,train,8,policy/final_loss,0.052273623645305634,train_log
easy,train,8,policy/final_loss,0.052273623645305634,wandb_txlog
easy,train,8,policy/grad_norm,0.0096829729154706,train_log
easy,train,8,policy/grad_norm,0.0096829729154706,wandb_txlog
easy,train,8,policy/loss_metrics/clip_ratio,0.0,train_log
easy,train,8,policy/loss_metrics/clip_ratio,0,wandb_txlog
easy,train,8,policy/minibatch_rollout_logprobs_abs_diff_max,13.10935115814209,train_log
easy,train,8,policy/minibatch_rollout_logprobs_abs_diff_max,13.10935115814209,wandb_txlog
easy,train,8,policy/minibatch_rollout_logprobs_abs_diff_mean,0.09037110209465027,train_log
easy,train,8,policy/minibatch_rollout_logprobs_abs_diff_mean,0.09037110209465027,wandb_txlog
easy,train,8,policy/minibatch_rollout_logprobs_abs_diff_min,0.0,train_log
easy,train,8,policy/minibatch_rollout_logprobs_abs_diff_min,0,wandb_txlog
easy,train,8,policy/minibatch_rollout_logprobs_abs_diff_std,0.18322144749749153,train_log
easy,train,8,policy/minibatch_rollout_logprobs_abs_diff_std,0.18322144749749153,wandb_txlog
easy,train,8,policy/num_microbatches,128.0,train_log
easy,train,8,policy/num_microbatches,128,wandb_txlog
easy,train,8,policy/num_padding_microbatches,0.0,train_log
easy,train,8,policy/num_padding_microbatches,0,wandb_txlog
easy,train,8,policy/policy_entropy,0.732893705368042,train_log
easy,train,8,policy/policy_entropy,0.732893705368042,wandb_txlog
easy,train,8,policy/policy_loss,0.052273623645305634,train_log
easy,train,8,policy/policy_loss,0.052273623645305634,wandb_txlog
easy,train,8,policy/policy_lr,9.999999747378752e-06,train_log
easy,train,8,policy/policy_lr,9.999999747378752e-06,wandb_txlog
easy,train,8,policy/response_length,25409.0,train_log
easy,train,8,policy/response_length,25409,wandb_txlog
easy,train,8,policy/rollout_train_logprobs_abs_diff_max,13.10935115814209,wandb_txlog
easy,train,8,policy/rollout_train_logprobs_abs_diff_mean,0.08699707686901093,wandb_txlog
easy,train,8,policy/rollout_train_logprobs_abs_diff_min,0,wandb_txlog
easy,train,8,policy/rollout_train_logprobs_abs_diff_std,0.17478607594966888,wandb_txlog
easy,train,8,reward/avg_pass_at_8,1.0,train_log
easy,train,8,reward/avg_pass_at_8,1,wandb_txlog
easy,train,8,reward/avg_raw_reward,0.2810713848868146,train_log
easy,train,8,reward/avg_raw_reward,0.2810713848868146,wandb_txlog
easy,train,8,reward/frac_nondegenerate_groups,1.0,train_log
easy,train,8,reward/frac_nondegenerate_groups,1,wandb_txlog
easy,train,8,reward/group_reward_mean,0.2811,train_log
easy,train,8,reward/group_reward_mean,0.2810713848868146,wandb_txlog
easy,train,8,reward/group_reward_var,0.0656,train_log
easy,train,8,reward/group_reward_var,0.06556059745194222,wandb_txlog
easy,train,8,reward/group_reward_var_between,0.016893047085232107,wandb_txlog
easy,train,8,reward/group_reward_var_max,0.12674667033179013,wandb_txlog
easy,train,8,reward/group_reward_var_min,0.0125800302734375,wandb_txlog
easy,train,8,reward/group_size_max,8,wandb_txlog
easy,train,8,reward/group_size_min,8,wandb_txlog
easy,train,8,reward/mean_positive_reward,0.2819200571563853,train_log
easy,train,8,reward/mean_positive_reward,0.2819200571563853,wandb_txlog
easy,train,8,reward/num_groups,32.0,train_log
easy,train,8,reward/num_groups,32,wandb_txlog
easy,train,8,timing/cleanup_old_checkpoints,0.01,train_log
easy,train,8,timing/cleanup_old_checkpoints,0.012725591659545898,wandb_txlog
easy,train,8,timing/compute_advantages_and_returns,0.05,train_log
easy,train,8,timing/compute_advantages_and_returns,0.05381512641906738,wandb_txlog
easy,train,8,timing/convert_to_training_input,1.88,train_log
easy,train,8,timing/convert_to_training_input,1.8829772472381592,wandb_txlog
easy,train,8,timing/dump_eval_results,0.3,train_log
easy,train,8,timing/eval,511.99,train_log
easy,train,8,timing/eval,511.9866280555725,wandb_txlog
easy,train,8,timing/eval_generate,486.9159404709935,wandb_txlog
easy,train,8,timing/fwd_logprobs_values_reward,271.96,train_log
easy,train,8,timing/fwd_logprobs_values_reward,271.9585237503052,wandb_txlog
easy,train,8,timing/generate,1540.69,train_log
easy,train,8,timing/generate,1540.6950871944427,wandb_txlog
easy,train,8,timing/log_eval_results,0.0,train_log
easy,train,8,timing/log_train_results,0.0,train_log
easy,train,8,timing/policy_train,871.0,train_log
easy,train,8,timing/policy_train,870.997477054596,wandb_txlog
easy,train,8,timing/postprocess_generator_output,0.21,train_log
easy,train,8,timing/postprocess_generator_output,0.20930719375610352,wandb_txlog
easy,train,8,timing/save_checkpoints,63.28,train_log
easy,train,8,timing/save_checkpoints,63.278759717941284,wandb_txlog
easy,train,8,timing/step,2752.09,train_log
easy,train,8,timing/step,2752.086261034012,wandb_txlog
easy,train,8,timing/sync_weights,2.36,train_log
easy,train,8,timing/sync_weights,2.362975835800171,wandb_txlog
easy,train,8,timing/train_critic_and_policy,871.36,train_log
easy,train,8,timing/train_critic_and_policy,871.3644108772278,wandb_txlog
easy,train,8,trainer/epoch,2,wandb_txlog
easy,train,8,trainer/global_step,8,wandb_txlog
easy,train,8,trainer/tokens_per_second_per_gpu,2028.2633510596916,wandb_txlog
